population_group,measure,location,sex,age,cause,metric,year,val,upper,lower
All Population,Prevalence,New York,Both,<5 years,HIV/AIDS,Percent,1990,0.0004947630174209,0.0007512639003409,0.0003097290816642
All Population,Prevalence,New York,Both,5-9 years,HIV/AIDS,Percent,1990,6.24485921597e-05,9.46454965323e-05,3.82452686588e-05
All Population,Prevalence,New York,Both,10-14 years,HIV/AIDS,Percent,1990,1.2778845134e-06,2.1610935274e-06,7.212428596e-07
All Population,Prevalence,New York,Both,15-19 years,HIV/AIDS,Percent,1990,0.0012228675945474,0.002019484055364,0.0006497188433834
All Population,Prevalence,New York,Both,20-24 years,HIV/AIDS,Percent,1990,0.0067622054260916,0.0103453681032801,0.0039281871045166
All Population,Prevalence,New York,Both,25-29 years,HIV/AIDS,Percent,1990,0.0160626511779017,0.023560675457664,0.0099153831976744
All Population,Prevalence,New York,Both,30-34 years,HIV/AIDS,Percent,1990,0.0218704557773152,0.0309128004811106,0.0141786048933661
All Population,Prevalence,New York,Both,35-39 years,HIV/AIDS,Percent,1990,0.0224865352787165,0.0312634264763451,0.0156150109803558
All Population,Prevalence,New York,Both,40-44 years,HIV/AIDS,Percent,1990,0.0161804624040652,0.0221423988220202,0.0117211542561344
All Population,Prevalence,New York,Both,45-49 years,HIV/AIDS,Percent,1990,0.0096785464642378,0.0127563412860228,0.0070636079605861
All Population,Prevalence,New York,Both,50-54 years,HIV/AIDS,Percent,1990,0.0056382426271225,0.0074893162965675,0.0041926500327252
All Population,Prevalence,New York,Both,55-59 years,HIV/AIDS,Percent,1990,0.0035801960394606,0.004810645579307,0.002591693492
All Population,Prevalence,New York,Both,60-64 years,HIV/AIDS,Percent,1990,0.0020772668038258,0.0028589639743302,0.0014888811166206
All Population,Prevalence,New York,Both,65-69 years,HIV/AIDS,Percent,1990,0.0011577452443163,0.0016012671027532,0.0008431065028027
All Population,Prevalence,New York,Both,70-74 years,HIV/AIDS,Percent,1990,0.0005987867923837,0.0008040309696296,0.0004238364617011
All Population,Prevalence,New York,Both,75-79 years,HIV/AIDS,Percent,1990,0.0005617510499087,0.0008425036094509,0.0003694733395104
All Population,Prevalence,New York,Both,80+ years,HIV/AIDS,Percent,1990,8.07362745786e-05,0.0001244428211726,5.20066988226e-05
All Population,Prevalence,New York,Both,<5 years,Alcohol use disorders,Percent,1990,0.0007140162670362,0.0010616704054708,0.0004349351331735
All Population,Prevalence,New York,Both,5-9 years,Alcohol use disorders,Percent,1990,0.0005986611008717,0.0008878431082708,0.0003804035451594
All Population,Prevalence,New York,Both,10-14 years,Alcohol use disorders,Percent,1990,0.0021094160868243,0.0030488133109221,0.0013084429389133
All Population,Prevalence,New York,Both,15-19 years,Alcohol use disorders,Percent,1990,0.0222725019494706,0.0307241323026608,0.0154027181543827
All Population,Prevalence,New York,Both,20-24 years,Alcohol use disorders,Percent,1990,0.0595327946475651,0.0814098242159607,0.0405870682485995
All Population,Prevalence,New York,Both,25-29 years,Alcohol use disorders,Percent,1990,0.0618648592997882,0.0808695382445157,0.0468389501374872
All Population,Prevalence,New York,Both,30-34 years,Alcohol use disorders,Percent,1990,0.056092076432101,0.0753601355906743,0.0388783054216228
All Population,Prevalence,New York,Both,35-39 years,Alcohol use disorders,Percent,1990,0.0516971921079806,0.0679978059578846,0.0379495651842098
All Population,Prevalence,New York,Both,40-44 years,Alcohol use disorders,Percent,1990,0.0465860075811613,0.0641712065413792,0.0324036568927697
All Population,Prevalence,New York,Both,45-49 years,Alcohol use disorders,Percent,1990,0.0400327050710792,0.0508444052971359,0.0306392180987884
All Population,Prevalence,New York,Both,50-54 years,Alcohol use disorders,Percent,1990,0.0336388021320881,0.044585529036271,0.0243226045748283
All Population,Prevalence,New York,Both,55-59 years,Alcohol use disorders,Percent,1990,0.0286594022290753,0.0364110329639783,0.0222603040904796
All Population,Prevalence,New York,Both,60-64 years,Alcohol use disorders,Percent,1990,0.023640463374271,0.0325930720822976,0.01661504773146
All Population,Prevalence,New York,Both,65-69 years,Alcohol use disorders,Percent,1990,0.0183798587892626,0.0239842195477164,0.0135523805551931
All Population,Prevalence,New York,Both,70-74 years,Alcohol use disorders,Percent,1990,0.0137730723557119,0.0186201327146961,0.009808554399876
All Population,Prevalence,New York,Both,75-79 years,Alcohol use disorders,Percent,1990,0.0114706601888116,0.014972946001836,0.0082496518184018
All Population,Prevalence,New York,Both,80+ years,Alcohol use disorders,Percent,1990,0.0112738152397892,0.0147559334426655,0.0083842304732358
All Population,Prevalence,New York,Both,<5 years,Drug use disorders,Percent,1990,0.0,0.0,0.0
All Population,Prevalence,New York,Both,5-9 years,Drug use disorders,Percent,1990,0.0,0.0,0.0
All Population,Prevalence,New York,Both,10-14 years,Drug use disorders,Percent,1990,0.0047617945137115,0.0088646753679103,0.00178859989765
All Population,Prevalence,New York,Both,15-19 years,Drug use disorders,Percent,1990,0.0592897037315314,0.088847471837476,0.0382671504540277
All Population,Prevalence,New York,Both,20-24 years,Drug use disorders,Percent,1990,0.0674844956099906,0.082950482626451,0.0530265057436836
All Population,Prevalence,New York,Both,25-29 years,Drug use disorders,Percent,1990,0.0539810097189754,0.0648885876056014,0.0439591928737761
All Population,Prevalence,New York,Both,30-34 years,Drug use disorders,Percent,1990,0.0396979072005475,0.0468819431413601,0.0327091678959794
All Population,Prevalence,New York,Both,35-39 years,Drug use disorders,Percent,1990,0.0300981343312021,0.0373305714877923,0.024964998227532
All Population,Prevalence,New York,Both,40-44 years,Drug use disorders,Percent,1990,0.0227077380086626,0.0267692688137836,0.0185861551531847
All Population,Prevalence,New York,Both,45-49 years,Drug use disorders,Percent,1990,0.0167834566191226,0.0206483806312998,0.0135793257962973
All Population,Prevalence,New York,Both,50-54 years,Drug use disorders,Percent,1990,0.012215455713612,0.0147075813399496,0.0099512403521039
All Population,Prevalence,New York,Both,55-59 years,Drug use disorders,Percent,1990,0.0083883440196518,0.0099567177192096,0.0070012991985848
All Population,Prevalence,New York,Both,60-64 years,Drug use disorders,Percent,1990,0.0054954451911856,0.0066216807363446,0.0045167140458436
All Population,Prevalence,New York,Both,65-69 years,Drug use disorders,Percent,1990,0.0038489912791052,0.0046157536927283,0.003173163703654
All Population,Prevalence,New York,Both,70-74 years,Drug use disorders,Percent,1990,0.0028355619273364,0.0034466943755885,0.0023351714051225
All Population,Prevalence,New York,Both,75-79 years,Drug use disorders,Percent,1990,0.0022561282906051,0.0027459794581295,0.0018720448365064
All Population,Prevalence,New York,Both,80+ years,Drug use disorders,Percent,1990,0.0018470533950785,0.0022826376951054,0.0015185938342717
All Population,Prevalence,New York,Both,<5 years,Depressive disorders,Percent,1990,6.0588262355e-06,1.15837894918e-05,2.153827041e-06
All Population,Prevalence,New York,Both,5-9 years,Depressive disorders,Percent,1990,0.0066916413667609,0.0105355182297934,0.0039677306842103
All Population,Prevalence,New York,Both,10-14 years,Depressive disorders,Percent,1990,0.030059408770964,0.0389048111927734,0.0214376804142674
All Population,Prevalence,New York,Both,15-19 years,Depressive disorders,Percent,1990,0.0446348798621967,0.0583727339080061,0.0350957039070985
All Population,Prevalence,New York,Both,20-24 years,Depressive disorders,Percent,1990,0.0467292668290688,0.0598723736792323,0.0380732798460198
All Population,Prevalence,New York,Both,25-29 years,Depressive disorders,Percent,1990,0.048039495510858,0.0596804514618795,0.0390950366921447
All Population,Prevalence,New York,Both,30-34 years,Depressive disorders,Percent,1990,0.0488677351784572,0.0597148901381099,0.0402816303501826
All Population,Prevalence,New York,Both,35-39 years,Depressive disorders,Percent,1990,0.0489556495415298,0.0583702811354319,0.0402781535234021
All Population,Prevalence,New York,Both,40-44 years,Depressive disorders,Percent,1990,0.0488133828305721,0.0590171902782582,0.0395466207863742
All Population,Prevalence,New York,Both,45-49 years,Depressive disorders,Percent,1990,0.0473361743955412,0.0559215306889034,0.0380658649641907
All Population,Prevalence,New York,Both,50-54 years,Depressive disorders,Percent,1990,0.0444078370106579,0.0534103456259527,0.0358207826584666
All Population,Prevalence,New York,Both,55-59 years,Depressive disorders,Percent,1990,0.0412261453677214,0.0488823011327551,0.034571977775969
All Population,Prevalence,New York,Both,60-64 years,Depressive disorders,Percent,1990,0.0384695934195665,0.0458249030468448,0.0315926619132607
All Population,Prevalence,New York,Both,65-69 years,Depressive disorders,Percent,1990,0.0370536716665171,0.0435346595181899,0.0307264438251657
All Population,Prevalence,New York,Both,70-74 years,Depressive disorders,Percent,1990,0.0359315740150435,0.0422917865070141,0.0298844098707691
All Population,Prevalence,New York,Both,75-79 years,Depressive disorders,Percent,1990,0.035680004384225,0.0419847815587084,0.0299273633255626
All Population,Prevalence,New York,Both,80+ years,Depressive disorders,Percent,1990,0.035976572820897,0.0428185920458675,0.0299918971734525
All Population,Prevalence,New York,Both,<5 years,Anxiety disorders,Percent,1990,0.0008744653321475,0.0014395879472538,0.0003914489384669
All Population,Prevalence,New York,Both,5-9 years,Anxiety disorders,Percent,1990,0.0155856273298507,0.0222989026812388,0.0089471403526355
All Population,Prevalence,New York,Both,10-14 years,Anxiety disorders,Percent,1990,0.0282680416934915,0.0377043424328256,0.0212857047750218
All Population,Prevalence,New York,Both,15-19 years,Anxiety disorders,Percent,1990,0.0624988064626285,0.0812135074011219,0.049821530058654
All Population,Prevalence,New York,Both,20-24 years,Anxiety disorders,Percent,1990,0.0863735304106995,0.1021950563442729,0.0731468990978476
All Population,Prevalence,New York,Both,25-29 years,Anxiety disorders,Percent,1990,0.0905664673028125,0.1030466550369628,0.0794606147258283
All Population,Prevalence,New York,Both,30-34 years,Anxiety disorders,Percent,1990,0.0873708390029117,0.1011207344026679,0.0750274586645881
All Population,Prevalence,New York,Both,35-39 years,Anxiety disorders,Percent,1990,0.0839288515111411,0.1004705692478433,0.0735354547625387
All Population,Prevalence,New York,Both,40-44 years,Anxiety disorders,Percent,1990,0.081429565890652,0.0977458619651595,0.0690610242596264
All Population,Prevalence,New York,Both,45-49 years,Anxiety disorders,Percent,1990,0.079248002948148,0.0946377294908189,0.0640688870878677
All Population,Prevalence,New York,Both,50-54 years,Anxiety disorders,Percent,1990,0.0761881822055623,0.0931300336611546,0.063722420165861
All Population,Prevalence,New York,Both,55-59 years,Anxiety disorders,Percent,1990,0.0700432267592994,0.0818558349510058,0.0555977123725482
All Population,Prevalence,New York,Both,60-64 years,Anxiety disorders,Percent,1990,0.063650202438923,0.0772027346043,0.0528342780350465
All Population,Prevalence,New York,Both,65-69 years,Anxiety disorders,Percent,1990,0.059658315755145,0.0712407538533846,0.0491265021207377
All Population,Prevalence,New York,Both,70-74 years,Anxiety disorders,Percent,1990,0.0566802339579923,0.0688283619905692,0.0457021848221769
All Population,Prevalence,New York,Both,75-79 years,Anxiety disorders,Percent,1990,0.0548446448318358,0.0701978539520321,0.0420557032511813
All Population,Prevalence,New York,Both,80+ years,Anxiety disorders,Percent,1990,0.0535328051803399,0.0680995966785359,0.0391549051903819
All Population,Prevalence,New York,Both,<5 years,Diabetes mellitus type 1,Percent,1990,0.0001879757708546,0.000343658316918,0.0001048462806104
All Population,Prevalence,New York,Both,5-9 years,Diabetes mellitus type 1,Percent,1990,0.0010460988303708,0.0017050608704991,0.0006402450731907
All Population,Prevalence,New York,Both,10-14 years,Diabetes mellitus type 1,Percent,1990,0.0020833196217243,0.0027681619950704,0.0014473316169928
All Population,Prevalence,New York,Both,15-19 years,Diabetes mellitus type 1,Percent,1990,0.0028172027251459,0.0037368408925102,0.0021503900764221
All Population,Prevalence,New York,Both,20-24 years,Diabetes mellitus type 1,Percent,1990,0.0034435581527059,0.0048444773213766,0.0025964718615613
All Population,Prevalence,New York,Both,25-29 years,Diabetes mellitus type 1,Percent,1990,0.0039758371397159,0.0054913008628907,0.0029968743005491
All Population,Prevalence,New York,Both,30-34 years,Diabetes mellitus type 1,Percent,1990,0.0043938905273351,0.0058677669778184,0.0033383368782805
All Population,Prevalence,New York,Both,35-39 years,Diabetes mellitus type 1,Percent,1990,0.0046648490343913,0.0059679650483491,0.0036064026780847
All Population,Prevalence,New York,Both,40-44 years,Diabetes mellitus type 1,Percent,1990,0.0047980232987241,0.0061674894498963,0.0037311954621428
All Population,Prevalence,New York,Both,45-49 years,Diabetes mellitus type 1,Percent,1990,0.0048108867224852,0.0061848574400653,0.0036114444260794
All Population,Prevalence,New York,Both,50-54 years,Diabetes mellitus type 1,Percent,1990,0.0047080020320513,0.0061039996269676,0.0035070076975216
All Population,Prevalence,New York,Both,55-59 years,Diabetes mellitus type 1,Percent,1990,0.0044736189426675,0.0058044110620424,0.0033374396203476
All Population,Prevalence,New York,Both,60-64 years,Diabetes mellitus type 1,Percent,1990,0.0041387827297229,0.0054909963009709,0.0030037547578266
All Population,Prevalence,New York,Both,65-69 years,Diabetes mellitus type 1,Percent,1990,0.0037413909967722,0.0053291417021964,0.0026893527035843
All Population,Prevalence,New York,Both,70-74 years,Diabetes mellitus type 1,Percent,1990,0.0033175183613186,0.0050250759737919,0.0022506058507112
All Population,Prevalence,New York,Both,75-79 years,Diabetes mellitus type 1,Percent,1990,0.0028847244301881,0.0044652861644169,0.0019132162125817
All Population,Prevalence,New York,Both,80+ years,Diabetes mellitus type 1,Percent,1990,0.0022610607544803,0.0036594886422701,0.0013696937437892
All Population,Prevalence,New York,Both,<5 years,Diabetes mellitus type 2,Percent,1990,0.0,0.0,0.0
All Population,Prevalence,New York,Both,5-9 years,Diabetes mellitus type 2,Percent,1990,0.0,0.0,0.0
All Population,Prevalence,New York,Both,10-14 years,Diabetes mellitus type 2,Percent,1990,0.0,0.0,0.0
All Population,Prevalence,New York,Both,15-19 years,Diabetes mellitus type 2,Percent,1990,0.0042388307691369,0.0062218136955011,0.0025124142512441
All Population,Prevalence,New York,Both,20-24 years,Diabetes mellitus type 2,Percent,1990,0.0065069666825477,0.0088091409582743,0.004549300232812
All Population,Prevalence,New York,Both,25-29 years,Diabetes mellitus type 2,Percent,1990,0.0092974753213738,0.0120679209530156,0.0068285287001224
All Population,Prevalence,New York,Both,30-34 years,Diabetes mellitus type 2,Percent,1990,0.0143329673358204,0.0178295205160797,0.0109680900047221
All Population,Prevalence,New York,Both,35-39 years,Diabetes mellitus type 2,Percent,1990,0.0231093798891522,0.0281293105710678,0.0186344505767152
All Population,Prevalence,New York,Both,40-44 years,Diabetes mellitus type 2,Percent,1990,0.0380326000035042,0.0474370755993576,0.0312133734407498
All Population,Prevalence,New York,Both,45-49 years,Diabetes mellitus type 2,Percent,1990,0.0675489215718274,0.0792913256536071,0.0572374591571001
All Population,Prevalence,New York,Both,50-54 years,Diabetes mellitus type 2,Percent,1990,0.1075394120497041,0.1246483705962788,0.0889546620746071
All Population,Prevalence,New York,Both,55-59 years,Diabetes mellitus type 2,Percent,1990,0.1396105715133691,0.1600366780219541,0.1197899582592715
All Population,Prevalence,New York,Both,60-64 years,Diabetes mellitus type 2,Percent,1990,0.1606493272869548,0.1823788604685313,0.1394035621657501
All Population,Prevalence,New York,Both,65-69 years,Diabetes mellitus type 2,Percent,1990,0.1730581998894201,0.1944528822022207,0.1518600955468238
All Population,Prevalence,New York,Both,70-74 years,Diabetes mellitus type 2,Percent,1990,0.1782632122051043,0.1974436903208108,0.1592190784230065
All Population,Prevalence,New York,Both,75-79 years,Diabetes mellitus type 2,Percent,1990,0.1779024357693935,0.1986983789263764,0.1577684016503345
All Population,Prevalence,New York,Both,80+ years,Diabetes mellitus type 2,Percent,1990,0.1650996968733097,0.1861449396929972,0.1446464838934671
All Population,Prevalence,New York,Both,<5 years,Chronic kidney disease,Percent,1991,0.0004150383913463,0.0005286340212608,0.000319721584156
All Population,Prevalence,New York,Both,5-9 years,Chronic kidney disease,Percent,1991,0.0023518524782044,0.0032292008075906,0.0017170703169677
All Population,Prevalence,New York,Both,10-14 years,Chronic kidney disease,Percent,1991,0.0123806215353723,0.0159235836423846,0.0093805924257919
All Population,Prevalence,New York,Both,15-19 years,Chronic kidney disease,Percent,1991,0.031360527183496,0.0410214133662466,0.0237157396401314
All Population,Prevalence,New York,Both,20-24 years,Chronic kidney disease,Percent,1991,0.0456236861531519,0.0583146533769218,0.0361010832990219
All Population,Prevalence,New York,Both,25-29 years,Chronic kidney disease,Percent,1991,0.0497094971669883,0.0632159428319806,0.0385253670498556
All Population,Prevalence,New York,Both,30-34 years,Chronic kidney disease,Percent,1991,0.0548425654046914,0.0698741146215025,0.0422341878316578
All Population,Prevalence,New York,Both,35-39 years,Chronic kidney disease,Percent,1991,0.0611404320239785,0.0755387684969111,0.0477097706815467
All Population,Prevalence,New York,Both,40-44 years,Chronic kidney disease,Percent,1991,0.0656168437729349,0.0825249178824176,0.0529433953391439
All Population,Prevalence,New York,Both,45-49 years,Chronic kidney disease,Percent,1991,0.0744902565337074,0.0900281668625069,0.059469400244037
All Population,Prevalence,New York,Both,50-54 years,Chronic kidney disease,Percent,1991,0.0930728873819792,0.1124808724766001,0.0757556349695714
All Population,Prevalence,New York,Both,55-59 years,Chronic kidney disease,Percent,1991,0.1192943817173909,0.1433479976813576,0.0978345822298063
All Population,Prevalence,New York,Both,60-64 years,Chronic kidney disease,Percent,1991,0.1607760494998775,0.1908894473909897,0.1339973743843876
All Population,Prevalence,New York,Both,65-69 years,Chronic kidney disease,Percent,1991,0.2351031895961475,0.2736728918345323,0.1975974515212955
All Population,Prevalence,New York,Both,70-74 years,Chronic kidney disease,Percent,1991,0.3300392479669614,0.3770614534109145,0.2847690992857906
All Population,Prevalence,New York,Both,75-79 years,Chronic kidney disease,Percent,1991,0.4329699343569111,0.4901402610571126,0.3786946243703654
All Population,Prevalence,New York,Both,80+ years,Chronic kidney disease,Percent,1991,0.5922071327911119,0.6473872048558427,0.5496857040408442
All Population,Prevalence,New York,Both,<5 years,Chronic kidney disease,Percent,1990,0.0004168909071514,0.000529726510066,0.0003228583360992
All Population,Prevalence,New York,Both,5-9 years,Chronic kidney disease,Percent,1990,0.0023481775018452,0.003214390312221,0.0017243574227037
All Population,Prevalence,New York,Both,10-14 years,Chronic kidney disease,Percent,1990,0.0123261829573667,0.0158414416948474,0.0093640330198571
All Population,Prevalence,New York,Both,15-19 years,Chronic kidney disease,Percent,1990,0.0313809538702164,0.0408491837579635,0.0237512495515607
All Population,Prevalence,New York,Both,20-24 years,Chronic kidney disease,Percent,1990,0.0457942318228351,0.0586568429393495,0.0360935835077722
All Population,Prevalence,New York,Both,25-29 years,Chronic kidney disease,Percent,1990,0.0499672642132767,0.0638403109320245,0.0384400681243591
All Population,Prevalence,New York,Both,30-34 years,Chronic kidney disease,Percent,1990,0.0550776783399378,0.0704667648446767,0.0424262733705829
All Population,Prevalence,New York,Both,35-39 years,Chronic kidney disease,Percent,1990,0.0612058475574626,0.0762493357387118,0.0474564300363707
All Population,Prevalence,New York,Both,40-44 years,Chronic kidney disease,Percent,1990,0.0656009085820548,0.0821323647454557,0.0525227093388382
All Population,Prevalence,New York,Both,45-49 years,Chronic kidney disease,Percent,1990,0.0745547181617844,0.0907209962631662,0.0594257351197844
All Population,Prevalence,New York,Both,50-54 years,Chronic kidney disease,Percent,1990,0.0933344570284291,0.1127580524302994,0.0762368932276233
All Population,Prevalence,New York,Both,55-59 years,Chronic kidney disease,Percent,1990,0.1197899034891474,0.1450238121311627,0.097985762208651
All Population,Prevalence,New York,Both,60-64 years,Chronic kidney disease,Percent,1990,0.1609375661942938,0.1917696150552128,0.1340940031057612
All Population,Prevalence,New York,Both,65-69 years,Chronic kidney disease,Percent,1990,0.2347462244724311,0.273853620315726,0.1974249986570818
All Population,Prevalence,New York,Both,70-74 years,Chronic kidney disease,Percent,1990,0.3295073295338245,0.3758675668185184,0.2837479978926147
All Population,Prevalence,New York,Both,75-79 years,Chronic kidney disease,Percent,1990,0.432453814874021,0.4881284121071271,0.3791328769988116
All Population,Prevalence,New York,Both,80+ years,Chronic kidney disease,Percent,1990,0.5922854871799426,0.6462075363185162,0.5486678795918685
All Population,Prevalence,New York,Both,<5 years,HIV/AIDS,Percent,1991,0.0005378773264076,0.0008327754827712,0.0003339754621206
All Population,Prevalence,New York,Both,5-9 years,HIV/AIDS,Percent,1991,9.19908927388e-05,0.0001370690011395,5.74482873153e-05
All Population,Prevalence,New York,Both,10-14 years,HIV/AIDS,Percent,1991,3.6768826384e-06,5.9149567914e-06,2.1641503005e-06
All Population,Prevalence,New York,Both,15-19 years,HIV/AIDS,Percent,1991,0.0009597327166697,0.0015549335551699,0.000512017686136
All Population,Prevalence,New York,Both,20-24 years,HIV/AIDS,Percent,1991,0.0059526425398142,0.0092304155695065,0.0034303465556635
All Population,Prevalence,New York,Both,25-29 years,HIV/AIDS,Percent,1991,0.0151265527320935,0.0224705788825002,0.0091404478253877
All Population,Prevalence,New York,Both,30-34 years,HIV/AIDS,Percent,1991,0.0216841664620536,0.0307536696247165,0.014079387843209
All Population,Prevalence,New York,Both,35-39 years,HIV/AIDS,Percent,1991,0.023556595206635,0.0330085273782797,0.0162523850042596
All Population,Prevalence,New York,Both,40-44 years,HIV/AIDS,Percent,1991,0.0178201673116133,0.0245930446874397,0.0128666984438292
All Population,Prevalence,New York,Both,45-49 years,HIV/AIDS,Percent,1991,0.0108429872030508,0.0144026520420267,0.0078617936679198
All Population,Prevalence,New York,Both,50-54 years,HIV/AIDS,Percent,1991,0.0062491589810068,0.0083022741318859,0.0046252791946861
All Population,Prevalence,New York,Both,55-59 years,HIV/AIDS,Percent,1991,0.0039626962350398,0.0052449271002471,0.0028904876025436
All Population,Prevalence,New York,Both,60-64 years,HIV/AIDS,Percent,1991,0.0023480636970414,0.0032319182348593,0.0016666978012661
All Population,Prevalence,New York,Both,65-69 years,HIV/AIDS,Percent,1991,0.001329628805092,0.0018111159571583,0.0009718878184313
All Population,Prevalence,New York,Both,70-74 years,HIV/AIDS,Percent,1991,0.000677007618633,0.000915352849567,0.0004882718631473
All Population,Prevalence,New York,Both,75-79 years,HIV/AIDS,Percent,1991,0.0005712914822796,0.0008312734908614,0.000368364384628
All Population,Prevalence,New York,Both,80+ years,HIV/AIDS,Percent,1991,0.0001247072755247,0.0001899138880915,7.98112216375e-05
All Population,Prevalence,New York,Both,<5 years,Alcohol use disorders,Percent,1991,0.0007056862764115,0.0010348964560322,0.0004283543169161
All Population,Prevalence,New York,Both,5-9 years,Alcohol use disorders,Percent,1991,0.000593038448858,0.0008706610691776,0.0003649818343293
All Population,Prevalence,New York,Both,10-14 years,Alcohol use disorders,Percent,1991,0.0025084603403806,0.0036618787484331,0.001541033596417
All Population,Prevalence,New York,Both,15-19 years,Alcohol use disorders,Percent,1991,0.023958954129028,0.0329004241987663,0.0167202823480688
All Population,Prevalence,New York,Both,20-24 years,Alcohol use disorders,Percent,1991,0.0597214541377585,0.080486396865976,0.0412358715740513
All Population,Prevalence,New York,Both,25-29 years,Alcohol use disorders,Percent,1991,0.0597183920443071,0.0774137622428079,0.0453411115586362
All Population,Prevalence,New York,Both,30-34 years,Alcohol use disorders,Percent,1991,0.0527103843776442,0.0702904544800537,0.0364287625409412
All Population,Prevalence,New York,Both,35-39 years,Alcohol use disorders,Percent,1991,0.0487779019099475,0.0634844140049264,0.0359119023857129
All Population,Prevalence,New York,Both,40-44 years,Alcohol use disorders,Percent,1991,0.044244177826252,0.0597932824851525,0.0311387786093512
All Population,Prevalence,New York,Both,45-49 years,Alcohol use disorders,Percent,1991,0.0376404423023162,0.0474016894293673,0.0290234504449964
All Population,Prevalence,New York,Both,50-54 years,Alcohol use disorders,Percent,1991,0.0312386950199824,0.0412628778327749,0.0226400592998249
All Population,Prevalence,New York,Both,55-59 years,Alcohol use disorders,Percent,1991,0.0264241763134094,0.033247601667347,0.0205992836394177
All Population,Prevalence,New York,Both,60-64 years,Alcohol use disorders,Percent,1991,0.0218069675816779,0.0299490189295899,0.0154248229938528
All Population,Prevalence,New York,Both,65-69 years,Alcohol use disorders,Percent,1991,0.0171224312045988,0.022323942231787,0.0128341130351237
All Population,Prevalence,New York,Both,70-74 years,Alcohol use disorders,Percent,1991,0.0131235369152214,0.0175434745010082,0.0093573391124918
All Population,Prevalence,New York,Both,75-79 years,Alcohol use disorders,Percent,1991,0.0111327601298799,0.0143996860798771,0.008119195733658
All Population,Prevalence,New York,Both,80+ years,Alcohol use disorders,Percent,1991,0.0111463468849041,0.0144252168260378,0.0083600721466889
All Population,Prevalence,New York,Both,<5 years,Drug use disorders,Percent,1991,0.0,0.0,0.0
All Population,Prevalence,New York,Both,5-9 years,Drug use disorders,Percent,1991,0.0,0.0,0.0
All Population,Prevalence,New York,Both,10-14 years,Drug use disorders,Percent,1991,0.0046468044482023,0.0086879674473805,0.0018048290293386
All Population,Prevalence,New York,Both,15-19 years,Drug use disorders,Percent,1991,0.0579205162911935,0.0861017915369451,0.0373405537133814
All Population,Prevalence,New York,Both,20-24 years,Drug use disorders,Percent,1991,0.066698483361512,0.0814682760822115,0.0527755959257529
All Population,Prevalence,New York,Both,25-29 years,Drug use disorders,Percent,1991,0.0535839874381523,0.0646452105929852,0.0436855463189306
All Population,Prevalence,New York,Both,30-34 years,Drug use disorders,Percent,1991,0.0396368458681402,0.0469380049673733,0.0329208813960465
All Population,Prevalence,New York,Both,35-39 years,Drug use disorders,Percent,1991,0.0302462067686801,0.0372201315844097,0.0252150251855249
All Population,Prevalence,New York,Both,40-44 years,Drug use disorders,Percent,1991,0.0229413948326248,0.0272679147069103,0.0189283987171127
All Population,Prevalence,New York,Both,45-49 years,Drug use disorders,Percent,1991,0.0168314547467916,0.0208348468625697,0.0137373376175698
All Population,Prevalence,New York,Both,50-54 years,Drug use disorders,Percent,1991,0.0120258649986918,0.0144038162836937,0.0099126177159572
All Population,Prevalence,New York,Both,55-59 years,Drug use disorders,Percent,1991,0.0081952273529985,0.0096913654721785,0.0068230845964036
All Population,Prevalence,New York,Both,60-64 years,Drug use disorders,Percent,1991,0.0053589795340163,0.0064073453205416,0.0044104447108948
All Population,Prevalence,New York,Both,65-69 years,Drug use disorders,Percent,1991,0.0037680201324977,0.004498231914247,0.0031207624861277
All Population,Prevalence,New York,Both,70-74 years,Drug use disorders,Percent,1991,0.002815295381847,0.0034035334867218,0.0023378393907329
All Population,Prevalence,New York,Both,75-79 years,Drug use disorders,Percent,1991,0.0022526045608484,0.0027258623340996,0.0018751279944649
All Population,Prevalence,New York,Both,80+ years,Drug use disorders,Percent,1991,0.0018646637510911,0.002289151716236,0.0015464138644978
All Population,Prevalence,New York,Both,<5 years,Depressive disorders,Percent,1991,6.1251414693e-06,1.17441028936e-05,2.1856560881e-06
All Population,Prevalence,New York,Both,5-9 years,Depressive disorders,Percent,1991,0.0069419490072067,0.0105783314425502,0.0043144457630796
All Population,Prevalence,New York,Both,10-14 years,Depressive disorders,Percent,1991,0.0306704081683018,0.0409288399450464,0.0220779089030657
All Population,Prevalence,New York,Both,15-19 years,Depressive disorders,Percent,1991,0.045276354229051,0.0580301108998176,0.0355174336652244
All Population,Prevalence,New York,Both,20-24 years,Depressive disorders,Percent,1991,0.0472296250307662,0.0601600208049218,0.0386351076052931
All Population,Prevalence,New York,Both,25-29 years,Depressive disorders,Percent,1991,0.0485421493820354,0.0592205319211941,0.0396720875996372
All Population,Prevalence,New York,Both,30-34 years,Depressive disorders,Percent,1991,0.0493360805753092,0.0597524027466863,0.0405599014810516
All Population,Prevalence,New York,Both,35-39 years,Depressive disorders,Percent,1991,0.0493597479698463,0.0588089387347379,0.0409035463625766
All Population,Prevalence,New York,Both,40-44 years,Depressive disorders,Percent,1991,0.0491620613325494,0.0592178185011185,0.0399047041321241
All Population,Prevalence,New York,Both,45-49 years,Depressive disorders,Percent,1991,0.0477086691189314,0.0563840848160563,0.0387485848745542
All Population,Prevalence,New York,Both,50-54 years,Depressive disorders,Percent,1991,0.0447373472737925,0.0536926132810276,0.0365041238623114
All Population,Prevalence,New York,Both,55-59 years,Depressive disorders,Percent,1991,0.0415230016523536,0.0487232643562535,0.0347427280341471
All Population,Prevalence,New York,Both,60-64 years,Depressive disorders,Percent,1991,0.0387041167578432,0.0460324193664972,0.0320687703651547
All Population,Prevalence,New York,Both,65-69 years,Depressive disorders,Percent,1991,0.0372705364469242,0.0436706988112637,0.0309056962989694
All Population,Prevalence,New York,Both,70-74 years,Depressive disorders,Percent,1991,0.0360684184124171,0.0421831895831544,0.0300713125180328
All Population,Prevalence,New York,Both,75-79 years,Depressive disorders,Percent,1991,0.0358246311502854,0.0423454985552769,0.0299719738766133
All Population,Prevalence,New York,Both,80+ years,Depressive disorders,Percent,1991,0.0361419017298055,0.0430585484296873,0.0300276927486933
All Population,Prevalence,New York,Both,<5 years,Anxiety disorders,Percent,1991,0.0008814426983736,0.0014484348944945,0.000393557339904
All Population,Prevalence,New York,Both,5-9 years,Anxiety disorders,Percent,1991,0.0155306971216373,0.0224101682822662,0.0089238345042873
All Population,Prevalence,New York,Both,10-14 years,Anxiety disorders,Percent,1991,0.0285718073169436,0.0379358573681732,0.0214960381384087
All Population,Prevalence,New York,Both,15-19 years,Anxiety disorders,Percent,1991,0.0622905574417451,0.0797262054210159,0.0489391632300661
All Population,Prevalence,New York,Both,20-24 years,Anxiety disorders,Percent,1991,0.0865378042933847,0.1014242313039235,0.0727794360426739
All Population,Prevalence,New York,Both,25-29 years,Anxiety disorders,Percent,1991,0.0917877421659786,0.105410753661877,0.0804818555856591
All Population,Prevalence,New York,Both,30-34 years,Anxiety disorders,Percent,1991,0.0888190163773435,0.1017980756234297,0.0766267232097693
All Population,Prevalence,New York,Both,35-39 years,Anxiety disorders,Percent,1991,0.0854041438315316,0.1012606785803033,0.0745222703323947
All Population,Prevalence,New York,Both,40-44 years,Anxiety disorders,Percent,1991,0.0828911564517558,0.0993742399257502,0.0703683959530289
All Population,Prevalence,New York,Both,45-49 years,Anxiety disorders,Percent,1991,0.080864839166079,0.0957344427497912,0.0661391888735357
All Population,Prevalence,New York,Both,50-54 years,Anxiety disorders,Percent,1991,0.0777346631850596,0.0952140658946351,0.0653772135400359
All Population,Prevalence,New York,Both,55-59 years,Anxiety disorders,Percent,1991,0.0711789175768966,0.0841034051878158,0.0568201614553292
All Population,Prevalence,New York,Both,60-64 years,Anxiety disorders,Percent,1991,0.0641616790004315,0.0775151495195831,0.0531167926283747
All Population,Prevalence,New York,Both,65-69 years,Anxiety disorders,Percent,1991,0.0598996387363729,0.071373628088061,0.0493608783624836
All Population,Prevalence,New York,Both,70-74 years,Anxiety disorders,Percent,1991,0.0566369347745104,0.0683470110171888,0.0456464370325713
All Population,Prevalence,New York,Both,75-79 years,Anxiety disorders,Percent,1991,0.0546968015435289,0.0710859617963961,0.0424426431833784
All Population,Prevalence,New York,Both,80+ years,Anxiety disorders,Percent,1991,0.053294091371606,0.0679721768784186,0.0393501350328623
All Population,Prevalence,New York,Both,<5 years,Diabetes mellitus type 1,Percent,1991,0.0001964225561209,0.0003376571841792,0.0001081604590028
All Population,Prevalence,New York,Both,5-9 years,Diabetes mellitus type 1,Percent,1991,0.001073751843338,0.001730785784278,0.000657398493336
All Population,Prevalence,New York,Both,10-14 years,Diabetes mellitus type 1,Percent,1991,0.0021238894693858,0.0028830029011085,0.0014814667355184
All Population,Prevalence,New York,Both,15-19 years,Diabetes mellitus type 1,Percent,1991,0.0028134877116048,0.0036582879420707,0.0021756562241851
All Population,Prevalence,New York,Both,20-24 years,Diabetes mellitus type 1,Percent,1991,0.0034388497249069,0.004827417203445,0.0026512693478543
All Population,Prevalence,New York,Both,25-29 years,Diabetes mellitus type 1,Percent,1991,0.0039694905257129,0.0054843922536754,0.0030085171143964
All Population,Prevalence,New York,Both,30-34 years,Diabetes mellitus type 1,Percent,1991,0.0043920270392847,0.0058626805804288,0.0033659545934282
All Population,Prevalence,New York,Both,35-39 years,Diabetes mellitus type 1,Percent,1991,0.0046724136517619,0.0059294446541447,0.003613653311986
All Population,Prevalence,New York,Both,40-44 years,Diabetes mellitus type 1,Percent,1991,0.004808429287326,0.0061427000048372,0.0037401090528519
All Population,Prevalence,New York,Both,45-49 years,Diabetes mellitus type 1,Percent,1991,0.0048179167831412,0.0062052883251575,0.0036280095700685
All Population,Prevalence,New York,Both,50-54 years,Diabetes mellitus type 1,Percent,1991,0.0047164660021875,0.0061183541169424,0.0034893271847308
All Population,Prevalence,New York,Both,55-59 years,Diabetes mellitus type 1,Percent,1991,0.004481912175771,0.0058318955939605,0.0033856956000199
All Population,Prevalence,New York,Both,60-64 years,Diabetes mellitus type 1,Percent,1991,0.0041446496036087,0.0054496722393603,0.002999744003273
All Population,Prevalence,New York,Both,65-69 years,Diabetes mellitus type 1,Percent,1991,0.0037405205643744,0.0052470905248878,0.002724686653142
All Population,Prevalence,New York,Both,70-74 years,Diabetes mellitus type 1,Percent,1991,0.0033184704696736,0.004964114793335,0.0022374485971666
All Population,Prevalence,New York,Both,75-79 years,Diabetes mellitus type 1,Percent,1991,0.0028841851611277,0.0044279386237599,0.0019253946134053
All Population,Prevalence,New York,Both,80+ years,Diabetes mellitus type 1,Percent,1991,0.0022587900582711,0.0036843026487321,0.0013833268846557
All Population,Prevalence,New York,Both,<5 years,Diabetes mellitus type 2,Percent,1991,0.0,0.0,0.0
All Population,Prevalence,New York,Both,5-9 years,Diabetes mellitus type 2,Percent,1991,0.0,0.0,0.0
All Population,Prevalence,New York,Both,10-14 years,Diabetes mellitus type 2,Percent,1991,0.0,0.0,0.0
All Population,Prevalence,New York,Both,15-19 years,Diabetes mellitus type 2,Percent,1991,0.0044035090094439,0.0064266419989047,0.0027191468566294
All Population,Prevalence,New York,Both,20-24 years,Diabetes mellitus type 2,Percent,1991,0.0067396274148077,0.0090199370133475,0.0047917477888773
All Population,Prevalence,New York,Both,25-29 years,Diabetes mellitus type 2,Percent,1991,0.009583339954629,0.0123415298634099,0.0071629091310166
All Population,Prevalence,New York,Both,30-34 years,Diabetes mellitus type 2,Percent,1991,0.0145502161876876,0.0180109832681404,0.0112392563496228
All Population,Prevalence,New York,Both,35-39 years,Diabetes mellitus type 2,Percent,1991,0.0232274091970565,0.0282844716641706,0.0186953834015337
All Population,Prevalence,New York,Both,40-44 years,Diabetes mellitus type 2,Percent,1991,0.0381918511713489,0.0474773953166332,0.0315399505302568
All Population,Prevalence,New York,Both,45-49 years,Diabetes mellitus type 2,Percent,1991,0.0679969971103723,0.0790906524749056,0.0577655938077132
All Population,Prevalence,New York,Both,50-54 years,Diabetes mellitus type 2,Percent,1991,0.1085799087794709,0.126318339619781,0.0906259281013347
All Population,Prevalence,New York,Both,55-59 years,Diabetes mellitus type 2,Percent,1991,0.1406489542210792,0.1613532183611085,0.1206860145574709
All Population,Prevalence,New York,Both,60-64 years,Diabetes mellitus type 2,Percent,1991,0.1615647834998056,0.1829681724512297,0.1405977366068728
All Population,Prevalence,New York,Both,65-69 years,Diabetes mellitus type 2,Percent,1991,0.1738012542390619,0.1954743963656017,0.1520560393720902
All Population,Prevalence,New York,Both,70-74 years,Diabetes mellitus type 2,Percent,1991,0.1793015850381778,0.1993782755868191,0.1584370070051317
All Population,Prevalence,New York,Both,75-79 years,Diabetes mellitus type 2,Percent,1991,0.1791148585051038,0.1997397489132344,0.1583777736275286
All Population,Prevalence,New York,Both,80+ years,Diabetes mellitus type 2,Percent,1991,0.1657986658015892,0.1878135231232885,0.1447747660944985
All Population,Prevalence,New York,Both,<5 years,Chronic kidney disease,Percent,1992,0.0004145334074278,0.000530758365385,0.0003182460344147
All Population,Prevalence,New York,Both,5-9 years,Chronic kidney disease,Percent,1992,0.0023569708417361,0.0032191301388613,0.0017084572366635
All Population,Prevalence,New York,Both,10-14 years,Chronic kidney disease,Percent,1992,0.0124349500817846,0.0159155317195449,0.0094177397989483
All Population,Prevalence,New York,Both,15-19 years,Chronic kidney disease,Percent,1992,0.0313387081676632,0.0405305061546693,0.0237374283882283
All Population,Prevalence,New York,Both,20-24 years,Chronic kidney disease,Percent,1992,0.0454701356934025,0.0580467065809765,0.0361788861939746
All Population,Prevalence,New York,Both,25-29 years,Chronic kidney disease,Percent,1992,0.0494827189377567,0.0628651306831631,0.0382217283351132
All Population,Prevalence,New York,Both,30-34 years,Chronic kidney disease,Percent,1992,0.054672992283768,0.0695113563696207,0.0422725132141995
All Population,Prevalence,New York,Both,35-39 years,Chronic kidney disease,Percent,1992,0.0611425219946029,0.0758737664876366,0.0474477229165178
All Population,Prevalence,New York,Both,40-44 years,Chronic kidney disease,Percent,1992,0.0656707391785204,0.0826911387444626,0.0532538758737572
All Population,Prevalence,New York,Both,45-49 years,Chronic kidney disease,Percent,1992,0.0744474421002469,0.0900536601796637,0.0598670768292033
All Population,Prevalence,New York,Both,50-54 years,Chronic kidney disease,Percent,1992,0.0928734112739206,0.1118843958776038,0.0753267587254792
All Population,Prevalence,New York,Both,55-59 years,Chronic kidney disease,Percent,1992,0.1188850293082231,0.1424607712842965,0.0973765855692866
All Population,Prevalence,New York,Both,60-64 years,Chronic kidney disease,Percent,1992,0.1606619453314329,0.1907787929971304,0.1337101211319261
All Population,Prevalence,New York,Both,65-69 years,Chronic kidney disease,Percent,1992,0.2354130226613927,0.2745693816659261,0.1978990166367905
All Population,Prevalence,New York,Both,70-74 years,Chronic kidney disease,Percent,1992,0.3305149117872982,0.3774661007921469,0.2855321781241245
All Population,Prevalence,New York,Both,75-79 years,Chronic kidney disease,Percent,1992,0.4334443217202128,0.4882879841072092,0.3787304775959604
All Population,Prevalence,New York,Both,80+ years,Chronic kidney disease,Percent,1992,0.5920912563776417,0.6489770646035308,0.5501808008381485
All Population,Prevalence,New York,Both,<5 years,HIV/AIDS,Percent,1992,0.0005660740243939,0.0008886110017762,0.0003499327261008
All Population,Prevalence,New York,Both,5-9 years,HIV/AIDS,Percent,1992,0.000125957931403,0.0001857973984117,8.00631259191e-05
All Population,Prevalence,New York,Both,10-14 years,HIV/AIDS,Percent,1992,8.2471897506e-06,1.2624562158e-05,5.0963335814e-06
All Population,Prevalence,New York,Both,15-19 years,HIV/AIDS,Percent,1992,0.0008005167916875,0.0012931538439632,0.0004249706048997
All Population,Prevalence,New York,Both,20-24 years,HIV/AIDS,Percent,1992,0.0052844661594074,0.0082362065123765,0.0030009415597677
All Population,Prevalence,New York,Both,25-29 years,HIV/AIDS,Percent,1992,0.0138985406647896,0.0204676141965479,0.0082525342073629
All Population,Prevalence,New York,Both,30-34 years,HIV/AIDS,Percent,1992,0.0211563635095424,0.0300594259369894,0.0137296976306435
All Population,Prevalence,New York,Both,35-39 years,HIV/AIDS,Percent,1992,0.0240479687177887,0.0338092722788238,0.0164989299890595
All Population,Prevalence,New York,Both,40-44 years,HIV/AIDS,Percent,1992,0.0192900166464314,0.0268262007888287,0.0137865536924405
All Population,Prevalence,New York,Both,45-49 years,HIV/AIDS,Percent,1992,0.0120180861687246,0.0161418468251634,0.0086592276039775
All Population,Prevalence,New York,Both,50-54 years,HIV/AIDS,Percent,1992,0.0068391393875411,0.008998395987193,0.0050359204917981
All Population,Prevalence,New York,Both,55-59 years,HIV/AIDS,Percent,1992,0.0043070255922494,0.0056815942119609,0.0031535936277354
All Population,Prevalence,New York,Both,60-64 years,HIV/AIDS,Percent,1992,0.0026137606018504,0.0036355918553062,0.0018526172494105
All Population,Prevalence,New York,Both,65-69 years,HIV/AIDS,Percent,1992,0.0014958398247888,0.00206737815837,0.0010802024734974
All Population,Prevalence,New York,Both,70-74 years,HIV/AIDS,Percent,1992,0.0007742908103788,0.0010430402634486,0.0005548417425836
All Population,Prevalence,New York,Both,75-79 years,HIV/AIDS,Percent,1992,0.0005664342658008,0.0007995917795108,0.0003782394967381
All Population,Prevalence,New York,Both,80+ years,HIV/AIDS,Percent,1992,0.0001695832255509,0.0002563552481015,0.0001080607881027
All Population,Prevalence,New York,Both,<5 years,Alcohol use disorders,Percent,1992,0.0006973188731189,0.0010096570205927,0.0004209534828424
All Population,Prevalence,New York,Both,5-9 years,Alcohol use disorders,Percent,1992,0.0005877763838689,0.0008585721462564,0.0003542082943589
All Population,Prevalence,New York,Both,10-14 years,Alcohol use disorders,Percent,1992,0.0028747151296069,0.0041146608730836,0.0017544042462265
All Population,Prevalence,New York,Both,15-19 years,Alcohol use disorders,Percent,1992,0.0254533578301317,0.0348366876729895,0.0181102968692333
All Population,Prevalence,New York,Both,20-24 years,Alcohol use disorders,Percent,1992,0.0596737078460174,0.0807083596139912,0.0416063953884855
All Population,Prevalence,New York,Both,25-29 years,Alcohol use disorders,Percent,1992,0.0576584590365392,0.0747873801808645,0.0437269374273251
All Population,Prevalence,New York,Both,30-34 years,Alcohol use disorders,Percent,1992,0.0495942022874794,0.0656696457573085,0.0340444532330757
All Population,Prevalence,New York,Both,35-39 years,Alcohol use disorders,Percent,1992,0.046064212276433,0.0591663263807561,0.0340160988497792
All Population,Prevalence,New York,Both,40-44 years,Alcohol use disorders,Percent,1992,0.0420559963803512,0.0557166285940362,0.0298527730865658
All Population,Prevalence,New York,Both,45-49 years,Alcohol use disorders,Percent,1992,0.035517743722288,0.0445399664170061,0.0274436112001723
All Population,Prevalence,New York,Both,50-54 years,Alcohol use disorders,Percent,1992,0.029090742910551,0.0383066919751055,0.021187171183059
All Population,Prevalence,New York,Both,55-59 years,Alcohol use disorders,Percent,1992,0.0244458858350658,0.0305798377748518,0.0190560136657347
All Population,Prevalence,New York,Both,60-64 years,Alcohol use disorders,Percent,1992,0.0201740077160645,0.0271990694615968,0.0143845766570617
All Population,Prevalence,New York,Both,65-69 years,Alcohol use disorders,Percent,1992,0.0160415374072311,0.0207224926375864,0.0121972337183416
All Population,Prevalence,New York,Both,70-74 years,Alcohol use disorders,Percent,1992,0.0125579177177054,0.0165203523415571,0.0091124154505394
All Population,Prevalence,New York,Both,75-79 years,Alcohol use disorders,Percent,1992,0.0108505338087795,0.0139678040871337,0.0078806798556339
All Population,Prevalence,New York,Both,80+ years,Alcohol use disorders,Percent,1992,0.0110520555178104,0.0142676342454961,0.0083125221918894
All Population,Prevalence,New York,Both,<5 years,Drug use disorders,Percent,1992,0.0,0.0,0.0
All Population,Prevalence,New York,Both,5-9 years,Drug use disorders,Percent,1992,0.0,0.0,0.0
All Population,Prevalence,New York,Both,10-14 years,Drug use disorders,Percent,1992,0.0045479668583689,0.0085363740027129,0.0017804605685497
All Population,Prevalence,New York,Both,15-19 years,Drug use disorders,Percent,1992,0.0566817102188446,0.0840919976137676,0.0366123038980886
All Population,Prevalence,New York,Both,20-24 years,Drug use disorders,Percent,1992,0.0658633732198263,0.0804992250885983,0.0524949967796417
All Population,Prevalence,New York,Both,25-29 years,Drug use disorders,Percent,1992,0.0531793665287374,0.0640794411348814,0.0436270868795829
All Population,Prevalence,New York,Both,30-34 years,Drug use disorders,Percent,1992,0.0396076327896239,0.0467489444893746,0.0330796872400676
All Population,Prevalence,New York,Both,35-39 years,Drug use disorders,Percent,1992,0.030411456616039,0.0369826044608346,0.0255634846687943
All Population,Prevalence,New York,Both,40-44 years,Drug use disorders,Percent,1992,0.0231872317073398,0.0274669099178511,0.0193035212514541
All Population,Prevalence,New York,Both,45-49 years,Drug use disorders,Percent,1992,0.016936067203898,0.0208898936794102,0.0139691813237298
All Population,Prevalence,New York,Both,50-54 years,Drug use disorders,Percent,1992,0.0119383246949285,0.014270036796656,0.0099095580616364
All Population,Prevalence,New York,Both,55-59 years,Drug use disorders,Percent,1992,0.0080719399236966,0.0095322808455289,0.0067231912767192
All Population,Prevalence,New York,Both,60-64 years,Drug use disorders,Percent,1992,0.0052612677125626,0.0062785801937793,0.0043355815235586
All Population,Prevalence,New York,Both,65-69 years,Drug use disorders,Percent,1992,0.0037159749900034,0.004428673793921,0.0030888540481638
All Population,Prevalence,New York,Both,70-74 years,Drug use disorders,Percent,1992,0.0028026495050279,0.0033627519452718,0.0023526894900993
All Population,Prevalence,New York,Both,75-79 years,Drug use disorders,Percent,1992,0.0022575236995418,0.0027439254317967,0.0018708919831311
All Population,Prevalence,New York,Both,80+ years,Drug use disorders,Percent,1992,0.0018869991567613,0.0023037571322109,0.0015757845400668
All Population,Prevalence,New York,Both,<5 years,Depressive disorders,Percent,1992,6.2083502093e-06,1.19555631248e-05,2.2188113859e-06
All Population,Prevalence,New York,Both,5-9 years,Depressive disorders,Percent,1992,0.0068911061844624,0.0102389612610576,0.004370821159106
All Population,Prevalence,New York,Both,10-14 years,Depressive disorders,Percent,1992,0.0305109407665147,0.0405778235357974,0.0220810857531075
All Population,Prevalence,New York,Both,15-19 years,Depressive disorders,Percent,1992,0.0450451731369652,0.0581985867448432,0.0349865736041876
All Population,Prevalence,New York,Both,20-24 years,Depressive disorders,Percent,1992,0.0469787238881626,0.0590913667089896,0.0387969552179062
All Population,Prevalence,New York,Both,25-29 years,Depressive disorders,Percent,1992,0.0483324258652712,0.0587651309012611,0.0398572588913003
All Population,Prevalence,New York,Both,30-34 years,Depressive disorders,Percent,1992,0.049097443129079,0.0590136338473587,0.0406275258331513
All Population,Prevalence,New York,Both,35-39 years,Depressive disorders,Percent,1992,0.0491103715821666,0.0586198257898555,0.0409298277722797
All Population,Prevalence,New York,Both,40-44 years,Depressive disorders,Percent,1992,0.0488859928235104,0.0583512501921022,0.0396391024951436
All Population,Prevalence,New York,Both,45-49 years,Depressive disorders,Percent,1992,0.0474201212120829,0.0552124488121628,0.0386911317548268
All Population,Prevalence,New York,Both,50-54 years,Depressive disorders,Percent,1992,0.0444830989133932,0.0532175639495744,0.0366488660552885
All Population,Prevalence,New York,Both,55-59 years,Depressive disorders,Percent,1992,0.0412307321094702,0.0482300886486716,0.0344889120750722
All Population,Prevalence,New York,Both,60-64 years,Depressive disorders,Percent,1992,0.0383944021564775,0.0456363998362499,0.0318309168603855
All Population,Prevalence,New York,Both,65-69 years,Depressive disorders,Percent,1992,0.0369103559642013,0.0429235821097396,0.0308203317301542
All Population,Prevalence,New York,Both,70-74 years,Depressive disorders,Percent,1992,0.0356866794426129,0.0415798558413728,0.0297901787987113
All Population,Prevalence,New York,Both,75-79 years,Depressive disorders,Percent,1992,0.03544045250067,0.0419025534151151,0.0294013388525533
All Population,Prevalence,New York,Both,80+ years,Depressive disorders,Percent,1992,0.0357816655662517,0.0427586621743612,0.029783917781281
All Population,Prevalence,New York,Both,<5 years,Anxiety disorders,Percent,1992,0.0008928871003358,0.0014790875625099,0.0004186006155847
All Population,Prevalence,New York,Both,5-9 years,Anxiety disorders,Percent,1992,0.0154791189862496,0.023103753445662,0.00866901458594
All Population,Prevalence,New York,Both,10-14 years,Anxiety disorders,Percent,1992,0.0288773184204034,0.0383610141345107,0.0218878877649123
All Population,Prevalence,New York,Both,15-19 years,Anxiety disorders,Percent,1992,0.062093147794342,0.0791265755065041,0.047739674448764
All Population,Prevalence,New York,Both,20-24 years,Anxiety disorders,Percent,1992,0.0867704509310264,0.1014043554661854,0.0723538527080833
All Population,Prevalence,New York,Both,25-29 years,Anxiety disorders,Percent,1992,0.0930449342978933,0.1079516054840264,0.0807866253294129
All Population,Prevalence,New York,Both,30-34 years,Anxiety disorders,Percent,1992,0.0902673031383698,0.1025679768129629,0.0779829285526719
All Population,Prevalence,New York,Both,35-39 years,Anxiety disorders,Percent,1992,0.0869016969823491,0.1023391702464204,0.0752402936064778
All Population,Prevalence,New York,Both,40-44 years,Anxiety disorders,Percent,1992,0.0843786136546068,0.1009438591500609,0.0715039775852483
All Population,Prevalence,New York,Both,45-49 years,Anxiety disorders,Percent,1992,0.0824037133117892,0.0970629841549008,0.0668989980249027
All Population,Prevalence,New York,Both,50-54 years,Anxiety disorders,Percent,1992,0.0793147056721204,0.0972750525134654,0.0669716657211491
All Population,Prevalence,New York,Both,55-59 years,Anxiety disorders,Percent,1992,0.0723066518186792,0.0862189493743709,0.0574746149396585
All Population,Prevalence,New York,Both,60-64 years,Anxiety disorders,Percent,1992,0.0647176104888561,0.0780007863503372,0.0527347545711306
All Population,Prevalence,New York,Both,65-69 years,Anxiety disorders,Percent,1992,0.0600922032834991,0.0719095996401087,0.0496484569177918
All Population,Prevalence,New York,Both,70-74 years,Anxiety disorders,Percent,1992,0.0566161456531736,0.0680507830912734,0.0457437242691173
All Population,Prevalence,New York,Both,75-79 years,Anxiety disorders,Percent,1992,0.0545422771263001,0.0711082333184623,0.0427963836373719
All Population,Prevalence,New York,Both,80+ years,Anxiety disorders,Percent,1992,0.0530526219059909,0.0678795614766448,0.0393761052248727
All Population,Prevalence,New York,Both,<5 years,Diabetes mellitus type 1,Percent,1992,0.0002080181426404,0.0003548049316911,0.0001095471614774
All Population,Prevalence,New York,Both,5-9 years,Diabetes mellitus type 1,Percent,1992,0.001111773331817,0.0017819179705645,0.0006787008693899
All Population,Prevalence,New York,Both,10-14 years,Diabetes mellitus type 1,Percent,1992,0.002173110726,0.0029760191058582,0.0015145117548385
All Population,Prevalence,New York,Both,15-19 years,Diabetes mellitus type 1,Percent,1992,0.0028152468852411,0.0036233358149647,0.0022019089856234
All Population,Prevalence,New York,Both,20-24 years,Diabetes mellitus type 1,Percent,1992,0.0034348969909872,0.0047714056545771,0.0026494292405461
All Population,Prevalence,New York,Both,25-29 years,Diabetes mellitus type 1,Percent,1992,0.0039636723158622,0.0054577971520654,0.0030588711778898
All Population,Prevalence,New York,Both,30-34 years,Diabetes mellitus type 1,Percent,1992,0.0043907992932432,0.0058687762420375,0.0033787483510028
All Population,Prevalence,New York,Both,35-39 years,Diabetes mellitus type 1,Percent,1992,0.0046794522970001,0.0058824301771555,0.0036107743397599
All Population,Prevalence,New York,Both,40-44 years,Diabetes mellitus type 1,Percent,1992,0.0048188609007013,0.0061253025961364,0.0037650309515371
All Population,Prevalence,New York,Both,45-49 years,Diabetes mellitus type 1,Percent,1992,0.0048282616186932,0.0062328946858618,0.0036789755498139
All Population,Prevalence,New York,Both,50-54 years,Diabetes mellitus type 1,Percent,1992,0.0047255031122953,0.0061487249958386,0.0034858049481323
All Population,Prevalence,New York,Both,55-59 years,Diabetes mellitus type 1,Percent,1992,0.0044922113645087,0.0058423653232525,0.0033977699341892
All Population,Prevalence,New York,Both,60-64 years,Diabetes mellitus type 1,Percent,1992,0.0041514889125346,0.0054039466866635,0.0029991576539091
All Population,Prevalence,New York,Both,65-69 years,Diabetes mellitus type 1,Percent,1992,0.0037436529607437,0.0051474003721541,0.002771107509167
All Population,Prevalence,New York,Both,70-74 years,Diabetes mellitus type 1,Percent,1992,0.0033202667784242,0.004908741985695,0.0022313331378439
All Population,Prevalence,New York,Both,75-79 years,Diabetes mellitus type 1,Percent,1992,0.0028849676277903,0.004386144418511,0.0019250596129456
All Population,Prevalence,New York,Both,80+ years,Diabetes mellitus type 1,Percent,1992,0.0022575884592543,0.003700809881173,0.0013983567418594
All Population,Prevalence,New York,Both,<5 years,Diabetes mellitus type 2,Percent,1992,0.0,0.0,0.0
All Population,Prevalence,New York,Both,5-9 years,Diabetes mellitus type 2,Percent,1992,0.0,0.0,0.0
All Population,Prevalence,New York,Both,10-14 years,Diabetes mellitus type 2,Percent,1992,0.0,0.0,0.0
All Population,Prevalence,New York,Both,15-19 years,Diabetes mellitus type 2,Percent,1992,0.0045305451245814,0.0065176348292967,0.0028924874085322
All Population,Prevalence,New York,Both,20-24 years,Diabetes mellitus type 2,Percent,1992,0.0069307866058856,0.0092297568638502,0.004937899092206
All Population,Prevalence,New York,Both,25-29 years,Diabetes mellitus type 2,Percent,1992,0.0098397394844236,0.0125678849549631,0.0073991208487045
All Population,Prevalence,New York,Both,30-34 years,Diabetes mellitus type 2,Percent,1992,0.0147843992432444,0.0182024106764175,0.0114862556091571
All Population,Prevalence,New York,Both,35-39 years,Diabetes mellitus type 2,Percent,1992,0.0234630014040742,0.0284775005733522,0.0189256112839326
All Population,Prevalence,New York,Both,40-44 years,Diabetes mellitus type 2,Percent,1992,0.0384847521380528,0.047545519712784,0.0318754216398885
All Population,Prevalence,New York,Both,45-49 years,Diabetes mellitus type 2,Percent,1992,0.0685159060791358,0.0793242354849463,0.0585043413358935
All Population,Prevalence,New York,Both,50-54 years,Diabetes mellitus type 2,Percent,1992,0.1094641934502091,0.1265337260243739,0.0915201163936212
All Population,Prevalence,New York,Both,55-59 years,Diabetes mellitus type 2,Percent,1992,0.1417424883421943,0.1626890256968131,0.1215576225666292
All Population,Prevalence,New York,Both,60-64 years,Diabetes mellitus type 2,Percent,1992,0.1627745347618154,0.1844234492691619,0.1425798359480228
All Population,Prevalence,New York,Both,65-69 years,Diabetes mellitus type 2,Percent,1992,0.1751752754610256,0.1977326667085494,0.1526458997210793
All Population,Prevalence,New York,Both,70-74 years,Diabetes mellitus type 2,Percent,1992,0.1809272857815137,0.2024375049493651,0.158813720870795
All Population,Prevalence,New York,Both,75-79 years,Diabetes mellitus type 2,Percent,1992,0.1807933253103759,0.2011011087122079,0.1606753666485492
All Population,Prevalence,New York,Both,80+ years,Diabetes mellitus type 2,Percent,1992,0.167130548074822,0.1890334345347664,0.1463268846701501
All Population,Prevalence,New York,Both,<5 years,HIV/AIDS,Percent,1993,0.0005531131052717,0.0008794091719477,0.0003401923073354
All Population,Prevalence,New York,Both,5-9 years,HIV/AIDS,Percent,1993,0.0001614700582511,0.0002351663059692,0.0001057103122275
All Population,Prevalence,New York,Both,10-14 years,HIV/AIDS,Percent,1993,1.59789045892e-05,2.40252523025e-05,1.02415168848e-05
All Population,Prevalence,New York,Both,15-19 years,HIV/AIDS,Percent,1993,0.0007226015450965,0.0012069964182154,0.0003814633829526
All Population,Prevalence,New York,Both,20-24 years,HIV/AIDS,Percent,1993,0.0047059896055176,0.007370604309719,0.0026229174291412
All Population,Prevalence,New York,Both,25-29 years,HIV/AIDS,Percent,1993,0.0125812686423472,0.0186344288007225,0.0074417629742103
All Population,Prevalence,New York,Both,30-34 years,HIV/AIDS,Percent,1993,0.0204420489728829,0.0293431246307508,0.0131525409868678
All Population,Prevalence,New York,Both,35-39 years,HIV/AIDS,Percent,1993,0.0241445681936654,0.0341508487042763,0.0163881877001607
All Population,Prevalence,New York,Both,40-44 years,HIV/AIDS,Percent,1993,0.0206458913412025,0.0284030740533543,0.0145564105288618
All Population,Prevalence,New York,Both,45-49 years,HIV/AIDS,Percent,1993,0.0131805408729838,0.0176305886529606,0.0094504027784533
All Population,Prevalence,New York,Both,50-54 years,HIV/AIDS,Percent,1993,0.0074470208636106,0.0098991623023896,0.0054641286184858
All Population,Prevalence,New York,Both,55-59 years,HIV/AIDS,Percent,1993,0.0046361345378542,0.0061598828549896,0.0033754896142369
All Population,Prevalence,New York,Both,60-64 years,HIV/AIDS,Percent,1993,0.0028820137235589,0.0039904651021068,0.0020294872761834
All Population,Prevalence,New York,Both,65-69 years,HIV/AIDS,Percent,1993,0.001658963185556,0.0023361953436961,0.0011738725784496
All Population,Prevalence,New York,Both,70-74 years,HIV/AIDS,Percent,1993,0.0008892697041017,0.0012031113133412,0.0006354069080648
All Population,Prevalence,New York,Both,75-79 years,HIV/AIDS,Percent,1993,0.0005648848337583,0.0007681173881701,0.0003893370711792
All Population,Prevalence,New York,Both,80+ years,HIV/AIDS,Percent,1993,0.0002086735762618,0.0003129678648841,0.0001326919368252
All Population,Prevalence,New York,Both,<5 years,Alcohol use disorders,Percent,1993,0.0006896787165398,0.000990234317312,0.0004148632173251
All Population,Prevalence,New York,Both,5-9 years,Alcohol use disorders,Percent,1993,0.0005830001519104,0.0008476689949656,0.0003505987162444
All Population,Prevalence,New York,Both,10-14 years,Alcohol use disorders,Percent,1993,0.003183195454453,0.0045358925725098,0.001933982341027
All Population,Prevalence,New York,Both,15-19 years,Alcohol use disorders,Percent,1993,0.0266535614619943,0.0362824509080951,0.0191399482110913
All Population,Prevalence,New York,Both,20-24 years,Alcohol use disorders,Percent,1993,0.0594435067959568,0.081097541143885,0.0419478035728854
All Population,Prevalence,New York,Both,25-29 years,Alcohol use disorders,Percent,1993,0.0557365588225596,0.0718248419740164,0.0416634382913293
All Population,Prevalence,New York,Both,30-34 years,Alcohol use disorders,Percent,1993,0.0468080961637237,0.0617516623981543,0.0318827081277905
All Population,Prevalence,New York,Both,35-39 years,Alcohol use disorders,Percent,1993,0.0436341285580304,0.0555936354902504,0.03247787482797
All Population,Prevalence,New York,Both,40-44 years,Alcohol use disorders,Percent,1993,0.0401153151147769,0.0533774083655675,0.0284749294120703
All Population,Prevalence,New York,Both,45-49 years,Alcohol use disorders,Percent,1993,0.0336836523407905,0.042166638695091,0.0262587248689829
All Population,Prevalence,New York,Both,50-54 years,Alcohol use disorders,Percent,1993,0.0273168366565788,0.0358849071098399,0.0202737760729503
All Population,Prevalence,New York,Both,55-59 years,Alcohol use disorders,Percent,1993,0.0228557459229151,0.0288070066264577,0.0178139330744353
All Population,Prevalence,New York,Both,60-64 years,Alcohol use disorders,Percent,1993,0.0188702209416958,0.0250765016418626,0.0134810715073176
All Population,Prevalence,New York,Both,65-69 years,Alcohol use disorders,Percent,1993,0.0151864124455987,0.0196238238543719,0.0116708916845847
All Population,Prevalence,New York,Both,70-74 years,Alcohol use disorders,Percent,1993,0.0121171505242926,0.0159416349747124,0.0088797926537932
All Population,Prevalence,New York,Both,75-79 years,Alcohol use disorders,Percent,1993,0.010634546071108,0.0137425484691149,0.0078078249493047
All Population,Prevalence,New York,Both,80+ years,Alcohol use disorders,Percent,1993,0.0110345636011829,0.0142342101840856,0.0083284141132212
All Population,Prevalence,New York,Both,<5 years,Drug use disorders,Percent,1993,0.0,0.0,0.0
All Population,Prevalence,New York,Both,5-9 years,Drug use disorders,Percent,1993,0.0,0.0,0.0
All Population,Prevalence,New York,Both,10-14 years,Drug use disorders,Percent,1993,0.0044686742804954,0.0084066741908273,0.00172230536575
All Population,Prevalence,New York,Both,15-19 years,Drug use disorders,Percent,1993,0.0556179567698899,0.0831201440999244,0.0358289147275346
All Population,Prevalence,New York,Both,20-24 years,Drug use disorders,Percent,1993,0.0650425212840635,0.0794044925611889,0.0522441983063156
All Population,Prevalence,New York,Both,25-29 years,Drug use disorders,Percent,1993,0.0527955943431965,0.0637815241894747,0.043741213095451
All Population,Prevalence,New York,Both,30-34 years,Drug use disorders,Percent,1993,0.0396020944347673,0.0469541162109417,0.033282884839103
All Population,Prevalence,New York,Both,35-39 years,Drug use disorders,Percent,1993,0.030604059873821,0.0367814171323242,0.0258774229824017
All Population,Prevalence,New York,Both,40-44 years,Drug use disorders,Percent,1993,0.0234612974827196,0.0276388796703739,0.0196927356967979
All Population,Prevalence,New York,Both,45-49 years,Drug use disorders,Percent,1993,0.0170788630304977,0.0210942401237861,0.0142485297615705
All Population,Prevalence,New York,Both,50-54 years,Drug use disorders,Percent,1993,0.0119403899767794,0.0141831895928973,0.0098377429389672
All Population,Prevalence,New York,Both,55-59 years,Drug use disorders,Percent,1993,0.0080132340272109,0.0094335318340358,0.0066832922858313
All Population,Prevalence,New York,Both,60-64 years,Drug use disorders,Percent,1993,0.0052011267127275,0.0061965573527852,0.0043065840921129
All Population,Prevalence,New York,Both,65-69 years,Drug use disorders,Percent,1993,0.0036864276884299,0.0043920968755897,0.0030789640514346
All Population,Prevalence,New York,Both,70-74 years,Drug use disorders,Percent,1993,0.0027981796434888,0.0033352445062272,0.0023621076263217
All Population,Prevalence,New York,Both,75-79 years,Drug use disorders,Percent,1993,0.0022699308650215,0.0027538581905629,0.0018790676123565
All Population,Prevalence,New York,Both,80+ years,Drug use disorders,Percent,1993,0.001911631734323,0.0023182588399,0.0016080415612245
All Population,Prevalence,New York,Both,<5 years,Depressive disorders,Percent,1993,6.2991575485e-06,1.21661787575e-05,2.260661129e-06
All Population,Prevalence,New York,Both,5-9 years,Depressive disorders,Percent,1993,0.0069927798508156,0.0105394990817575,0.0044485842540266
All Population,Prevalence,New York,Both,10-14 years,Depressive disorders,Percent,1993,0.0309484470820796,0.0406606924997455,0.0226557410266452
All Population,Prevalence,New York,Both,15-19 years,Depressive disorders,Percent,1993,0.0455155030098087,0.0580726830701767,0.0355031295539489
All Population,Prevalence,New York,Both,20-24 years,Depressive disorders,Percent,1993,0.047357259319893,0.0588962699972454,0.0390383142253318
All Population,Prevalence,New York,Both,25-29 years,Depressive disorders,Percent,1993,0.0486964993908624,0.0586314036030341,0.0403244192240467
All Population,Prevalence,New York,Both,30-34 years,Depressive disorders,Percent,1993,0.0494070251469536,0.058492122214326,0.0413173300159679
All Population,Prevalence,New York,Both,35-39 years,Depressive disorders,Percent,1993,0.0493821095205063,0.0589213383092711,0.0414215458828986
All Population,Prevalence,New York,Both,40-44 years,Depressive disorders,Percent,1993,0.0490977052348223,0.0585755278771296,0.0400338754413277
All Population,Prevalence,New York,Both,45-49 years,Depressive disorders,Percent,1993,0.0476310571895834,0.0560909971521434,0.0392318593992265
All Population,Prevalence,New York,Both,50-54 years,Depressive disorders,Percent,1993,0.0447195693736686,0.053672819750814,0.0364822676214165
All Population,Prevalence,New York,Both,55-59 years,Depressive disorders,Percent,1993,0.041393759399186,0.0486021359125633,0.0348128359031021
All Population,Prevalence,New York,Both,60-64 years,Depressive disorders,Percent,1993,0.0385275496538928,0.0456978951050852,0.032264956574168
All Population,Prevalence,New York,Both,65-69 years,Depressive disorders,Percent,1993,0.0369815013563457,0.0430934836613679,0.0309457030686271
All Population,Prevalence,New York,Both,70-74 years,Depressive disorders,Percent,1993,0.0357116177149596,0.0415773038562282,0.0298250193865807
All Population,Prevalence,New York,Both,75-79 years,Depressive disorders,Percent,1993,0.0354668833519939,0.041782140253939,0.029452453689346
All Population,Prevalence,New York,Both,80+ years,Depressive disorders,Percent,1993,0.0358263786978709,0.0428000107405368,0.0295796466634114
All Population,Prevalence,New York,Both,<5 years,Anxiety disorders,Percent,1993,0.0009033020657661,0.0015895128084266,0.0004329358495668
All Population,Prevalence,New York,Both,5-9 years,Anxiety disorders,Percent,1993,0.0154358722383751,0.0236656445151809,0.0085717661806038
All Population,Prevalence,New York,Both,10-14 years,Anxiety disorders,Percent,1993,0.0291029925458482,0.0381452887665526,0.0222002503697156
All Population,Prevalence,New York,Both,15-19 years,Anxiety disorders,Percent,1993,0.0627040853751511,0.0789335301812487,0.0485139262428693
All Population,Prevalence,New York,Both,20-24 years,Anxiety disorders,Percent,1993,0.0865636136196302,0.1009170682578408,0.072956999889498
All Population,Prevalence,New York,Both,25-29 years,Anxiety disorders,Percent,1993,0.0939906908579048,0.1083360581841367,0.0808652290422417
All Population,Prevalence,New York,Both,30-34 years,Anxiety disorders,Percent,1993,0.0918118191368751,0.1042005856457067,0.0795037060102337
All Population,Prevalence,New York,Both,35-39 years,Anxiety disorders,Percent,1993,0.0885402105243138,0.1031736321255255,0.0766340032636128
All Population,Prevalence,New York,Both,40-44 years,Anxiety disorders,Percent,1993,0.0860329508902184,0.1029634783118172,0.0734947730899772
All Population,Prevalence,New York,Both,45-49 years,Anxiety disorders,Percent,1993,0.0842345934832105,0.0983857631373423,0.0700258787913232
All Population,Prevalence,New York,Both,50-54 years,Anxiety disorders,Percent,1993,0.0812531852843338,0.0997615953217471,0.0692306950288846
All Population,Prevalence,New York,Both,55-59 years,Anxiety disorders,Percent,1993,0.073666032481518,0.0876090669838495,0.059078256388595
All Population,Prevalence,New York,Both,60-64 years,Anxiety disorders,Percent,1993,0.0654255035035328,0.0781844515204701,0.0530352909810882
All Population,Prevalence,New York,Both,65-69 years,Anxiety disorders,Percent,1993,0.0603652955443981,0.0712916415285098,0.0495219104499941
All Population,Prevalence,New York,Both,70-74 years,Anxiety disorders,Percent,1993,0.0566221239659927,0.0677597101512722,0.0463870510705073
All Population,Prevalence,New York,Both,75-79 years,Anxiety disorders,Percent,1993,0.0544144902187559,0.0691692958788625,0.0434439345617117
All Population,Prevalence,New York,Both,80+ years,Anxiety disorders,Percent,1993,0.0527868975287323,0.0672043905281537,0.0396945199971024
All Population,Prevalence,New York,Both,<5 years,Diabetes mellitus type 1,Percent,1993,0.0002213734853665,0.0003747352303773,0.0001104496256187
All Population,Prevalence,New York,Both,5-9 years,Diabetes mellitus type 1,Percent,1993,0.0011581148033467,0.0018465100104312,0.0007020865375992
All Population,Prevalence,New York,Both,10-14 years,Diabetes mellitus type 1,Percent,1993,0.0022287027180442,0.0030632098576001,0.0015373448759802
All Population,Prevalence,New York,Both,15-19 years,Diabetes mellitus type 1,Percent,1993,0.0028211819157974,0.0036392168920289,0.0022237786667367
All Population,Prevalence,New York,Both,20-24 years,Diabetes mellitus type 1,Percent,1993,0.0034320476286377,0.0046832694995158,0.002708358949149
All Population,Prevalence,New York,Both,25-29 years,Diabetes mellitus type 1,Percent,1993,0.0039587319652132,0.00542933948561,0.0030995614817763
All Population,Prevalence,New York,Both,30-34 years,Diabetes mellitus type 1,Percent,1993,0.0043895250467839,0.0058920876466452,0.0033639436606929
All Population,Prevalence,New York,Both,35-39 years,Diabetes mellitus type 1,Percent,1993,0.0046855978334316,0.0059027300255229,0.0036049474983519
All Population,Prevalence,New York,Both,40-44 years,Diabetes mellitus type 1,Percent,1993,0.0048296283652077,0.0061136146245815,0.0037910994483867
All Population,Prevalence,New York,Both,45-49 years,Diabetes mellitus type 1,Percent,1993,0.0048383726239239,0.0062587284026173,0.0037360883215809
All Population,Prevalence,New York,Both,50-54 years,Diabetes mellitus type 1,Percent,1993,0.0047344804695707,0.0061638006479623,0.0034852396437011
All Population,Prevalence,New York,Both,55-59 years,Diabetes mellitus type 1,Percent,1993,0.0045034874127215,0.0058538076511683,0.003366650966275
All Population,Prevalence,New York,Both,60-64 years,Diabetes mellitus type 1,Percent,1993,0.0041599726077069,0.0053481207529339,0.0030211116745254
All Population,Prevalence,New York,Both,65-69 years,Diabetes mellitus type 1,Percent,1993,0.0037491870285985,0.0050400885693369,0.0027783945964023
All Population,Prevalence,New York,Both,70-74 years,Diabetes mellitus type 1,Percent,1993,0.0033241688232574,0.0048600595489691,0.0022323330199934
All Population,Prevalence,New York,Both,75-79 years,Diabetes mellitus type 1,Percent,1993,0.0028866605538462,0.004342165610612,0.001902548151146
All Population,Prevalence,New York,Both,80+ years,Diabetes mellitus type 1,Percent,1993,0.0022509319692505,0.0036404037329653,0.0014155803171358
All Population,Prevalence,New York,Both,<5 years,Diabetes mellitus type 2,Percent,1993,0.0,0.0,0.0
All Population,Prevalence,New York,Both,5-9 years,Diabetes mellitus type 2,Percent,1993,0.0,0.0,0.0
All Population,Prevalence,New York,Both,10-14 years,Diabetes mellitus type 2,Percent,1993,0.0,0.0,0.0
All Population,Prevalence,New York,Both,15-19 years,Diabetes mellitus type 2,Percent,1993,0.00462089920552,0.0066467503399933,0.0030025723748388
All Population,Prevalence,New York,Both,20-24 years,Diabetes mellitus type 2,Percent,1993,0.0070748209659753,0.009404154994782,0.0050368383734065
All Population,Prevalence,New York,Both,25-29 years,Diabetes mellitus type 2,Percent,1993,0.0100508455869661,0.0127889467770703,0.0075668007383515
All Population,Prevalence,New York,Both,30-34 years,Diabetes mellitus type 2,Percent,1993,0.0150335588038795,0.018405708706798,0.0116882564268916
All Population,Prevalence,New York,Both,35-39 years,Diabetes mellitus type 2,Percent,1993,0.0237892455839768,0.0288076112816835,0.0192678469452555
All Population,Prevalence,New York,Both,40-44 years,Diabetes mellitus type 2,Percent,1993,0.0388931617457967,0.0473293641447135,0.0321281699868252
All Population,Prevalence,New York,Both,45-49 years,Diabetes mellitus type 2,Percent,1993,0.0690456299533443,0.0803299160178456,0.0596526429113031
All Population,Prevalence,New York,Both,50-54 years,Diabetes mellitus type 2,Percent,1993,0.1101606480444797,0.1274113398793335,0.0921368990135849
All Population,Prevalence,New York,Both,55-59 years,Diabetes mellitus type 2,Percent,1993,0.1427987799595199,0.1627818786359792,0.1226093271849356
All Population,Prevalence,New York,Both,60-64 years,Diabetes mellitus type 2,Percent,1993,0.1641945220480381,0.1858031427395122,0.1441946273922132
All Population,Prevalence,New York,Both,65-69 years,Diabetes mellitus type 2,Percent,1993,0.1769981952202383,0.2002453424300833,0.1546717679324126
All Population,Prevalence,New York,Both,70-74 years,Diabetes mellitus type 2,Percent,1993,0.1830161603190948,0.2042831050358011,0.1612320804455815
All Population,Prevalence,New York,Both,75-79 years,Diabetes mellitus type 2,Percent,1993,0.1828425779184188,0.2040231542041905,0.1626834938761951
All Population,Prevalence,New York,Both,80+ years,Diabetes mellitus type 2,Percent,1993,0.1686868152595734,0.1902353623516504,0.1487637877622315
All Population,Prevalence,New York,Both,<5 years,Chronic kidney disease,Percent,1993,0.0004143664638525,0.0005320472361487,0.0003179923773935
All Population,Prevalence,New York,Both,5-9 years,Chronic kidney disease,Percent,1993,0.0023625619895561,0.0032040839324401,0.001715643967678
All Population,Prevalence,New York,Both,10-14 years,Chronic kidney disease,Percent,1993,0.01248480519843,0.0159146693821446,0.0094586026686877
All Population,Prevalence,New York,Both,15-19 years,Chronic kidney disease,Percent,1993,0.0313134174688254,0.0405669782213546,0.0238123840059314
All Population,Prevalence,New York,Both,20-24 years,Chronic kidney disease,Percent,1993,0.0453235258014731,0.0578873694099971,0.0362149279983207
All Population,Prevalence,New York,Both,25-29 years,Chronic kidney disease,Percent,1993,0.0492863838027961,0.0626267903986796,0.0379477018554203
All Population,Prevalence,New York,Both,30-34 years,Chronic kidney disease,Percent,1993,0.0545736264302707,0.0690879289585886,0.0423220569965866
All Population,Prevalence,New York,Both,35-39 years,Chronic kidney disease,Percent,1993,0.061196491911837,0.0763850414086839,0.0475932430855573
All Population,Prevalence,New York,Both,40-44 years,Chronic kidney disease,Percent,1993,0.0657410973099611,0.0824580212087337,0.0532568836082414
All Population,Prevalence,New York,Both,45-49 years,Chronic kidney disease,Percent,1993,0.07444644926926,0.0904571041853976,0.060284002590381
All Population,Prevalence,New York,Both,50-54 years,Chronic kidney disease,Percent,1993,0.0927355639470566,0.1105614220328136,0.0749377284501026
All Population,Prevalence,New York,Both,55-59 years,Chronic kidney disease,Percent,1993,0.1185790804073737,0.1422466332874099,0.0968848865528042
All Population,Prevalence,New York,Both,60-64 years,Chronic kidney disease,Percent,1993,0.1605916629440052,0.1895982597788167,0.1344335786524975
All Population,Prevalence,New York,Both,65-69 years,Chronic kidney disease,Percent,1993,0.2356502776805648,0.2754021954357569,0.19706856874056
All Population,Prevalence,New York,Both,70-74 years,Chronic kidney disease,Percent,1993,0.3308780581764817,0.3780920943880084,0.2843940181062059
All Population,Prevalence,New York,Both,75-79 years,Chronic kidney disease,Percent,1993,0.4338841135727844,0.4880642627522628,0.3785329913525956
All Population,Prevalence,New York,Both,80+ years,Chronic kidney disease,Percent,1993,0.5935627786805187,0.652096039668584,0.551958111133516
All Population,Prevalence,New York,Both,<5 years,HIV/AIDS,Percent,1994,0.0004982824830461,0.0007941027915596,0.0003002273468311
All Population,Prevalence,New York,Both,5-9 years,HIV/AIDS,Percent,1994,0.000195872564033,0.0002877939649473,0.0001270270548406
All Population,Prevalence,New York,Both,10-14 years,HIV/AIDS,Percent,1994,2.77090740077e-05,4.08377697294e-05,1.81449705692e-05
All Population,Prevalence,New York,Both,15-19 years,HIV/AIDS,Percent,1994,0.0006416028711404,0.0010688141001335,0.0003355078168608
All Population,Prevalence,New York,Both,20-24 years,HIV/AIDS,Percent,1994,0.0040283090302138,0.006316643169618,0.0022054232047521
All Population,Prevalence,New York,Both,25-29 years,HIV/AIDS,Percent,1994,0.0111018444057581,0.0165022254964173,0.0064515035776214
All Population,Prevalence,New York,Both,30-34 years,HIV/AIDS,Percent,1994,0.0194166978183741,0.0280388506576937,0.0120026684499103
All Population,Prevalence,New York,Both,35-39 years,HIV/AIDS,Percent,1994,0.0237809214805349,0.0336912939078179,0.016072186492893
All Population,Prevalence,New York,Both,40-44 years,HIV/AIDS,Percent,1994,0.0217339180508371,0.0303485004195553,0.0151324887362298
All Population,Prevalence,New York,Both,45-49 years,HIV/AIDS,Percent,1994,0.0142348591219367,0.0192720889029654,0.0102437781255278
All Population,Prevalence,New York,Both,50-54 years,HIV/AIDS,Percent,1994,0.0080308349400295,0.0108315099709686,0.0058382339987404
All Population,Prevalence,New York,Both,55-59 years,HIV/AIDS,Percent,1994,0.0049090878058606,0.0065357604657342,0.0035421179840644
All Population,Prevalence,New York,Both,60-64 years,HIV/AIDS,Percent,1994,0.0031209503915074,0.0043328018170394,0.0021825329008596
All Population,Prevalence,New York,Both,65-69 years,HIV/AIDS,Percent,1994,0.0018058496173383,0.0025268445266621,0.0012705058710806
All Population,Prevalence,New York,Both,70-74 years,HIV/AIDS,Percent,1994,0.0010001033441844,0.0013747582886129,0.0006999372140578
All Population,Prevalence,New York,Both,75-79 years,HIV/AIDS,Percent,1994,0.0005713564551027,0.000758919953727,0.0003987830485729
All Population,Prevalence,New York,Both,80+ years,HIV/AIDS,Percent,1994,0.00023880893133,0.0003525303412313,0.0001515683418214
All Population,Prevalence,New York,Both,<5 years,Alcohol use disorders,Percent,1994,0.0006832437929027,0.000973005711876,0.0004093611194717
All Population,Prevalence,New York,Both,5-9 years,Alcohol use disorders,Percent,1994,0.0005788527154421,0.000846389667954,0.0003425585999361
All Population,Prevalence,New York,Both,10-14 years,Alcohol use disorders,Percent,1994,0.0034088731246797,0.0048947999978274,0.0020657342372714
All Population,Prevalence,New York,Both,15-19 years,Alcohol use disorders,Percent,1994,0.0274615685457936,0.037294725432,0.0200927359156633
All Population,Prevalence,New York,Both,20-24 years,Alcohol use disorders,Percent,1994,0.0590714464215558,0.0817070529618083,0.0419675640317416
All Population,Prevalence,New York,Both,25-29 years,Alcohol use disorders,Percent,1994,0.0540026410180801,0.0693078456808696,0.0409051546629798
All Population,Prevalence,New York,Both,30-34 years,Alcohol use disorders,Percent,1994,0.0444444479956562,0.0590728384493318,0.030167174945714
All Population,Prevalence,New York,Both,35-39 years,Alcohol use disorders,Percent,1994,0.0415473353287795,0.0530268738658363,0.03127749354954
All Population,Prevalence,New York,Both,40-44 years,Alcohol use disorders,Percent,1994,0.0384757109542754,0.0514982408905636,0.0272646078934443
All Population,Prevalence,New York,Both,45-49 years,Alcohol use disorders,Percent,1994,0.0322296522096342,0.0405245951094271,0.025312429538624
All Population,Prevalence,New York,Both,50-54 years,Alcohol use disorders,Percent,1994,0.0260386345831007,0.0342614158680207,0.0191268391476383
All Population,Prevalence,New York,Both,55-59 years,Alcohol use disorders,Percent,1994,0.0217678970848893,0.027877242093688,0.0169479130591274
All Population,Prevalence,New York,Both,60-64 years,Alcohol use disorders,Percent,1994,0.0180161063174712,0.0238255730227987,0.012791896828259
All Population,Prevalence,New York,Both,65-69 years,Alcohol use disorders,Percent,1994,0.0146280084403034,0.0189430594997489,0.0112306354937029
All Population,Prevalence,New York,Both,70-74 years,Alcohol use disorders,Percent,1994,0.0118208537546687,0.0155606389773314,0.0087089101192609
All Population,Prevalence,New York,Both,75-79 years,Alcohol use disorders,Percent,1994,0.0105015257172454,0.0136458267035975,0.0077275899388946
All Population,Prevalence,New York,Both,80+ years,Alcohol use disorders,Percent,1994,0.0110002587172141,0.0140614740704668,0.0083671205482493
All Population,Prevalence,New York,Both,<5 years,Drug use disorders,Percent,1994,0.0,0.0,0.0
All Population,Prevalence,New York,Both,5-9 years,Drug use disorders,Percent,1994,0.0,0.0,0.0
All Population,Prevalence,New York,Both,10-14 years,Drug use disorders,Percent,1994,0.0044142893798991,0.0083287255805093,0.0016800848201611
All Population,Prevalence,New York,Both,15-19 years,Drug use disorders,Percent,1994,0.0548006389969088,0.0829724259245836,0.0343694232851405
All Population,Prevalence,New York,Both,20-24 years,Drug use disorders,Percent,1994,0.0642724848640954,0.0777440795675649,0.0518735009276468
All Population,Prevalence,New York,Both,25-29 years,Drug use disorders,Percent,1994,0.0524627272646434,0.0633253911839331,0.043377458341852
All Population,Prevalence,New York,Both,30-34 years,Drug use disorders,Percent,1994,0.0396383035514179,0.0469525334709088,0.0335047191029696
All Population,Prevalence,New York,Both,35-39 years,Drug use disorders,Percent,1994,0.0308194724267636,0.0366122915095313,0.0260465138329229
All Population,Prevalence,New York,Both,40-44 years,Drug use disorders,Percent,1994,0.0237616509331794,0.0278611489464128,0.0199792111050981
All Population,Prevalence,New York,Both,45-49 years,Drug use disorders,Percent,1994,0.0172601169591503,0.0211762269411174,0.0145167131770327
All Population,Prevalence,New York,Both,50-54 years,Drug use disorders,Percent,1994,0.0120215675950248,0.0142942709968473,0.0098269274678525
All Population,Prevalence,New York,Both,55-59 years,Drug use disorders,Percent,1994,0.0080096758806195,0.0094275502952158,0.0066494365680619
All Population,Prevalence,New York,Both,60-64 years,Drug use disorders,Percent,1994,0.0051771180217283,0.0061419873538686,0.0043061316372396
All Population,Prevalence,New York,Both,65-69 years,Drug use disorders,Percent,1994,0.0036750437877977,0.0043572292896293,0.0030643655622812
All Population,Prevalence,New York,Both,70-74 years,Drug use disorders,Percent,1994,0.0028000393707708,0.0033166980359803,0.0023563831274065
All Population,Prevalence,New York,Both,75-79 years,Drug use disorders,Percent,1994,0.0022895310801223,0.0027798119217411,0.0018917582569493
All Population,Prevalence,New York,Both,80+ years,Drug use disorders,Percent,1994,0.0019426518545481,0.0023470751875464,0.0016308311713881
All Population,Prevalence,New York,Both,<5 years,Depressive disorders,Percent,1994,6.3513176245e-06,1.22311398587e-05,2.2828121126e-06
All Population,Prevalence,New York,Both,5-9 years,Depressive disorders,Percent,1994,0.0071485454500447,0.0104755498256236,0.0044271874052702
All Population,Prevalence,New York,Both,10-14 years,Depressive disorders,Percent,1994,0.0314911903841959,0.0402334715278689,0.0231745548458925
All Population,Prevalence,New York,Both,15-19 years,Depressive disorders,Percent,1994,0.0460440226376548,0.0583401470852898,0.0367326852780385
All Population,Prevalence,New York,Both,20-24 years,Depressive disorders,Percent,1994,0.0478141760691832,0.0589048366535576,0.0391203137344862
All Population,Prevalence,New York,Both,25-29 years,Depressive disorders,Percent,1994,0.0491123392139108,0.0592108276270579,0.0407901286813309
All Population,Prevalence,New York,Both,30-34 years,Depressive disorders,Percent,1994,0.0497560446759204,0.0588167414508031,0.0415561521819568
All Population,Prevalence,New York,Both,35-39 years,Depressive disorders,Percent,1994,0.049708147750481,0.0590031235527683,0.0418096182549967
All Population,Prevalence,New York,Both,40-44 years,Depressive disorders,Percent,1994,0.0493458743467529,0.0584033598061808,0.0411466075893776
All Population,Prevalence,New York,Both,45-49 years,Depressive disorders,Percent,1994,0.0479067289642354,0.0569330691489445,0.0397360203563785
All Population,Prevalence,New York,Both,50-54 years,Depressive disorders,Percent,1994,0.0450038007653152,0.0539527267920916,0.0369927133034272
All Population,Prevalence,New York,Both,55-59 years,Depressive disorders,Percent,1994,0.0416114585290011,0.0487947242912137,0.0351884862856964
All Population,Prevalence,New York,Both,60-64 years,Depressive disorders,Percent,1994,0.0386897537941457,0.045936179473604,0.0321264079777084
All Population,Prevalence,New York,Both,65-69 years,Depressive disorders,Percent,1994,0.0370874140636373,0.043137798130516,0.0312565782200498
All Population,Prevalence,New York,Both,70-74 years,Depressive disorders,Percent,1994,0.035790423171733,0.0416828053673826,0.0302853989796256
All Population,Prevalence,New York,Both,75-79 years,Depressive disorders,Percent,1994,0.0355124517889954,0.041437214689275,0.0295168757495868
All Population,Prevalence,New York,Both,80+ years,Depressive disorders,Percent,1994,0.0359034827425118,0.0426327894474753,0.0293468767430499
All Population,Prevalence,New York,Both,<5 years,Anxiety disorders,Percent,1994,0.0009095234799158,0.0016345745415593,0.0004471124742926
All Population,Prevalence,New York,Both,5-9 years,Anxiety disorders,Percent,1994,0.0153945308792309,0.0237518677983794,0.0084571622447314
All Population,Prevalence,New York,Both,10-14 years,Anxiety disorders,Percent,1994,0.0292478263858768,0.0377629168635806,0.0228065978874073
All Population,Prevalence,New York,Both,15-19 years,Anxiety disorders,Percent,1994,0.0641155482595504,0.0779957691324685,0.051916037771933
All Population,Prevalence,New York,Both,20-24 years,Anxiety disorders,Percent,1994,0.0859266690344565,0.0994083656282695,0.0737627361747056
All Population,Prevalence,New York,Both,25-29 years,Anxiety disorders,Percent,1994,0.0946114237669919,0.1087916160375096,0.0825918878717269
All Population,Prevalence,New York,Both,30-34 years,Anxiety disorders,Percent,1994,0.0934411010169456,0.1046997524148178,0.0806708388501899
All Population,Prevalence,New York,Both,35-39 years,Anxiety disorders,Percent,1994,0.0903424330902179,0.1039072458446814,0.0798088793662247
All Population,Prevalence,New York,Both,40-44 years,Anxiety disorders,Percent,1994,0.0878548651265746,0.1038625837627826,0.0765488972457913
All Population,Prevalence,New York,Both,45-49 years,Anxiety disorders,Percent,1994,0.0863631538232472,0.0999829068541787,0.0740032573209123
All Population,Prevalence,New York,Both,50-54 years,Anxiety disorders,Percent,1994,0.0835198030595968,0.1023611947072583,0.0720319237233795
All Population,Prevalence,New York,Both,55-59 years,Anxiety disorders,Percent,1994,0.0752966774601139,0.089153215904595,0.0622683474119565
All Population,Prevalence,New York,Both,60-64 years,Anxiety disorders,Percent,1994,0.066242547082769,0.0792293291419851,0.0544817793866374
All Population,Prevalence,New York,Both,65-69 years,Anxiety disorders,Percent,1994,0.0607307262313663,0.07129920348934,0.0497778924637313
All Population,Prevalence,New York,Both,70-74 years,Anxiety disorders,Percent,1994,0.0567388737120198,0.0668777874000018,0.0468149231154076
All Population,Prevalence,New York,Both,75-79 years,Anxiety disorders,Percent,1994,0.0542924256975028,0.0683425673888343,0.0434657771276017
All Population,Prevalence,New York,Both,80+ years,Anxiety disorders,Percent,1994,0.0525436033945977,0.0671547076041798,0.0399817453548055
All Population,Prevalence,New York,Both,<5 years,Diabetes mellitus type 1,Percent,1994,0.0002355056396187,0.0004082921454515,0.0001103509788208
All Population,Prevalence,New York,Both,5-9 years,Diabetes mellitus type 1,Percent,1994,0.0012107621055832,0.0019233669051521,0.0007218820736211
All Population,Prevalence,New York,Both,10-14 years,Diabetes mellitus type 1,Percent,1994,0.0022887177772074,0.0032741776231478,0.0015639673674328
All Population,Prevalence,New York,Both,15-19 years,Diabetes mellitus type 1,Percent,1994,0.0028304731250086,0.0036579196630834,0.0022020780040857
All Population,Prevalence,New York,Both,20-24 years,Diabetes mellitus type 1,Percent,1994,0.0034304658902958,0.0046045644920522,0.0026838715369685
All Population,Prevalence,New York,Both,25-29 years,Diabetes mellitus type 1,Percent,1994,0.0039551247804788,0.0054418903354827,0.0031088724186602
All Population,Prevalence,New York,Both,30-34 years,Diabetes mellitus type 1,Percent,1994,0.0043883152020126,0.0059327271498007,0.0033905245727505
All Population,Prevalence,New York,Both,35-39 years,Diabetes mellitus type 1,Percent,1994,0.0046898775595815,0.005975207626722,0.0035999085364782
All Population,Prevalence,New York,Both,40-44 years,Diabetes mellitus type 1,Percent,1994,0.0048398056722141,0.0060885809555788,0.0038070358871749
All Population,Prevalence,New York,Both,45-49 years,Diabetes mellitus type 1,Percent,1994,0.0048469334266497,0.0062731235871944,0.0037937632867095
All Population,Prevalence,New York,Both,50-54 years,Diabetes mellitus type 1,Percent,1994,0.0047430695326435,0.0061784112717277,0.0034983547085323
All Population,Prevalence,New York,Both,55-59 years,Diabetes mellitus type 1,Percent,1994,0.0045134956960805,0.0058523799125209,0.0033357845461246
All Population,Prevalence,New York,Both,60-64 years,Diabetes mellitus type 1,Percent,1994,0.0041705181722095,0.0053392007106577,0.0030309007883705
All Population,Prevalence,New York,Both,65-69 years,Diabetes mellitus type 1,Percent,1994,0.0037573832273416,0.0049374119630986,0.0027658563132382
All Population,Prevalence,New York,Both,70-74 years,Diabetes mellitus type 1,Percent,1994,0.0033280548804506,0.0048269552153845,0.002238790327399
All Population,Prevalence,New York,Both,75-79 years,Diabetes mellitus type 1,Percent,1994,0.0028901497895467,0.0043104269364977,0.0018686605421256
All Population,Prevalence,New York,Both,80+ years,Diabetes mellitus type 1,Percent,1994,0.0022497022210902,0.0035919636613072,0.001435757064443
All Population,Prevalence,New York,Both,<5 years,Diabetes mellitus type 2,Percent,1994,0.0,0.0,0.0
All Population,Prevalence,New York,Both,5-9 years,Diabetes mellitus type 2,Percent,1994,0.0,0.0,0.0
All Population,Prevalence,New York,Both,10-14 years,Diabetes mellitus type 2,Percent,1994,0.0,0.0,0.0
All Population,Prevalence,New York,Both,15-19 years,Diabetes mellitus type 2,Percent,1994,0.00467587012566,0.0065882043738225,0.0030844968005302
All Population,Prevalence,New York,Both,20-24 years,Diabetes mellitus type 2,Percent,1994,0.0071669586122201,0.009529412327392,0.0050924781748559
All Population,Prevalence,New York,Both,25-29 years,Diabetes mellitus type 2,Percent,1994,0.0102011274415764,0.0129728047006791,0.007679745861031
All Population,Prevalence,New York,Both,30-34 years,Diabetes mellitus type 2,Percent,1994,0.0152958070102948,0.0187362156080758,0.0119542495438768
All Population,Prevalence,New York,Both,35-39 years,Diabetes mellitus type 2,Percent,1994,0.0241771778541103,0.0292581162087693,0.0195518208673057
All Population,Prevalence,New York,Both,40-44 years,Diabetes mellitus type 2,Percent,1994,0.0393880229426114,0.0475932861337893,0.03251618469694
All Population,Prevalence,New York,Both,45-49 years,Diabetes mellitus type 2,Percent,1994,0.0695653709570746,0.08048231519683,0.0599153409738609
All Population,Prevalence,New York,Both,50-54 years,Diabetes mellitus type 2,Percent,1994,0.1106490646069528,0.1282474608984099,0.0921629619122214
All Population,Prevalence,New York,Both,55-59 years,Diabetes mellitus type 2,Percent,1994,0.1436872059782651,0.1630119814717406,0.1236919612613776
All Population,Prevalence,New York,Both,60-64 years,Diabetes mellitus type 2,Percent,1994,0.1657387887780458,0.1879232463798164,0.1459649332396684
All Population,Prevalence,New York,Both,65-69 years,Diabetes mellitus type 2,Percent,1994,0.1791186669739729,0.2031760372936377,0.1583965794714872
All Population,Prevalence,New York,Both,70-74 years,Diabetes mellitus type 2,Percent,1994,0.185387894820755,0.2071781184196193,0.1636205425631247
All Population,Prevalence,New York,Both,75-79 years,Diabetes mellitus type 2,Percent,1994,0.1851878198846216,0.2081618408633611,0.1647309008112223
All Population,Prevalence,New York,Both,80+ years,Diabetes mellitus type 2,Percent,1994,0.1709039759681069,0.1920833192689903,0.1515788763733264
All Population,Prevalence,New York,Both,<5 years,HIV/AIDS,Percent,1995,0.0004410637525798,0.0006707777287206,0.0002606785421254
All Population,Prevalence,New York,Both,5-9 years,HIV/AIDS,Percent,1995,0.0002259889949472,0.0003303580974934,0.0001449374785598
All Population,Prevalence,New York,Both,10-14 years,HIV/AIDS,Percent,1995,4.40701182094e-05,6.36212387894e-05,2.90966868595e-05
All Population,Prevalence,New York,Both,15-19 years,HIV/AIDS,Percent,1995,0.0005411382368846,0.0009197760852628,0.000280951507472
All Population,Prevalence,New York,Both,20-24 years,HIV/AIDS,Percent,1995,0.0032644412984656,0.0051682301556658,0.0017674849488126
All Population,Prevalence,New York,Both,25-29 years,HIV/AIDS,Percent,1995,0.0095860919885391,0.0144755005159493,0.0054931901720172
All Population,Prevalence,New York,Both,30-34 years,HIV/AIDS,Percent,1995,0.0180926404380131,0.0260678823657415,0.0110105575922013
All Population,Prevalence,New York,Both,35-39 years,HIV/AIDS,Percent,1995,0.0230551345412907,0.0326742296723561,0.0153924382658461
All Population,Prevalence,New York,Both,40-44 years,HIV/AIDS,Percent,1995,0.0224201421906496,0.0315108718309354,0.0155505177857901
All Population,Prevalence,New York,Both,45-49 years,HIV/AIDS,Percent,1995,0.0151787636682133,0.0209211657683894,0.0107336364594889
All Population,Prevalence,New York,Both,50-54 years,HIV/AIDS,Percent,1995,0.0086054074170232,0.0117474962389223,0.0060943669517001
All Population,Prevalence,New York,Both,55-59 years,HIV/AIDS,Percent,1995,0.0051461031772468,0.0069991082677191,0.0036819560536251
All Population,Prevalence,New York,Both,60-64 years,HIV/AIDS,Percent,1995,0.0033201678814829,0.0046585378205236,0.0023444370744182
All Population,Prevalence,New York,Both,65-69 years,HIV/AIDS,Percent,1995,0.0019435886667293,0.0027124697170409,0.0013456003330562
All Population,Prevalence,New York,Both,70-74 years,HIV/AIDS,Percent,1995,0.0011028231460844,0.0015348984921417,0.0007599704710578
All Population,Prevalence,New York,Both,75-79 years,HIV/AIDS,Percent,1995,0.000594107112528,0.0007907609469388,0.000415358574836
All Population,Prevalence,New York,Both,80+ years,HIV/AIDS,Percent,1995,0.0002586078886983,0.0003743829320875,0.0001645711356247
All Population,Prevalence,New York,Both,<5 years,Alcohol use disorders,Percent,1995,0.0006780713336325,0.0009750530917789,0.0004018474606837
All Population,Prevalence,New York,Both,5-9 years,Alcohol use disorders,Percent,1995,0.0005754725152667,0.0008396922808562,0.000337607752872
All Population,Prevalence,New York,Both,10-14 years,Alcohol use disorders,Percent,1995,0.0035263190032763,0.0051646814528316,0.0021562967005058
All Population,Prevalence,New York,Both,15-19 years,Alcohol use disorders,Percent,1995,0.0277765311879448,0.0378391617439461,0.0201517614649758
All Population,Prevalence,New York,Both,20-24 years,Alcohol use disorders,Percent,1995,0.0586031417721883,0.0812168404285227,0.0416268256785926
All Population,Prevalence,New York,Both,25-29 years,Alcohol use disorders,Percent,1995,0.0524869433235682,0.0675408480836975,0.0393420141912148
All Population,Prevalence,New York,Both,30-34 years,Alcohol use disorders,Percent,1995,0.0425836801262554,0.0567659853402092,0.028970995688928
All Population,Prevalence,New York,Both,35-39 years,Alcohol use disorders,Percent,1995,0.0398923545187128,0.0511667426985407,0.0302338746138455
All Population,Prevalence,New York,Both,40-44 years,Alcohol use disorders,Percent,1995,0.0371826588477145,0.0500777370181055,0.0262333873965548
All Population,Prevalence,New York,Both,45-49 years,Alcohol use disorders,Percent,1995,0.0312858870282373,0.0399910415558134,0.0243719756287264
All Population,Prevalence,New York,Both,50-54 years,Alcohol use disorders,Percent,1995,0.025366819829801,0.0334930202420325,0.01874052355696
All Population,Prevalence,New York,Both,55-59 years,Alcohol use disorders,Percent,1995,0.0213354981750836,0.0271979018670534,0.0164353953677239
All Population,Prevalence,New York,Both,60-64 years,Alcohol use disorders,Percent,1995,0.017717743035136,0.023675387311208,0.0124979205290301
All Population,Prevalence,New York,Both,65-69 years,Alcohol use disorders,Percent,1995,0.0144464182761681,0.0187592498720363,0.0110045720883696
All Population,Prevalence,New York,Both,70-74 years,Alcohol use disorders,Percent,1995,0.0117181934993164,0.0154513675993021,0.0086325349601275
All Population,Prevalence,New York,Both,75-79 years,Alcohol use disorders,Percent,1995,0.0104676323359502,0.0136572953311684,0.007666831026428
All Population,Prevalence,New York,Both,80+ years,Alcohol use disorders,Percent,1995,0.0110212430099623,0.0140659208460618,0.0084431535065546
All Population,Prevalence,New York,Both,<5 years,Drug use disorders,Percent,1995,0.0,0.0,0.0
All Population,Prevalence,New York,Both,5-9 years,Drug use disorders,Percent,1995,0.0,0.0,0.0
All Population,Prevalence,New York,Both,10-14 years,Drug use disorders,Percent,1995,0.0043899941909323,0.0082895695447199,0.0016268222914977
All Population,Prevalence,New York,Both,15-19 years,Drug use disorders,Percent,1995,0.0542499889942134,0.0831262029012855,0.0336162531253349
All Population,Prevalence,New York,Both,20-24 years,Drug use disorders,Percent,1995,0.0636089464797377,0.0770354043572021,0.051005033897621
All Population,Prevalence,New York,Both,25-29 years,Drug use disorders,Percent,1995,0.0521791809824464,0.0628769555189856,0.0431528934318524
All Population,Prevalence,New York,Both,30-34 years,Drug use disorders,Percent,1995,0.0397222991055756,0.0471807527482653,0.033658039643217
All Population,Prevalence,New York,Both,35-39 years,Drug use disorders,Percent,1995,0.0310787850394859,0.0368439527800244,0.0263787645629069
All Population,Prevalence,New York,Both,40-44 years,Drug use disorders,Percent,1995,0.0240770094734552,0.0283788627168141,0.0203895770991226
All Population,Prevalence,New York,Both,45-49 years,Drug use disorders,Percent,1995,0.0174988841268047,0.021323998386593,0.0147853080993851
All Population,Prevalence,New York,Both,50-54 years,Drug use disorders,Percent,1995,0.0121700062177874,0.0144865201655394,0.0100233210309299
All Population,Prevalence,New York,Both,55-59 years,Drug use disorders,Percent,1995,0.0080595339239843,0.0094647130297135,0.0066497909234593
All Population,Prevalence,New York,Both,60-64 years,Drug use disorders,Percent,1995,0.0051857785652936,0.0061113595485532,0.0043260899943733
All Population,Prevalence,New York,Both,65-69 years,Drug use disorders,Percent,1995,0.0036786152783165,0.0043643884340727,0.0030660459800881
All Population,Prevalence,New York,Both,70-74 years,Drug use disorders,Percent,1995,0.002809689236661,0.0033279451203891,0.0023596088789468
All Population,Prevalence,New York,Both,75-79 years,Drug use disorders,Percent,1995,0.0023158970498212,0.0028045397673316,0.001902035029142
All Population,Prevalence,New York,Both,80+ years,Drug use disorders,Percent,1995,0.0019769972863533,0.002407688802567,0.0016466287829849
All Population,Prevalence,New York,Both,<5 years,Depressive disorders,Percent,1995,6.3899540871e-06,1.24188663173e-05,2.2991455136e-06
All Population,Prevalence,New York,Both,5-9 years,Depressive disorders,Percent,1995,0.0073643892996036,0.0110276284741667,0.0044547722334835
All Population,Prevalence,New York,Both,10-14 years,Depressive disorders,Percent,1995,0.0320154855654483,0.0409954580999943,0.0241588730305895
All Population,Prevalence,New York,Both,15-19 years,Depressive disorders,Percent,1995,0.0465453839052074,0.058248858993511,0.0373507475202635
All Population,Prevalence,New York,Both,20-24 years,Depressive disorders,Percent,1995,0.0482199857021863,0.0590929853396793,0.039037661046446
All Population,Prevalence,New York,Both,25-29 years,Depressive disorders,Percent,1995,0.0495008754804043,0.0592738355266609,0.0405905691500688
All Population,Prevalence,New York,Both,30-34 years,Depressive disorders,Percent,1995,0.05007689486997,0.0591092752034818,0.0416949631062644
All Population,Prevalence,New York,Both,35-39 years,Depressive disorders,Percent,1995,0.050005509357053,0.058767115847635,0.042499196275245
All Population,Prevalence,New York,Both,40-44 years,Depressive disorders,Percent,1995,0.0495715466361136,0.0591961899434025,0.0412768939152864
All Population,Prevalence,New York,Both,45-49 years,Depressive disorders,Percent,1995,0.0481313316003071,0.0572400675903125,0.0398351456684917
All Population,Prevalence,New York,Both,50-54 years,Depressive disorders,Percent,1995,0.0452382429903379,0.0538328083860255,0.0372686419028008
All Population,Prevalence,New York,Both,55-59 years,Depressive disorders,Percent,1995,0.0418008890923365,0.0484655001111919,0.0352364111653727
All Population,Prevalence,New York,Both,60-64 years,Depressive disorders,Percent,1995,0.0388127479189359,0.0458346856377868,0.0321139104131545
All Population,Prevalence,New York,Both,65-69 years,Depressive disorders,Percent,1995,0.0371461136505923,0.0431450014649101,0.0313842142552036
All Population,Prevalence,New York,Both,70-74 years,Depressive disorders,Percent,1995,0.0358308385833013,0.0414629892066567,0.030477259135816
All Population,Prevalence,New York,Both,75-79 years,Depressive disorders,Percent,1995,0.0355112910766724,0.0411831486478743,0.0296442799268817
All Population,Prevalence,New York,Both,80+ years,Depressive disorders,Percent,1995,0.0359387663757297,0.0423663880868803,0.0290525438872811
All Population,Prevalence,New York,Both,<5 years,Anxiety disorders,Percent,1995,0.0009126665032062,0.001725328157966,0.0004539788788816
All Population,Prevalence,New York,Both,5-9 years,Anxiety disorders,Percent,1995,0.0153523362024718,0.0248994362033247,0.0088782732170669
All Population,Prevalence,New York,Both,10-14 years,Anxiety disorders,Percent,1995,0.0293728835967499,0.0371513473865165,0.0232519155547097
All Population,Prevalence,New York,Both,15-19 years,Anxiety disorders,Percent,1995,0.0655375188863518,0.0788234476698266,0.0544944053371631
All Population,Prevalence,New York,Both,20-24 years,Anxiety disorders,Percent,1995,0.085290739307419,0.0973553322553083,0.0728301729081317
All Population,Prevalence,New York,Both,25-29 years,Anxiety disorders,Percent,1995,0.0952559858559949,0.1098507287720507,0.0837034460656117
All Population,Prevalence,New York,Both,30-34 years,Anxiety disorders,Percent,1995,0.0950716773752244,0.1063535723086081,0.0829503257737655
All Population,Prevalence,New York,Both,35-39 years,Anxiety disorders,Percent,1995,0.0921454188552209,0.1052824854053239,0.0816752568559373
All Population,Prevalence,New York,Both,40-44 years,Anxiety disorders,Percent,1995,0.0896941227480647,0.1043376841489758,0.0789835850339713
All Population,Prevalence,New York,Both,45-49 years,Anxiety disorders,Percent,1995,0.0884464862423025,0.1021697809677686,0.0772030861781
All Population,Prevalence,New York,Both,50-54 years,Anxiety disorders,Percent,1995,0.0857452299634145,0.1041003830050766,0.0741401938815544
All Population,Prevalence,New York,Both,55-59 years,Anxiety disorders,Percent,1995,0.0769340629446716,0.0910457887361962,0.0650767489107253
All Population,Prevalence,New York,Both,60-64 years,Anxiety disorders,Percent,1995,0.0670480847456101,0.0789487672216696,0.0557004375803625
All Population,Prevalence,New York,Both,65-69 years,Anxiety disorders,Percent,1995,0.0610585196194905,0.0713508444500701,0.0505447739305914
All Population,Prevalence,New York,Both,70-74 years,Anxiety disorders,Percent,1995,0.056846214487099,0.0670602729806142,0.0471589762533817
All Population,Prevalence,New York,Both,75-79 years,Anxiety disorders,Percent,1995,0.0541404843751504,0.0669586229916136,0.0438620754137551
All Population,Prevalence,New York,Both,80+ years,Anxiety disorders,Percent,1995,0.0522644447293684,0.066202025122025,0.0403162714429103
All Population,Prevalence,New York,Both,<5 years,Diabetes mellitus type 1,Percent,1995,0.0002501451251429,0.0004413756320198,0.0001089311039449
All Population,Prevalence,New York,Both,5-9 years,Diabetes mellitus type 1,Percent,1995,0.0012676166695656,0.0020202344556606,0.0007403662823207
All Population,Prevalence,New York,Both,10-14 years,Diabetes mellitus type 1,Percent,1995,0.0023510472053005,0.0034280634683964,0.0015827695941185
All Population,Prevalence,New York,Both,15-19 years,Diabetes mellitus type 1,Percent,1995,0.0028420140480176,0.0037006336237504,0.0021528656287835
All Population,Prevalence,New York,Both,20-24 years,Diabetes mellitus type 1,Percent,1995,0.0034304084446185,0.004539461263323,0.0026830261478938
All Population,Prevalence,New York,Both,25-29 years,Diabetes mellitus type 1,Percent,1995,0.0039527078498534,0.0054594899122029,0.003121141973701
All Population,Prevalence,New York,Both,30-34 years,Diabetes mellitus type 1,Percent,1995,0.0043869402029953,0.0059757797022531,0.0034175523457062
All Population,Prevalence,New York,Both,35-39 years,Diabetes mellitus type 1,Percent,1995,0.0046924021705329,0.0060556585654963,0.0036184783233997
All Population,Prevalence,New York,Both,40-44 years,Diabetes mellitus type 1,Percent,1995,0.0048478852767156,0.0060634275123804,0.0038140402228266
All Population,Prevalence,New York,Both,45-49 years,Diabetes mellitus type 1,Percent,1995,0.0048546152128865,0.0062829213155773,0.0038524497292919
All Population,Prevalence,New York,Both,50-54 years,Diabetes mellitus type 1,Percent,1995,0.0047506082647778,0.0061872907564317,0.0035287985292886
All Population,Prevalence,New York,Both,55-59 years,Diabetes mellitus type 1,Percent,1995,0.0045223544096288,0.0058386595574926,0.0033053453210261
All Population,Prevalence,New York,Both,60-64 years,Diabetes mellitus type 1,Percent,1995,0.0041824594150396,0.0053014788012696,0.0030404276150899
All Population,Prevalence,New York,Both,65-69 years,Diabetes mellitus type 1,Percent,1995,0.0037694795631643,0.0048563794010825,0.0027302619864413
All Population,Prevalence,New York,Both,70-74 years,Diabetes mellitus type 1,Percent,1995,0.0033345031662046,0.0047806291158575,0.0022501015210393
All Population,Prevalence,New York,Both,75-79 years,Diabetes mellitus type 1,Percent,1995,0.0028961985233941,0.0042750683443065,0.0018331579802041
All Population,Prevalence,New York,Both,80+ years,Diabetes mellitus type 1,Percent,1995,0.0022463730576819,0.0035446778501365,0.0014464586086985
All Population,Prevalence,New York,Both,<5 years,Diabetes mellitus type 2,Percent,1995,0.0,0.0,0.0
All Population,Prevalence,New York,Both,5-9 years,Diabetes mellitus type 2,Percent,1995,0.0,0.0,0.0
All Population,Prevalence,New York,Both,10-14 years,Diabetes mellitus type 2,Percent,1995,0.0,0.0,0.0
All Population,Prevalence,New York,Both,15-19 years,Diabetes mellitus type 2,Percent,1995,0.0046973326314926,0.006615447373058,0.0031214816260059
All Population,Prevalence,New York,Both,20-24 years,Diabetes mellitus type 2,Percent,1995,0.0072017846874783,0.009551378666208,0.0051782530194358
All Population,Prevalence,New York,Both,25-29 years,Diabetes mellitus type 2,Percent,1995,0.0102757295752926,0.0130719597881837,0.0077154562732196
All Population,Prevalence,New York,Both,30-34 years,Diabetes mellitus type 2,Percent,1995,0.0155692741378717,0.0190705702536533,0.012244860242271
All Population,Prevalence,New York,Both,35-39 years,Diabetes mellitus type 2,Percent,1995,0.0246015471893626,0.029745486223826,0.0199012137661406
All Population,Prevalence,New York,Both,40-44 years,Diabetes mellitus type 2,Percent,1995,0.0399346674640731,0.0482476881351417,0.0329503933008672
All Population,Prevalence,New York,Both,45-49 years,Diabetes mellitus type 2,Percent,1995,0.0700928464971939,0.0810842686780824,0.0605180824211484
All Population,Prevalence,New York,Both,50-54 years,Diabetes mellitus type 2,Percent,1995,0.110900115458269,0.1284741750248035,0.0920671993325519
All Population,Prevalence,New York,Both,55-59 years,Diabetes mellitus type 2,Percent,1995,0.1443485514546673,0.1647416737156161,0.1248115153023257
All Population,Prevalence,New York,Both,60-64 years,Diabetes mellitus type 2,Percent,1995,0.1672965919660392,0.1896208869835972,0.1482078016264915
All Population,Prevalence,New York,Both,65-69 years,Diabetes mellitus type 2,Percent,1995,0.181404566649083,0.2048643841362629,0.1616377424170597
All Population,Prevalence,New York,Both,70-74 years,Diabetes mellitus type 2,Percent,1995,0.1879406659739796,0.2115231511774987,0.1670088548377888
All Population,Prevalence,New York,Both,75-79 years,Diabetes mellitus type 2,Percent,1995,0.1877534203945196,0.2121474975975958,0.1665988059987388
All Population,Prevalence,New York,Both,80+ years,Diabetes mellitus type 2,Percent,1995,0.1732671689188276,0.1954262776703537,0.1531183210515479
All Population,Prevalence,New York,Both,<5 years,Chronic kidney disease,Percent,1994,0.0004140862191313,0.000532918085662,0.000317678123127
All Population,Prevalence,New York,Both,5-9 years,Chronic kidney disease,Percent,1994,0.0023679417028959,0.0032075904805061,0.0017170373496078
All Population,Prevalence,New York,Both,10-14 years,Chronic kidney disease,Percent,1994,0.0125270759701652,0.0159641733958887,0.0094868855602149
All Population,Prevalence,New York,Both,15-19 years,Chronic kidney disease,Percent,1994,0.0312824990575965,0.0409695199988377,0.0238842160431996
All Population,Prevalence,New York,Both,20-24 years,Chronic kidney disease,Percent,1994,0.0451867192460976,0.057795994316524,0.0360421505975386
All Population,Prevalence,New York,Both,25-29 years,Chronic kidney disease,Percent,1994,0.0491222933301881,0.0624418809281779,0.0377797457691037
All Population,Prevalence,New York,Both,30-34 years,Chronic kidney disease,Percent,1994,0.0545343892964417,0.0692006685819368,0.0424237204061479
All Population,Prevalence,New York,Both,35-39 years,Chronic kidney disease,Percent,1994,0.0612964128131271,0.0760766900850448,0.0476682202803068
All Population,Prevalence,New York,Both,40-44 years,Chronic kidney disease,Percent,1994,0.0658254437296261,0.0823038087896348,0.0530952245924411
All Population,Prevalence,New York,Both,45-49 years,Chronic kidney disease,Percent,1994,0.074480973389366,0.0904917238243186,0.0605684518554613
All Population,Prevalence,New York,Both,50-54 years,Chronic kidney disease,Percent,1994,0.0926579152872393,0.1105292204390524,0.0747155641150545
All Population,Prevalence,New York,Both,55-59 years,Chronic kidney disease,Percent,1994,0.1184032328448946,0.1423135364057415,0.0969450836209169
All Population,Prevalence,New York,Both,60-64 years,Chronic kidney disease,Percent,1994,0.1605668960423378,0.1885600856731732,0.1348921764498667
All Population,Prevalence,New York,Both,65-69 years,Chronic kidney disease,Percent,1994,0.2357787007171174,0.2766186166918272,0.1964546087081207
All Population,Prevalence,New York,Both,70-74 years,Chronic kidney disease,Percent,1994,0.3310939676243746,0.3798757853200292,0.2862743141393649
All Population,Prevalence,New York,Both,75-79 years,Chronic kidney disease,Percent,1994,0.434273755414391,0.48945198680545,0.3793232595933101
All Population,Prevalence,New York,Both,80+ years,Chronic kidney disease,Percent,1994,0.5936745149495907,0.6517272519568632,0.5515438686760387
All Population,Prevalence,New York,Both,<5 years,Chronic kidney disease,Percent,1995,0.000413811288976,0.0005341170189368,0.000316161115853
All Population,Prevalence,New York,Both,5-9 years,Chronic kidney disease,Percent,1995,0.0023723229539728,0.0032289092815744,0.0017137672321169
All Population,Prevalence,New York,Both,10-14 years,Chronic kidney disease,Percent,1995,0.012558275747471,0.0162206356989335,0.0095062887195178
All Population,Prevalence,New York,Both,15-19 years,Chronic kidney disease,Percent,1995,0.0312556288194898,0.0410820484677862,0.0240280188952803
All Population,Prevalence,New York,Both,20-24 years,Chronic kidney disease,Percent,1995,0.0450533191518645,0.057657231838224,0.0357287778516858
All Population,Prevalence,New York,Both,25-29 years,Chronic kidney disease,Percent,1995,0.0490085119028038,0.0623204374903997,0.0378860355358462
All Population,Prevalence,New York,Both,30-34 years,Chronic kidney disease,Percent,1995,0.05455237722788,0.0692618742503712,0.0423537475995126
All Population,Prevalence,New York,Both,35-39 years,Chronic kidney disease,Percent,1995,0.061421172054933,0.0766317443584439,0.0476934109982032
All Population,Prevalence,New York,Both,40-44 years,Chronic kidney disease,Percent,1995,0.0659300518410931,0.0827634760845601,0.0529070404911294
All Population,Prevalence,New York,Both,45-49 years,Chronic kidney disease,Percent,1995,0.0745221675007279,0.0912394755383775,0.0604529403809141
All Population,Prevalence,New York,Both,50-54 years,Chronic kidney disease,Percent,1995,0.0926422635445755,0.1114489148897372,0.0744465466425559
All Population,Prevalence,New York,Both,55-59 years,Chronic kidney disease,Percent,1995,0.1183642686737677,0.1422350328338563,0.0963622185160582
All Population,Prevalence,New York,Both,60-64 years,Chronic kidney disease,Percent,1995,0.1605979640589462,0.1878414601716514,0.13500742170966
All Population,Prevalence,New York,Both,65-69 years,Chronic kidney disease,Percent,1995,0.2357590181028476,0.2780415959222219,0.1957627541736918
All Population,Prevalence,New York,Both,70-74 years,Chronic kidney disease,Percent,1995,0.3310986748893599,0.3799558872996576,0.2853533854572093
All Population,Prevalence,New York,Both,75-79 years,Chronic kidney disease,Percent,1995,0.4346013796210015,0.4896943779686679,0.3818895636081935
All Population,Prevalence,New York,Both,80+ years,Chronic kidney disease,Percent,1995,0.5946486050065667,0.6529696398046813,0.5516854426363805
All Population,Prevalence,New York,Both,<5 years,HIV/AIDS,Percent,1996,0.0003901587908419,0.0006104620301869,0.0002238880992767
All Population,Prevalence,New York,Both,5-9 years,HIV/AIDS,Percent,1996,0.0002505908249613,0.0003800347586681,0.0001608201501355
All Population,Prevalence,New York,Both,10-14 years,HIV/AIDS,Percent,1996,6.4913679011e-05,9.3106522377e-05,4.3385156827e-05
All Population,Prevalence,New York,Both,15-19 years,HIV/AIDS,Percent,1996,0.0004729815284872,0.0007901663867052,0.000242499516397
All Population,Prevalence,New York,Both,20-24 years,HIV/AIDS,Percent,1996,0.0027061248261471,0.0043229282415352,0.0014968635125019
All Population,Prevalence,New York,Both,25-29 years,HIV/AIDS,Percent,1996,0.0084087736672736,0.0125961933953072,0.0050138990632933
All Population,Prevalence,New York,Both,30-34 years,HIV/AIDS,Percent,1996,0.0167061432175306,0.0233935956287245,0.0106522503605346
All Population,Prevalence,New York,Both,35-39 years,HIV/AIDS,Percent,1996,0.0222304490949564,0.0306606340108594,0.0152059081055128
All Population,Prevalence,New York,Both,40-44 years,HIV/AIDS,Percent,1996,0.0227915015636798,0.0317493763238159,0.015954471031321
All Population,Prevalence,New York,Both,45-49 years,HIV/AIDS,Percent,1996,0.0161426260922351,0.0216201563708538,0.0114896278994762
All Population,Prevalence,New York,Both,50-54 years,HIV/AIDS,Percent,1996,0.009286937767104,0.0128087081048049,0.0064750464509961
All Population,Prevalence,New York,Both,55-59 years,HIV/AIDS,Percent,1996,0.0054515729260552,0.0074383500408682,0.0039522916790213
All Population,Prevalence,New York,Both,60-64 years,HIV/AIDS,Percent,1996,0.0035291622954225,0.0049139538835718,0.002470318917236
All Population,Prevalence,New York,Both,65-69 years,HIV/AIDS,Percent,1996,0.0021083463235761,0.0029626022608706,0.0014551482502182
All Population,Prevalence,New York,Both,70-74 years,HIV/AIDS,Percent,1996,0.0012172111873851,0.001728595507171,0.0008390967283603
All Population,Prevalence,New York,Both,75-79 years,HIV/AIDS,Percent,1996,0.0006464991830093,0.0008820123394835,0.0004522060508813
All Population,Prevalence,New York,Both,80+ years,HIV/AIDS,Percent,1996,0.0002726288308038,0.0003906447567063,0.0001742269813032
All Population,Prevalence,New York,Both,<5 years,Alcohol use disorders,Percent,1996,0.0006762198506882,0.0009714506834083,0.0004060128489862
All Population,Prevalence,New York,Both,5-9 years,Alcohol use disorders,Percent,1996,0.0005739734664119,0.0008480497164041,0.0003461597904008
All Population,Prevalence,New York,Both,10-14 years,Alcohol use disorders,Percent,1996,0.0035772973160045,0.0052741174021934,0.0022196936583029
All Population,Prevalence,New York,Both,15-19 years,Alcohol use disorders,Percent,1996,0.0276994879632424,0.0373334210906842,0.0203092522765765
All Population,Prevalence,New York,Both,20-24 years,Alcohol use disorders,Percent,1996,0.0576969773926483,0.0801750675548454,0.041777301907966
All Population,Prevalence,New York,Both,25-29 years,Alcohol use disorders,Percent,1996,0.0509369418017791,0.0661761023465278,0.0389313496767908
All Population,Prevalence,New York,Both,30-34 years,Alcohol use disorders,Percent,1996,0.0409811614213061,0.0543448152372705,0.0281730112615695
All Population,Prevalence,New York,Both,35-39 years,Alcohol use disorders,Percent,1996,0.0384628394752275,0.048759879375231,0.028863290995381
All Population,Prevalence,New York,Both,40-44 years,Alcohol use disorders,Percent,1996,0.0360580407321124,0.0484779249587163,0.0260854375129391
All Population,Prevalence,New York,Both,45-49 years,Alcohol use disorders,Percent,1996,0.0306748112079457,0.0390772160149091,0.0242037465107162
All Population,Prevalence,New York,Both,50-54 years,Alcohol use disorders,Percent,1996,0.0251671648783899,0.0330004313128032,0.0186452076425982
All Population,Prevalence,New York,Both,55-59 years,Alcohol use disorders,Percent,1996,0.0214294415515764,0.0272065907555673,0.0166989009202601
All Population,Prevalence,New York,Both,60-64 years,Alcohol use disorders,Percent,1996,0.0178652688061745,0.0235039315304571,0.0126149274983547
All Population,Prevalence,New York,Both,65-69 years,Alcohol use disorders,Percent,1996,0.0145851528253459,0.0190500328371298,0.0111879573906343
All Population,Prevalence,New York,Both,70-74 years,Alcohol use disorders,Percent,1996,0.0117957825512925,0.0154212233295632,0.0087626264461695
All Population,Prevalence,New York,Both,75-79 years,Alcohol use disorders,Percent,1996,0.0105391410488378,0.0136591630286727,0.0078474962783185
All Population,Prevalence,New York,Both,80+ years,Alcohol use disorders,Percent,1996,0.0111267410706526,0.0141804647985389,0.0085745703198526
All Population,Prevalence,New York,Both,<5 years,Drug use disorders,Percent,1996,0.0,0.0,0.0
All Population,Prevalence,New York,Both,5-9 years,Drug use disorders,Percent,1996,0.0,0.0,0.0
All Population,Prevalence,New York,Both,10-14 years,Drug use disorders,Percent,1996,0.0043993171263235,0.0082774806236772,0.0016505215419847
All Population,Prevalence,New York,Both,15-19 years,Drug use disorders,Percent,1996,0.0539101693445334,0.0836206113163777,0.0330768782265738
All Population,Prevalence,New York,Both,20-24 years,Drug use disorders,Percent,1996,0.0627748735318686,0.0766060212622614,0.0508099771694222
All Population,Prevalence,New York,Both,25-29 years,Drug use disorders,Percent,1996,0.0516925894525683,0.0620543442865969,0.0428583673236559
All Population,Prevalence,New York,Both,30-34 years,Drug use disorders,Percent,1996,0.0397607342294886,0.0467583247395288,0.0337913456145184
All Population,Prevalence,New York,Both,35-39 years,Drug use disorders,Percent,1996,0.0313311763627137,0.0371696459835754,0.0266704415881251
All Population,Prevalence,New York,Both,40-44 years,Drug use disorders,Percent,1996,0.0243946338647905,0.0284694890263991,0.020607430956372
All Population,Prevalence,New York,Both,45-49 years,Drug use disorders,Percent,1996,0.0178429042240952,0.0217213128725974,0.0150857741569716
All Population,Prevalence,New York,Both,50-54 years,Drug use disorders,Percent,1996,0.0124906839759745,0.0147682073872743,0.0102919983228132
All Population,Prevalence,New York,Both,55-59 years,Drug use disorders,Percent,1996,0.0082884257211511,0.0097170305179806,0.006916589429455
All Population,Prevalence,New York,Both,60-64 years,Drug use disorders,Percent,1996,0.0053159033123559,0.0062994161473878,0.0044403705790922
All Population,Prevalence,New York,Both,65-69 years,Drug use disorders,Percent,1996,0.0037609200570529,0.0044167739136145,0.0031493541487524
All Population,Prevalence,New York,Both,70-74 years,Drug use disorders,Percent,1996,0.0028711806819788,0.003399656897814,0.0024182392148254
All Population,Prevalence,New York,Both,75-79 years,Drug use disorders,Percent,1996,0.0023733063166107,0.0028625988701465,0.0019528780107365
All Population,Prevalence,New York,Both,80+ years,Drug use disorders,Percent,1996,0.0020245536074756,0.0024596767241597,0.0017047935520282
All Population,Prevalence,New York,Both,<5 years,Depressive disorders,Percent,1996,6.5219764924e-06,1.26182366831e-05,2.477395295e-06
All Population,Prevalence,New York,Both,5-9 years,Depressive disorders,Percent,1996,0.0074012720740118,0.0108172969109194,0.004547634667876
All Population,Prevalence,New York,Both,10-14 years,Depressive disorders,Percent,1996,0.0323006735412785,0.0421958929768443,0.0241473234997161
All Population,Prevalence,New York,Both,15-19 years,Depressive disorders,Percent,1996,0.0468142072945375,0.0582786723944246,0.0383953520635317
All Population,Prevalence,New York,Both,20-24 years,Depressive disorders,Percent,1996,0.0482724006828944,0.0582537038476086,0.0392289199426339
All Population,Prevalence,New York,Both,25-29 years,Depressive disorders,Percent,1996,0.0495150099448652,0.0594349304573524,0.0406511180734664
All Population,Prevalence,New York,Both,30-34 years,Depressive disorders,Percent,1996,0.0499975927667023,0.0597888984596476,0.0419151659729156
All Population,Prevalence,New York,Both,35-39 years,Depressive disorders,Percent,1996,0.0498943929296616,0.0583210658826266,0.0430195947532512
All Population,Prevalence,New York,Both,40-44 years,Depressive disorders,Percent,1996,0.049429680648368,0.0589374531454026,0.0410615395133042
All Population,Prevalence,New York,Both,45-49 years,Depressive disorders,Percent,1996,0.0479879514469877,0.0566980584170704,0.0399383537150985
All Population,Prevalence,New York,Both,50-54 years,Depressive disorders,Percent,1996,0.0451733294906222,0.0526748653550886,0.0374365398210761
All Population,Prevalence,New York,Both,55-59 years,Depressive disorders,Percent,1996,0.041703051471019,0.0484435409777199,0.0355106685938773
All Population,Prevalence,New York,Both,60-64 years,Depressive disorders,Percent,1996,0.0387183825537301,0.0455779082685149,0.0321489761376901
All Population,Prevalence,New York,Both,65-69 years,Depressive disorders,Percent,1996,0.0369922978920118,0.0426443642077149,0.0310079698911406
All Population,Prevalence,New York,Both,70-74 years,Depressive disorders,Percent,1996,0.0356546661862945,0.0415385614817802,0.0300228333553773
All Population,Prevalence,New York,Both,75-79 years,Depressive disorders,Percent,1996,0.0352723706344982,0.0408452464160929,0.0291682124609192
All Population,Prevalence,New York,Both,80+ years,Depressive disorders,Percent,1996,0.0356975133542394,0.0418500085123591,0.0288105844324311
All Population,Prevalence,New York,Both,<5 years,Anxiety disorders,Percent,1996,0.0009206965802583,0.0017980605589247,0.0004490046057379
All Population,Prevalence,New York,Both,5-9 years,Anxiety disorders,Percent,1996,0.015367584735424,0.0257298128009137,0.0088109323151677
All Population,Prevalence,New York,Both,10-14 years,Anxiety disorders,Percent,1996,0.0295096513333942,0.0368713897008739,0.0233837232873544
All Population,Prevalence,New York,Both,15-19 years,Anxiety disorders,Percent,1996,0.0669775120643123,0.0789258581893391,0.0562512082598813
All Population,Prevalence,New York,Both,20-24 years,Anxiety disorders,Percent,1996,0.0846262545913571,0.0963017153920586,0.072659391591078
All Population,Prevalence,New York,Both,25-29 years,Anxiety disorders,Percent,1996,0.0959279044148927,0.110922029896368,0.0848456686062222
All Population,Prevalence,New York,Both,30-34 years,Anxiety disorders,Percent,1996,0.0967295475602126,0.1084853696064474,0.0853653908989288
All Population,Prevalence,New York,Both,35-39 years,Anxiety disorders,Percent,1996,0.0939434925601348,0.1057310755841979,0.0837081701207332
All Population,Prevalence,New York,Both,40-44 years,Anxiety disorders,Percent,1996,0.0915803798644301,0.10490677270546,0.0809248475990525
All Population,Prevalence,New York,Both,45-49 years,Anxiety disorders,Percent,1996,0.090525008018123,0.1050476696258357,0.0801318010506423
All Population,Prevalence,New York,Both,50-54 years,Anxiety disorders,Percent,1996,0.087999964197062,0.1047690470893063,0.07665529887315
All Population,Prevalence,New York,Both,55-59 years,Anxiety disorders,Percent,1996,0.0785422989613373,0.092938948008144,0.0673369340146662
All Population,Prevalence,New York,Both,60-64 years,Anxiety disorders,Percent,1996,0.0679001805023126,0.0783101887033309,0.0566997555059687
All Population,Prevalence,New York,Both,65-69 years,Anxiety disorders,Percent,1996,0.0613983820218686,0.0728319069728759,0.0512364079094434
All Population,Prevalence,New York,Both,70-74 years,Anxiety disorders,Percent,1996,0.0569542042250639,0.0660781246389166,0.0475512430401177
All Population,Prevalence,New York,Both,75-79 years,Anxiety disorders,Percent,1996,0.0539775198863611,0.0657370012870671,0.0446515311160274
All Population,Prevalence,New York,Both,80+ years,Anxiety disorders,Percent,1996,0.0519739277286848,0.0661651031789732,0.0406153530681005
All Population,Prevalence,New York,Both,<5 years,Diabetes mellitus type 1,Percent,1996,0.0002718207884723,0.0004468579900407,0.0001419117861996
All Population,Prevalence,New York,Both,5-9 years,Diabetes mellitus type 1,Percent,1996,0.0013428852549468,0.0020076193632373,0.0008243748328181
All Population,Prevalence,New York,Both,10-14 years,Diabetes mellitus type 1,Percent,1996,0.0024238855270943,0.0033587532609376,0.0016482957232371
All Population,Prevalence,New York,Both,15-19 years,Diabetes mellitus type 1,Percent,1996,0.002866236924979,0.0036759772556766,0.0022136053341509
All Population,Prevalence,New York,Both,20-24 years,Diabetes mellitus type 1,Percent,1996,0.0034314870541998,0.0043783089830662,0.0027139079374059
All Population,Prevalence,New York,Both,25-29 years,Diabetes mellitus type 1,Percent,1996,0.0039509256776375,0.0053351058470474,0.0031508134238048
All Population,Prevalence,New York,Both,30-34 years,Diabetes mellitus type 1,Percent,1996,0.0043855942865992,0.005965770058629,0.0034636293614758
All Population,Prevalence,New York,Both,35-39 years,Diabetes mellitus type 1,Percent,1996,0.004694665524947,0.0060936867465646,0.0036336454748231
All Population,Prevalence,New York,Both,40-44 years,Diabetes mellitus type 1,Percent,1996,0.0048563274122646,0.0059884824194533,0.0038232519503002
All Population,Prevalence,New York,Both,45-49 years,Diabetes mellitus type 1,Percent,1996,0.0048644048385441,0.0062176343541944,0.0039123796289809
All Population,Prevalence,New York,Both,50-54 years,Diabetes mellitus type 1,Percent,1996,0.0047589187357296,0.0061744892280617,0.0035921370229786
All Population,Prevalence,New York,Both,55-59 years,Diabetes mellitus type 1,Percent,1996,0.0045340994894604,0.0058498986628069,0.003311806778885
All Population,Prevalence,New York,Both,60-64 years,Diabetes mellitus type 1,Percent,1996,0.0041961476815492,0.0053368708866969,0.0030777928956047
All Population,Prevalence,New York,Both,65-69 years,Diabetes mellitus type 1,Percent,1996,0.0037844267530585,0.0048616735592441,0.0027365221241957
All Population,Prevalence,New York,Both,70-74 years,Diabetes mellitus type 1,Percent,1996,0.0033432226707728,0.0047198360751361,0.0022981255968143
All Population,Prevalence,New York,Both,75-79 years,Diabetes mellitus type 1,Percent,1996,0.0029038425211908,0.0042431230283808,0.0018499092082681
All Population,Prevalence,New York,Both,80+ years,Diabetes mellitus type 1,Percent,1996,0.0022448088908741,0.0034473543280908,0.0014787360010695
All Population,Prevalence,New York,Both,<5 years,Diabetes mellitus type 2,Percent,1996,0.0,0.0,0.0
All Population,Prevalence,New York,Both,5-9 years,Diabetes mellitus type 2,Percent,1996,0.0,0.0,0.0
All Population,Prevalence,New York,Both,10-14 years,Diabetes mellitus type 2,Percent,1996,0.0,0.0,0.0
All Population,Prevalence,New York,Both,15-19 years,Diabetes mellitus type 2,Percent,1996,0.0046523400345288,0.0065345819970242,0.0031672426942848
All Population,Prevalence,New York,Both,20-24 years,Diabetes mellitus type 2,Percent,1996,0.0071572453045335,0.0094333417099285,0.0052164356683399
All Population,Prevalence,New York,Both,25-29 years,Diabetes mellitus type 2,Percent,1996,0.010292073199732,0.0129777620949226,0.0078467629671715
All Population,Prevalence,New York,Both,30-34 years,Diabetes mellitus type 2,Percent,1996,0.0158751504579386,0.0191887108590517,0.0124957777086091
All Population,Prevalence,New York,Both,35-39 years,Diabetes mellitus type 2,Percent,1996,0.025187045462005,0.0301988364940317,0.0205098397049876
All Population,Prevalence,New York,Both,40-44 years,Diabetes mellitus type 2,Percent,1996,0.0407266060632754,0.0488775794309936,0.0339457832860141
All Population,Prevalence,New York,Both,45-49 years,Diabetes mellitus type 2,Percent,1996,0.0706584180541598,0.0814652413246183,0.0608917532631028
All Population,Prevalence,New York,Both,50-54 years,Diabetes mellitus type 2,Percent,1996,0.1108441094907339,0.1278007160969567,0.0925863618543062
All Population,Prevalence,New York,Both,55-59 years,Diabetes mellitus type 2,Percent,1996,0.1449406486863449,0.1638537487126849,0.1263690082642591
All Population,Prevalence,New York,Both,60-64 years,Diabetes mellitus type 2,Percent,1996,0.1693392634453745,0.1919749834674413,0.1507009063734419
All Population,Prevalence,New York,Both,65-69 years,Diabetes mellitus type 2,Percent,1996,0.1846452424804367,0.2071982582964306,0.1657099081903782
All Population,Prevalence,New York,Both,70-74 years,Diabetes mellitus type 2,Percent,1996,0.1916135785135382,0.2135289916862859,0.17124181559457
All Population,Prevalence,New York,Both,75-79 years,Diabetes mellitus type 2,Percent,1996,0.1915143454694919,0.2157061161417886,0.1712298740745242
All Population,Prevalence,New York,Both,80+ years,Diabetes mellitus type 2,Percent,1996,0.1767779617368475,0.1988041438010806,0.1571112121541499
All Population,Prevalence,New York,Both,<5 years,HIV/AIDS,Percent,1997,0.000342103501193,0.0005272374608025,0.000199350618568
All Population,Prevalence,New York,Both,5-9 years,HIV/AIDS,Percent,1997,0.0002694082161544,0.0004061974583712,0.0001693349650605
All Population,Prevalence,New York,Both,10-14 years,HIV/AIDS,Percent,1997,8.85735224593e-05,0.0001255909727263,5.9446220244e-05
All Population,Prevalence,New York,Both,15-19 years,HIV/AIDS,Percent,1997,0.0004402692815514,0.0007374347558265,0.0002219269989242
All Population,Prevalence,New York,Both,20-24 years,HIV/AIDS,Percent,1997,0.0024119483675086,0.0038229334117113,0.0013066864121219
All Population,Prevalence,New York,Both,25-29 years,HIV/AIDS,Percent,1997,0.0075809733279592,0.0113011168817952,0.0046545811090991
All Population,Prevalence,New York,Both,30-34 years,HIV/AIDS,Percent,1997,0.0153962420882047,0.0212981678258862,0.0101043807612451
All Population,Prevalence,New York,Both,35-39 years,HIV/AIDS,Percent,1997,0.0214830129668356,0.0290126470362302,0.0148694027603821
All Population,Prevalence,New York,Both,40-44 years,HIV/AIDS,Percent,1997,0.0230179910991018,0.0316831808947741,0.0160337286339652
All Population,Prevalence,New York,Both,45-49 years,HIV/AIDS,Percent,1997,0.0172543758542877,0.0233498998529527,0.012221270669581
All Population,Prevalence,New York,Both,50-54 years,HIV/AIDS,Percent,1997,0.010199092549737,0.0143788222484544,0.0070066086909209
All Population,Prevalence,New York,Both,55-59 years,HIV/AIDS,Percent,1997,0.0058960083889664,0.0082582666517603,0.0042064674789136
All Population,Prevalence,New York,Both,60-64 years,HIV/AIDS,Percent,1997,0.0038087379480255,0.0053838604453226,0.0026351564477678
All Population,Prevalence,New York,Both,65-69 years,HIV/AIDS,Percent,1997,0.0023253862461629,0.0033117482514916,0.001627102332804
All Population,Prevalence,New York,Both,70-74 years,HIV/AIDS,Percent,1997,0.0013616412785581,0.0019680433754715,0.0009204656044903
All Population,Prevalence,New York,Both,75-79 years,HIV/AIDS,Percent,1997,0.0007366734283053,0.001024168180899,0.0004955309291445
All Population,Prevalence,New York,Both,80+ years,HIV/AIDS,Percent,1997,0.0002880922586674,0.0004205554213716,0.0001906686148304
All Population,Prevalence,New York,Both,<5 years,Alcohol use disorders,Percent,1997,0.0006788716805807,0.0009954829028914,0.0004094798073978
All Population,Prevalence,New York,Both,5-9 years,Alcohol use disorders,Percent,1997,0.0005748308985243,0.0008593731784809,0.0003535998572751
All Population,Prevalence,New York,Both,10-14 years,Alcohol use disorders,Percent,1997,0.003619273227048,0.0053796871704614,0.0022508134138162
All Population,Prevalence,New York,Both,15-19 years,Alcohol use disorders,Percent,1997,0.0274614597643046,0.0372560684173144,0.0203203160600306
All Population,Prevalence,New York,Both,20-24 years,Alcohol use disorders,Percent,1997,0.0562482185729663,0.0773547763803674,0.0403208165739347
All Population,Prevalence,New York,Both,25-29 years,Alcohol use disorders,Percent,1997,0.0492503579838118,0.0640396897314393,0.0379266927487422
All Population,Prevalence,New York,Both,30-34 years,Alcohol use disorders,Percent,1997,0.0394458166057609,0.0522155262591471,0.0272412594742087
All Population,Prevalence,New York,Both,35-39 years,Alcohol use disorders,Percent,1997,0.0371025579305228,0.0471133786123878,0.027632511738706
All Population,Prevalence,New York,Both,40-44 years,Alcohol use disorders,Percent,1997,0.0349743262651582,0.0470568393051018,0.0253535338819514
All Population,Prevalence,New York,Both,45-49 years,Alcohol use disorders,Percent,1997,0.0301723799585535,0.0383273399425854,0.0239329028496565
All Population,Prevalence,New York,Both,50-54 years,Alcohol use disorders,Percent,1997,0.025238320198991,0.0328364092896318,0.0189434304713635
All Population,Prevalence,New York,Both,55-59 years,Alcohol use disorders,Percent,1997,0.0217123903150819,0.0271519291520238,0.0170678663760721
All Population,Prevalence,New York,Both,60-64 years,Alcohol use disorders,Percent,1997,0.0182269956592195,0.0240162879246172,0.013051063916564
All Population,Prevalence,New York,Both,65-69 years,Alcohol use disorders,Percent,1997,0.014870793658789,0.0193735892536476,0.011374587719357
All Population,Prevalence,New York,Both,70-74 years,Alcohol use disorders,Percent,1997,0.0119834286643529,0.0155738523413472,0.008892843465621
All Population,Prevalence,New York,Both,75-79 years,Alcohol use disorders,Percent,1997,0.0106800663813902,0.01382932661247,0.0079915367729452
All Population,Prevalence,New York,Both,80+ years,Alcohol use disorders,Percent,1997,0.0113347427180454,0.0143684215554686,0.0087888125109103
All Population,Prevalence,New York,Both,<5 years,Drug use disorders,Percent,1997,0.0,0.0,0.0
All Population,Prevalence,New York,Both,5-9 years,Drug use disorders,Percent,1997,0.0,0.0,0.0
All Population,Prevalence,New York,Both,10-14 years,Drug use disorders,Percent,1997,0.0044310458985194,0.0082504187803652,0.0016570681093063
All Population,Prevalence,New York,Both,15-19 years,Drug use disorders,Percent,1997,0.0536339070956011,0.083167772099029,0.0333033744767195
All Population,Prevalence,New York,Both,20-24 years,Drug use disorders,Percent,1997,0.061629869080847,0.0759985349277995,0.0495939174355744
All Population,Prevalence,New York,Both,25-29 years,Drug use disorders,Percent,1997,0.0509329377443776,0.0608259833888005,0.0425099368626681
All Population,Prevalence,New York,Both,30-34 years,Drug use disorders,Percent,1997,0.0397361246754506,0.0467395104129147,0.0339576875986525
All Population,Prevalence,New York,Both,35-39 years,Drug use disorders,Percent,1997,0.0315670330335906,0.0376179888416281,0.0270101481545955
All Population,Prevalence,New York,Both,40-44 years,Drug use disorders,Percent,1997,0.0247246236052003,0.0287833933561435,0.0208553297466381
All Population,Prevalence,New York,Both,45-49 years,Drug use disorders,Percent,1997,0.0182956902077016,0.0222051121068724,0.0154167233314251
All Population,Prevalence,New York,Both,50-54 years,Drug use disorders,Percent,1997,0.0130366849043932,0.0153357151898611,0.0107928877974942
All Population,Prevalence,New York,Both,55-59 years,Drug use disorders,Percent,1997,0.008730009611038,0.0101393601061415,0.007366512633972
All Population,Prevalence,New York,Both,60-64 years,Drug use disorders,Percent,1997,0.0056041272949568,0.0066447857233227,0.0046976960828155
All Population,Prevalence,New York,Both,65-69 years,Drug use disorders,Percent,1997,0.0039478430623877,0.0046296767425548,0.003297019465673
All Population,Prevalence,New York,Both,70-74 years,Drug use disorders,Percent,1997,0.0030024771407773,0.0035600473443557,0.0025466578305118
All Population,Prevalence,New York,Both,75-79 years,Drug use disorders,Percent,1997,0.002469615389335,0.0029693752410681,0.0020386040084605
All Population,Prevalence,New York,Both,80+ years,Drug use disorders,Percent,1997,0.0020866655937245,0.0025321946338194,0.0017568114772175
All Population,Prevalence,New York,Both,<5 years,Depressive disorders,Percent,1997,6.803427342e-06,1.3118213482e-05,2.6698741679e-06
All Population,Prevalence,New York,Both,5-9 years,Depressive disorders,Percent,1997,0.0075516706489234,0.0107645406914649,0.004900265287721
All Population,Prevalence,New York,Both,10-14 years,Depressive disorders,Percent,1997,0.0329244467192587,0.043093328285991,0.0249059974929798
All Population,Prevalence,New York,Both,15-19 years,Depressive disorders,Percent,1997,0.0474604776748043,0.0583260500938791,0.0387803400191751
All Population,Prevalence,New York,Both,20-24 years,Depressive disorders,Percent,1997,0.0485066201569809,0.057869126196757,0.0396043186381403
All Population,Prevalence,New York,Both,25-29 years,Depressive disorders,Percent,1997,0.0496041794660602,0.0589553403793298,0.0405251717152019
All Population,Prevalence,New York,Both,30-34 years,Depressive disorders,Percent,1997,0.0499281473877026,0.0588345699957966,0.041478077051148
All Population,Prevalence,New York,Both,35-39 years,Depressive disorders,Percent,1997,0.049742077929171,0.0579753419102554,0.0425793691545742
All Population,Prevalence,New York,Both,40-44 years,Depressive disorders,Percent,1997,0.0492501570846343,0.0585537556778519,0.0410292246822805
All Population,Prevalence,New York,Both,45-49 years,Depressive disorders,Percent,1997,0.0478269972766242,0.0565600214865957,0.0397511814354369
All Population,Prevalence,New York,Both,50-54 years,Depressive disorders,Percent,1997,0.0450820345743652,0.0523898558628292,0.0378091764946308
All Population,Prevalence,New York,Both,55-59 years,Depressive disorders,Percent,1997,0.0416672299169723,0.0484550964426116,0.0353014668985462
All Population,Prevalence,New York,Both,60-64 years,Depressive disorders,Percent,1997,0.0387048612632884,0.0452951003675611,0.0321560894652675
All Population,Prevalence,New York,Both,65-69 years,Depressive disorders,Percent,1997,0.0369633694257191,0.0426869850098875,0.030850492936029
All Population,Prevalence,New York,Both,70-74 years,Depressive disorders,Percent,1997,0.0355577224241167,0.0415974204256711,0.0298375312371055
All Population,Prevalence,New York,Both,75-79 years,Depressive disorders,Percent,1997,0.0351309343664954,0.0405388841809811,0.0288464479807812
All Population,Prevalence,New York,Both,80+ years,Depressive disorders,Percent,1997,0.0355438767420346,0.0415409562523004,0.0287101945683873
All Population,Prevalence,New York,Both,<5 years,Anxiety disorders,Percent,1997,0.0009365169897126,0.0019512389558293,0.0004586274341659
All Population,Prevalence,New York,Both,5-9 years,Anxiety disorders,Percent,1997,0.0154754987823092,0.0267308913019402,0.0091894783763314
All Population,Prevalence,New York,Both,10-14 years,Anxiety disorders,Percent,1997,0.0296770470675074,0.0370501184281167,0.0235890804727703
All Population,Prevalence,New York,Both,15-19 years,Anxiety disorders,Percent,1997,0.0684502010445364,0.0787824181241039,0.0576238241825762
All Population,Prevalence,New York,Both,20-24 years,Anxiety disorders,Percent,1997,0.0839720484418982,0.0962124969779213,0.0717047873812608
All Population,Prevalence,New York,Both,25-29 years,Anxiety disorders,Percent,1997,0.0966293027428177,0.1115765400983279,0.0859733966080984
All Population,Prevalence,New York,Both,30-34 years,Anxiety disorders,Percent,1997,0.0984198953823163,0.1097791020509048,0.0867360642913529
All Population,Prevalence,New York,Both,35-39 years,Anxiety disorders,Percent,1997,0.0957272867291698,0.1064209314645942,0.0853593120125357
All Population,Prevalence,New York,Both,40-44 years,Anxiety disorders,Percent,1997,0.0934939116034594,0.1060865164986779,0.0826332094568593
All Population,Prevalence,New York,Both,45-49 years,Anxiety disorders,Percent,1997,0.0926272499716714,0.1076755815352523,0.0811252768885627
All Population,Prevalence,New York,Both,50-54 years,Anxiety disorders,Percent,1997,0.0901719979751878,0.107588464545273,0.0801702568402301
All Population,Prevalence,New York,Both,55-59 years,Anxiety disorders,Percent,1997,0.0801787429323456,0.0947307762253028,0.0692550189101912
All Population,Prevalence,New York,Both,60-64 years,Anxiety disorders,Percent,1997,0.0687414169099705,0.0792345310499848,0.0573207817404912
All Population,Prevalence,New York,Both,65-69 years,Anxiety disorders,Percent,1997,0.0617920932222929,0.0739826889934024,0.0518396090845226
All Population,Prevalence,New York,Both,70-74 years,Anxiety disorders,Percent,1997,0.0570060675984936,0.065891129035714,0.0470037599930337
All Population,Prevalence,New York,Both,75-79 years,Anxiety disorders,Percent,1997,0.0538450156530352,0.0649817576866041,0.0444501464872977
All Population,Prevalence,New York,Both,80+ years,Anxiety disorders,Percent,1997,0.0516891418411167,0.065876331953581,0.0405051826616928
All Population,Prevalence,New York,Both,<5 years,Diabetes mellitus type 1,Percent,1997,0.0003038563902311,0.0004468911899144,0.0001760163843764
All Population,Prevalence,New York,Both,5-9 years,Diabetes mellitus type 1,Percent,1997,0.0014463921062886,0.0020435766749651,0.0009176107831298
All Population,Prevalence,New York,Both,10-14 years,Diabetes mellitus type 1,Percent,1997,0.0025146903603025,0.0033409822399971,0.0017280342233459
All Population,Prevalence,New York,Both,15-19 years,Diabetes mellitus type 1,Percent,1997,0.0029095408342014,0.0037568761156093,0.0022576636996298
All Population,Prevalence,New York,Both,20-24 years,Diabetes mellitus type 1,Percent,1997,0.0034331961786745,0.0043504224359335,0.0027434235852052
All Population,Prevalence,New York,Both,25-29 years,Diabetes mellitus type 1,Percent,1997,0.0039493594326508,0.0052250895423383,0.0031695417973412
All Population,Prevalence,New York,Both,30-34 years,Diabetes mellitus type 1,Percent,1997,0.0043846485335821,0.0059407842250472,0.003508335399974
All Population,Prevalence,New York,Both,35-39 years,Diabetes mellitus type 1,Percent,1997,0.0046984432273874,0.0061487745873014,0.0036533689506378
All Population,Prevalence,New York,Both,40-44 years,Diabetes mellitus type 1,Percent,1997,0.0048680839787145,0.0059380358159009,0.0038334504260961
All Population,Prevalence,New York,Both,45-49 years,Diabetes mellitus type 1,Percent,1997,0.0048786777804021,0.0061428132082643,0.0039263143077496
All Population,Prevalence,New York,Both,50-54 years,Diabetes mellitus type 1,Percent,1997,0.0047736048415435,0.0061711671917985,0.0036624598064204
All Population,Prevalence,New York,Both,55-59 years,Diabetes mellitus type 1,Percent,1997,0.0045495807463641,0.0058706713934403,0.0033459048187477
All Population,Prevalence,New York,Both,60-64 years,Diabetes mellitus type 1,Percent,1997,0.0042146477582531,0.0053860350283878,0.0031263020257346
All Population,Prevalence,New York,Both,65-69 years,Diabetes mellitus type 1,Percent,1997,0.0038006605366947,0.0048624711565514,0.0027517250317965
All Population,Prevalence,New York,Both,70-74 years,Diabetes mellitus type 1,Percent,1997,0.0033553227958593,0.004631843425261,0.0023551682964797
All Population,Prevalence,New York,Both,75-79 years,Diabetes mellitus type 1,Percent,1997,0.0029118237630865,0.0042110283961507,0.0018717863720293
All Population,Prevalence,New York,Both,80+ years,Diabetes mellitus type 1,Percent,1997,0.0022433390106419,0.0033525827850481,0.0015034558139726
All Population,Prevalence,New York,Both,<5 years,Diabetes mellitus type 2,Percent,1997,0.0,0.0,0.0
All Population,Prevalence,New York,Both,5-9 years,Diabetes mellitus type 2,Percent,1997,0.0,0.0,0.0
All Population,Prevalence,New York,Both,10-14 years,Diabetes mellitus type 2,Percent,1997,0.0,0.0,0.0
All Population,Prevalence,New York,Both,15-19 years,Diabetes mellitus type 2,Percent,1997,0.004537878096777,0.0064701462294451,0.0031090578748396
All Population,Prevalence,New York,Both,20-24 years,Diabetes mellitus type 2,Percent,1997,0.0070452668956754,0.0092599417717603,0.0051545492182382
All Population,Prevalence,New York,Both,25-29 years,Diabetes mellitus type 2,Percent,1997,0.0102859155044912,0.0128820977426886,0.0078611256982647
All Population,Prevalence,New York,Both,30-34 years,Diabetes mellitus type 2,Percent,1997,0.0162182182377128,0.0195028864427187,0.0126764502149689
All Population,Prevalence,New York,Both,35-39 years,Diabetes mellitus type 2,Percent,1997,0.0260086183317504,0.0308060322271083,0.0214219496604312
All Population,Prevalence,New York,Both,40-44 years,Diabetes mellitus type 2,Percent,1997,0.0418988456336253,0.0502731030762871,0.0349292369582289
All Population,Prevalence,New York,Both,45-49 years,Diabetes mellitus type 2,Percent,1997,0.0713185199847899,0.0816091064843594,0.0613430867750823
All Population,Prevalence,New York,Both,50-54 years,Diabetes mellitus type 2,Percent,1997,0.1106695768092484,0.1269526067239664,0.0931686391842842
All Population,Prevalence,New York,Both,55-59 years,Diabetes mellitus type 2,Percent,1997,0.1456366522557998,0.1637638587461836,0.1277287134448209
All Population,Prevalence,New York,Both,60-64 years,Diabetes mellitus type 2,Percent,1997,0.1723435243163512,0.1940380686477686,0.1541523573269587
All Population,Prevalence,New York,Both,65-69 years,Diabetes mellitus type 2,Percent,1997,0.1894063825143466,0.2115817742394611,0.170483575947344
All Population,Prevalence,New York,Both,70-74 years,Diabetes mellitus type 2,Percent,1997,0.1971007735822494,0.2184335529081686,0.1778029066380627
All Population,Prevalence,New York,Both,75-79 years,Diabetes mellitus type 2,Percent,1997,0.1971266933730311,0.2210214616626905,0.1776664462694828
All Population,Prevalence,New York,Both,80+ years,Diabetes mellitus type 2,Percent,1997,0.1819381826315407,0.2037217633134085,0.1622458383911898
All Population,Prevalence,New York,Both,<5 years,Chronic kidney disease,Percent,1996,0.0004179565865468,0.0005349321299165,0.0003194016992716
All Population,Prevalence,New York,Both,5-9 years,Chronic kidney disease,Percent,1996,0.0023871133257923,0.0032622983475577,0.0017234403003352
All Population,Prevalence,New York,Both,10-14 years,Chronic kidney disease,Percent,1996,0.0125941423569614,0.0162459211010364,0.0096174272152191
All Population,Prevalence,New York,Both,15-19 years,Chronic kidney disease,Percent,1996,0.0312205446265941,0.0410333790455827,0.024062940846521
All Population,Prevalence,New York,Both,20-24 years,Chronic kidney disease,Percent,1996,0.0448726958099774,0.0574253672206584,0.0357435222035168
All Population,Prevalence,New York,Both,25-29 years,Chronic kidney disease,Percent,1996,0.0489205310536478,0.0624725493348108,0.0379060226555215
All Population,Prevalence,New York,Both,30-34 years,Chronic kidney disease,Percent,1996,0.0546767442128002,0.0692990226910603,0.0427310577119035
All Population,Prevalence,New York,Both,35-39 years,Chronic kidney disease,Percent,1996,0.0616600694443963,0.0768776210737664,0.0478215760370759
All Population,Prevalence,New York,Both,40-44 years,Chronic kidney disease,Percent,1996,0.0661513523924995,0.0827457439759357,0.0533023727472357
All Population,Prevalence,New York,Both,45-49 years,Chronic kidney disease,Percent,1996,0.0746464294456254,0.0906999755000606,0.0604523718207953
All Population,Prevalence,New York,Both,50-54 years,Chronic kidney disease,Percent,1996,0.0927359010250522,0.1109611272230859,0.0748211049308235
All Population,Prevalence,New York,Both,55-59 years,Chronic kidney disease,Percent,1996,0.1184997320888262,0.1417502541515597,0.0967451126556723
All Population,Prevalence,New York,Both,60-64 years,Chronic kidney disease,Percent,1996,0.1607368726949072,0.1882854381751735,0.135089527846397
All Population,Prevalence,New York,Both,65-69 years,Chronic kidney disease,Percent,1996,0.235675033713632,0.2777587508587557,0.1970004399986942
All Population,Prevalence,New York,Both,70-74 years,Chronic kidney disease,Percent,1996,0.3309830072439068,0.3798691311638614,0.2848720502783058
All Population,Prevalence,New York,Both,75-79 years,Chronic kidney disease,Percent,1996,0.4349138992693779,0.4900676014807152,0.3818537556830583
All Population,Prevalence,New York,Both,80+ years,Chronic kidney disease,Percent,1996,0.5956685650976058,0.6535766869671645,0.5533937774061598
All Population,Prevalence,New York,Both,<5 years,HIV/AIDS,Percent,1998,0.000308131582874,0.0004532269559517,0.0001973098985928
All Population,Prevalence,New York,Both,5-9 years,HIV/AIDS,Percent,1998,0.0002735343789493,0.0004082034172389,0.0001728090093621
All Population,Prevalence,New York,Both,10-14 years,HIV/AIDS,Percent,1998,0.0001129279334901,0.0001582076247494,7.48009357594e-05
All Population,Prevalence,New York,Both,15-19 years,HIV/AIDS,Percent,1998,0.0004319924688701,0.0007468782640363,0.0002201548658637
All Population,Prevalence,New York,Both,20-24 years,HIV/AIDS,Percent,1998,0.0022387016395132,0.003643256031892,0.0011882651214858
All Population,Prevalence,New York,Both,25-29 years,HIV/AIDS,Percent,1998,0.006886053392368,0.0102858988751247,0.0041452877030938
All Population,Prevalence,New York,Both,30-34 years,HIV/AIDS,Percent,1998,0.0141226751565319,0.0198691597239886,0.0091319871582217
All Population,Prevalence,New York,Both,35-39 years,HIV/AIDS,Percent,1998,0.020734819874132,0.0279321996754503,0.0142029628744904
All Population,Prevalence,New York,Both,40-44 years,HIV/AIDS,Percent,1998,0.0230761827088888,0.0315450398513778,0.0159336511774394
All Population,Prevalence,New York,Both,45-49 years,HIV/AIDS,Percent,1998,0.0184631621132972,0.0250138074028154,0.0131138258480988
All Population,Prevalence,New York,Both,50-54 years,HIV/AIDS,Percent,1998,0.0112552193212195,0.0158989313566047,0.0076134826423026
All Population,Prevalence,New York,Both,55-59 years,HIV/AIDS,Percent,1998,0.0064607872668846,0.0091347023248799,0.0045218797172271
All Population,Prevalence,New York,Both,60-64 years,HIV/AIDS,Percent,1998,0.0041408579215882,0.0058617034184812,0.0028548075100773
All Population,Prevalence,New York,Both,65-69 years,HIV/AIDS,Percent,1998,0.0025820873719406,0.0037021915572251,0.0017789243841979
All Population,Prevalence,New York,Both,70-74 years,HIV/AIDS,Percent,1998,0.0015266518175234,0.002220678066235,0.0010383967114548
All Population,Prevalence,New York,Both,75-79 years,HIV/AIDS,Percent,1998,0.0008572826286698,0.0012072019732701,0.0005654292606898
All Population,Prevalence,New York,Both,80+ years,HIV/AIDS,Percent,1998,0.0003080166296738,0.0004456183213066,0.0002025472813413
All Population,Prevalence,New York,Both,<5 years,Alcohol use disorders,Percent,1998,0.0006842864900111,0.0010306182555021,0.0004054800072184
All Population,Prevalence,New York,Both,5-9 years,Alcohol use disorders,Percent,1998,0.0005769651897061,0.0008723899043056,0.0003522624212054
All Population,Prevalence,New York,Both,10-14 years,Alcohol use disorders,Percent,1998,0.0036497007049838,0.0053778140606209,0.0022673181685345
All Population,Prevalence,New York,Both,15-19 years,Alcohol use disorders,Percent,1998,0.0271651222694885,0.0368327198346422,0.0200035577762057
All Population,Prevalence,New York,Both,20-24 years,Alcohol use disorders,Percent,1998,0.0546902914640061,0.0744676927917679,0.0390088964961094
All Population,Prevalence,New York,Both,25-29 years,Alcohol use disorders,Percent,1998,0.0477056066499412,0.0621892202944723,0.0366175373593876
All Population,Prevalence,New York,Both,30-34 years,Alcohol use disorders,Percent,1998,0.0381417288636654,0.0506919034179575,0.0260714186678268
All Population,Prevalence,New York,Both,35-39 years,Alcohol use disorders,Percent,1998,0.0359298356667832,0.0460880761848597,0.0272015595714114
All Population,Prevalence,New York,Both,40-44 years,Alcohol use disorders,Percent,1998,0.034039887226265,0.0456846693872011,0.0247764384678029
All Population,Prevalence,New York,Both,45-49 years,Alcohol use disorders,Percent,1998,0.0298102410626824,0.0377760546909073,0.0236786043372541
All Population,Prevalence,New York,Both,50-54 years,Alcohol use disorders,Percent,1998,0.0254360291838129,0.0332941741180424,0.0191150356247293
All Population,Prevalence,New York,Both,55-59 years,Alcohol use disorders,Percent,1998,0.0220656472230022,0.0273182921790594,0.0174613108920865
All Population,Prevalence,New York,Both,60-64 years,Alcohol use disorders,Percent,1998,0.0186612793147323,0.0247120873736294,0.0134568918882447
All Population,Prevalence,New York,Both,65-69 years,Alcohol use disorders,Percent,1998,0.0152084101997332,0.0198212271149673,0.0115573362703546
All Population,Prevalence,New York,Both,70-74 years,Alcohol use disorders,Percent,1998,0.0122048794142159,0.015814216680132,0.0089894399559477
All Population,Prevalence,New York,Both,75-79 years,Alcohol use disorders,Percent,1998,0.0108471404956017,0.0140267181313598,0.0081416875709303
All Population,Prevalence,New York,Both,80+ years,Alcohol use disorders,Percent,1998,0.011599682606939,0.0145356266939325,0.0090326675981583
All Population,Prevalence,New York,Both,<5 years,Drug use disorders,Percent,1998,0.0,0.0,0.0
All Population,Prevalence,New York,Both,5-9 years,Drug use disorders,Percent,1998,0.0,0.0,0.0
All Population,Prevalence,New York,Both,10-14 years,Drug use disorders,Percent,1998,0.0044728168880437,0.0083649862459684,0.0016710259597183
All Population,Prevalence,New York,Both,15-19 years,Drug use disorders,Percent,1998,0.0534228486177943,0.0821118307517753,0.0326932581209613
All Population,Prevalence,New York,Both,20-24 years,Drug use disorders,Percent,1998,0.0605228140423067,0.0745575053797148,0.0486623922676022
All Population,Prevalence,New York,Both,25-29 years,Drug use disorders,Percent,1998,0.0502087184831187,0.0594454963330888,0.0418408818284064
All Population,Prevalence,New York,Both,30-34 years,Drug use disorders,Percent,1998,0.0397716325769753,0.0466971235166397,0.0341545254049948
All Population,Prevalence,New York,Both,35-39 years,Drug use disorders,Percent,1998,0.0318236634966723,0.0381088193165781,0.0270275098462
All Population,Prevalence,New York,Both,40-44 years,Drug use disorders,Percent,1998,0.0250775104191135,0.0294431445897432,0.0211438179945012
All Population,Prevalence,New York,Both,45-49 years,Drug use disorders,Percent,1998,0.0188038105591553,0.0227474866949909,0.01586021753159
All Population,Prevalence,New York,Both,50-54 years,Drug use disorders,Percent,1998,0.0136635112955492,0.0160637460646284,0.0113374411763293
All Population,Prevalence,New York,Both,55-59 years,Drug use disorders,Percent,1998,0.0092554415626899,0.0106815625569927,0.0078119332566482
All Population,Prevalence,New York,Both,60-64 years,Drug use disorders,Percent,1998,0.0059580574495438,0.0070329723697863,0.0050279191179746
All Population,Prevalence,New York,Both,65-69 years,Drug use disorders,Percent,1998,0.0041792204887473,0.0049253317796343,0.0035127608654357
All Population,Prevalence,New York,Both,70-74 years,Drug use disorders,Percent,1998,0.0031613605725183,0.0037608427620367,0.0026863913784663
All Population,Prevalence,New York,Both,75-79 years,Drug use disorders,Percent,1998,0.0025798322626384,0.0030905936690354,0.0021365199413267
All Population,Prevalence,New York,Both,80+ years,Drug use disorders,Percent,1998,0.0021517021513964,0.0026124972108217,0.0018117420118301
All Population,Prevalence,New York,Both,<5 years,Depressive disorders,Percent,1998,7.118273695e-06,1.34925382088e-05,2.8105853657e-06
All Population,Prevalence,New York,Both,5-9 years,Depressive disorders,Percent,1998,0.0077884929422669,0.0110931093827252,0.005074714522058
All Population,Prevalence,New York,Both,10-14 years,Depressive disorders,Percent,1998,0.0335689579688006,0.0439526620433557,0.0256264414159369
All Population,Prevalence,New York,Both,15-19 years,Depressive disorders,Percent,1998,0.0481013992181447,0.0593497837764027,0.0398266971906209
All Population,Prevalence,New York,Both,20-24 years,Depressive disorders,Percent,1998,0.0486211925693445,0.0577355480984949,0.0404095208653868
All Population,Prevalence,New York,Both,25-29 years,Depressive disorders,Percent,1998,0.0495486215684524,0.0586603508192946,0.0404865435915927
All Population,Prevalence,New York,Both,30-34 years,Depressive disorders,Percent,1998,0.0496927228030873,0.0586778737845831,0.0415349297726001
All Population,Prevalence,New York,Both,35-39 years,Depressive disorders,Percent,1998,0.0494335918854669,0.0574554091039525,0.042513484427741
All Population,Prevalence,New York,Both,40-44 years,Depressive disorders,Percent,1998,0.0489056035564128,0.0580529617364128,0.0412262471905049
All Population,Prevalence,New York,Both,45-49 years,Depressive disorders,Percent,1998,0.0475108430315622,0.056182352952387,0.0395547479977152
All Population,Prevalence,New York,Both,50-54 years,Depressive disorders,Percent,1998,0.0448766665944473,0.0526049521924801,0.0379605036698444
All Population,Prevalence,New York,Both,55-59 years,Depressive disorders,Percent,1998,0.0415322749528681,0.0479650057362976,0.0352728558448976
All Population,Prevalence,New York,Both,60-64 years,Depressive disorders,Percent,1998,0.0386003364672703,0.0448258759115904,0.0320931958202763
All Population,Prevalence,New York,Both,65-69 years,Depressive disorders,Percent,1998,0.036860874489895,0.0427003122481645,0.0309254178960898
All Population,Prevalence,New York,Both,70-74 years,Depressive disorders,Percent,1998,0.0353867219516251,0.0414482915118349,0.0294208187908752
All Population,Prevalence,New York,Both,75-79 years,Depressive disorders,Percent,1998,0.0349041768081667,0.0402624432645661,0.0283210173600959
All Population,Prevalence,New York,Both,80+ years,Depressive disorders,Percent,1998,0.0353021836942155,0.0407349205731237,0.0285717806756394
All Population,Prevalence,New York,Both,<5 years,Anxiety disorders,Percent,1998,0.0009526611250506,0.0020960299285315,0.0004835053062287
All Population,Prevalence,New York,Both,5-9 years,Anxiety disorders,Percent,1998,0.0156158337569937,0.0279018985099988,0.0091062579431623
All Population,Prevalence,New York,Both,10-14 years,Anxiety disorders,Percent,1998,0.0298630224896192,0.0373813983473587,0.0240854587519699
All Population,Prevalence,New York,Both,15-19 years,Anxiety disorders,Percent,1998,0.0698732187779798,0.082964423303906,0.0584945120138107
All Population,Prevalence,New York,Both,20-24 years,Anxiety disorders,Percent,1998,0.0839307680278597,0.096467279550958,0.0712130607472751
All Population,Prevalence,New York,Both,25-29 years,Anxiety disorders,Percent,1998,0.0969838888835741,0.1105673469983601,0.0864171988843516
All Population,Prevalence,New York,Both,30-34 years,Anxiety disorders,Percent,1998,0.0998706857122214,0.1122465621773407,0.0878014627699227
All Population,Prevalence,New York,Both,35-39 years,Anxiety disorders,Percent,1998,0.0975556953030508,0.1083740783205451,0.087623649246609
All Population,Prevalence,New York,Both,40-44 years,Anxiety disorders,Percent,1998,0.0954695471995864,0.1069989182740738,0.0855228608584986
All Population,Prevalence,New York,Both,45-49 years,Anxiety disorders,Percent,1998,0.0948114335196528,0.1095813970455998,0.0829962699144895
All Population,Prevalence,New York,Both,50-54 years,Anxiety disorders,Percent,1998,0.0925358892814185,0.1112759495126087,0.0820530581869127
All Population,Prevalence,New York,Both,55-59 years,Anxiety disorders,Percent,1998,0.0820522270478331,0.0950528586053946,0.0732955170215209
All Population,Prevalence,New York,Both,60-64 years,Anxiety disorders,Percent,1998,0.0697285789913369,0.0808547932675704,0.0587636495733154
All Population,Prevalence,New York,Both,65-69 years,Anxiety disorders,Percent,1998,0.0622490590567712,0.0731889270479561,0.0527028569943688
All Population,Prevalence,New York,Both,70-74 years,Anxiety disorders,Percent,1998,0.0570949256899682,0.0662534759345864,0.0470154843464195
All Population,Prevalence,New York,Both,75-79 years,Anxiety disorders,Percent,1998,0.053724484917145,0.0640949288637947,0.0448024005937268
All Population,Prevalence,New York,Both,80+ years,Anxiety disorders,Percent,1998,0.0514158747133317,0.0647285176710368,0.0411069900733954
All Population,Prevalence,New York,Both,<5 years,Diabetes mellitus type 1,Percent,1998,0.0003403473737594,0.0004967078881256,0.0002114378080867
All Population,Prevalence,New York,Both,5-9 years,Diabetes mellitus type 1,Percent,1998,0.0015684093579623,0.0021546709090578,0.0010126093505733
All Population,Prevalence,New York,Both,10-14 years,Diabetes mellitus type 1,Percent,1998,0.0026200793802893,0.0034957206956989,0.0018359181942547
All Population,Prevalence,New York,Both,15-19 years,Diabetes mellitus type 1,Percent,1998,0.0029657513485193,0.0039758102749829,0.0023464530249174
All Population,Prevalence,New York,Both,20-24 years,Diabetes mellitus type 1,Percent,1998,0.0034364876962412,0.0043620494583445,0.002772342219801
All Population,Prevalence,New York,Both,25-29 years,Diabetes mellitus type 1,Percent,1998,0.0039486563266573,0.0051769518663773,0.0031704507863411
All Population,Prevalence,New York,Both,30-34 years,Diabetes mellitus type 1,Percent,1998,0.0043842918482431,0.0059054274363608,0.003526168364036
All Population,Prevalence,New York,Both,35-39 years,Diabetes mellitus type 1,Percent,1998,0.0047024961924506,0.0062109528300821,0.003678786455723
All Population,Prevalence,New York,Both,40-44 years,Diabetes mellitus type 1,Percent,1998,0.0048816184869154,0.0059970622351294,0.0038497543878748
All Population,Prevalence,New York,Both,45-49 years,Diabetes mellitus type 1,Percent,1998,0.0048962951557949,0.0060703371311434,0.0039406202266406
All Population,Prevalence,New York,Both,50-54 years,Diabetes mellitus type 1,Percent,1998,0.0047905145647635,0.0061821087779182,0.0037333329520425
All Population,Prevalence,New York,Both,55-59 years,Diabetes mellitus type 1,Percent,1998,0.0045671766504833,0.0058926476309876,0.003378497527419
All Population,Prevalence,New York,Both,60-64 years,Diabetes mellitus type 1,Percent,1998,0.0042358228930879,0.0054187446515333,0.0031548930652508
All Population,Prevalence,New York,Both,65-69 years,Diabetes mellitus type 1,Percent,1998,0.0038186722366132,0.0048657060327259,0.0027716489592557
All Population,Prevalence,New York,Both,70-74 years,Diabetes mellitus type 1,Percent,1998,0.0033689736631148,0.0045534032993567,0.0024068022561095
All Population,Prevalence,New York,Both,75-79 years,Diabetes mellitus type 1,Percent,1998,0.0029212983817708,0.0041813729360276,0.0018985493158703
All Population,Prevalence,New York,Both,80+ years,Diabetes mellitus type 1,Percent,1998,0.0022397526231497,0.0033097041569443,0.0015123996491995
All Population,Prevalence,New York,Both,<5 years,Diabetes mellitus type 2,Percent,1998,0.0,0.0,0.0
All Population,Prevalence,New York,Both,5-9 years,Diabetes mellitus type 2,Percent,1998,0.0,0.0,0.0
All Population,Prevalence,New York,Both,10-14 years,Diabetes mellitus type 2,Percent,1998,0.0,0.0,0.0
All Population,Prevalence,New York,Both,15-19 years,Diabetes mellitus type 2,Percent,1998,0.0043997076453596,0.006315175320163,0.0029776337843917
All Population,Prevalence,New York,Both,20-24 years,Diabetes mellitus type 2,Percent,1998,0.0069103304491432,0.0089855777484309,0.0050723312740564
All Population,Prevalence,New York,Both,25-29 years,Diabetes mellitus type 2,Percent,1998,0.0102690291047792,0.0127562182421677,0.0078586640781615
All Population,Prevalence,New York,Both,30-34 years,Diabetes mellitus type 2,Percent,1998,0.0165725354772316,0.0198494897066526,0.0129057497911101
All Population,Prevalence,New York,Both,35-39 years,Diabetes mellitus type 2,Percent,1998,0.0269597937060665,0.031763709066241,0.0223973693179423
All Population,Prevalence,New York,Both,40-44 years,Diabetes mellitus type 2,Percent,1998,0.0433216314854284,0.0523883657579877,0.0364255434326681
All Population,Prevalence,New York,Both,45-49 years,Diabetes mellitus type 2,Percent,1998,0.0721146087816564,0.0817308028429577,0.0619788039802089
All Population,Prevalence,New York,Both,50-54 years,Diabetes mellitus type 2,Percent,1998,0.1104637551879434,0.1271074053759511,0.0931047917763335
All Population,Prevalence,New York,Both,55-59 years,Diabetes mellitus type 2,Percent,1998,0.1464956374260412,0.1643428470551761,0.1289689583422867
All Population,Prevalence,New York,Both,60-64 years,Diabetes mellitus type 2,Percent,1998,0.1760715572347485,0.1974970036269911,0.1584651262019484
All Population,Prevalence,New York,Both,65-69 years,Diabetes mellitus type 2,Percent,1998,0.1952232371826712,0.2172764353809209,0.1764889413662236
All Population,Prevalence,New York,Both,70-74 years,Diabetes mellitus type 2,Percent,1998,0.2038158067711647,0.2252639990842585,0.185578730779401
All Population,Prevalence,New York,Both,75-79 years,Diabetes mellitus type 2,Percent,1998,0.2040528255225331,0.2276035576627408,0.1858114561030737
All Population,Prevalence,New York,Both,80+ years,Diabetes mellitus type 2,Percent,1998,0.1881561340214354,0.2101296952277264,0.1692978157379845
All Population,Prevalence,New York,Both,<5 years,Chronic kidney disease,Percent,1997,0.000428596739017,0.0005459636578349,0.0003267942607379
All Population,Prevalence,New York,Both,5-9 years,Chronic kidney disease,Percent,1997,0.0024182939889651,0.0033183670416861,0.001724951106793
All Population,Prevalence,New York,Both,10-14 years,Chronic kidney disease,Percent,1997,0.0126461832624008,0.0161611638388495,0.0097452763770692
All Population,Prevalence,New York,Both,15-19 years,Chronic kidney disease,Percent,1997,0.0311813860699617,0.0408681581977648,0.02408064487568
All Population,Prevalence,New York,Both,20-24 years,Chronic kidney disease,Percent,1997,0.0446485220070457,0.0568789347410267,0.0356624818033443
All Population,Prevalence,New York,Both,25-29 years,Chronic kidney disease,Percent,1997,0.0488393194675135,0.0626113332045659,0.0379678124288321
All Population,Prevalence,New York,Both,30-34 years,Chronic kidney disease,Percent,1997,0.0549182347059281,0.069612791863758,0.0432651854060439
All Population,Prevalence,New York,Both,35-39 years,Chronic kidney disease,Percent,1997,0.0620478826257313,0.0773972124134035,0.0480009012136304
All Population,Prevalence,New York,Both,40-44 years,Chronic kidney disease,Percent,1997,0.0665135054494425,0.0830800048262386,0.053383837356815
All Population,Prevalence,New York,Both,45-49 years,Chronic kidney disease,Percent,1997,0.0748934929819859,0.0908133466382236,0.0599970419443876
All Population,Prevalence,New York,Both,50-54 years,Chronic kidney disease,Percent,1997,0.0929198289086556,0.1107737608970381,0.0753593075500923
All Population,Prevalence,New York,Both,55-59 years,Chronic kidney disease,Percent,1997,0.1187962251030416,0.141792674920346,0.0965290160429693
All Population,Prevalence,New York,Both,60-64 years,Chronic kidney disease,Percent,1997,0.160957593673392,0.1895287814784405,0.1350518421564989
All Population,Prevalence,New York,Both,65-69 years,Chronic kidney disease,Percent,1997,0.2356196917012367,0.2777790459239427,0.1978296886490239
All Population,Prevalence,New York,Both,70-74 years,Chronic kidney disease,Percent,1997,0.3308577394311591,0.3782251744888367,0.2847216298188411
All Population,Prevalence,New York,Both,75-79 years,Chronic kidney disease,Percent,1997,0.4352249843176317,0.4887236588302182,0.3851617110554151
All Population,Prevalence,New York,Both,80+ years,Chronic kidney disease,Percent,1997,0.5970048486100435,0.6516881956864914,0.5535687048748036
All Population,Prevalence,New York,Both,<5 years,HIV/AIDS,Percent,1999,0.0002914370741204,0.0004185878984548,0.0001937751451788
All Population,Prevalence,New York,Both,5-9 years,HIV/AIDS,Percent,1999,0.0002606863487679,0.0003729670156921,0.0001681251905756
All Population,Prevalence,New York,Both,10-14 years,HIV/AIDS,Percent,1999,0.0001368466402788,0.0001942964743209,9.10572326685e-05
All Population,Prevalence,New York,Both,15-19 years,HIV/AIDS,Percent,1999,0.0004286238470865,0.0007288078186622,0.0002220276789857
All Population,Prevalence,New York,Both,20-24 years,HIV/AIDS,Percent,1999,0.0020666308154245,0.0033303751173329,0.0010859605689795
All Population,Prevalence,New York,Both,25-29 years,HIV/AIDS,Percent,1999,0.0061491923318778,0.0091666047515284,0.0036932661851237
All Population,Prevalence,New York,Both,30-34 years,HIV/AIDS,Percent,1999,0.0127996464429056,0.018193002991037,0.0082858211927602
All Population,Prevalence,New York,Both,35-39 years,HIV/AIDS,Percent,1999,0.0198768929436388,0.0267528287189973,0.0135528871167569
All Population,Prevalence,New York,Both,40-44 years,HIV/AIDS,Percent,1999,0.0229087459852877,0.0308672125457346,0.0159878560013708
All Population,Prevalence,New York,Both,45-49 years,HIV/AIDS,Percent,1999,0.0196513653589844,0.0276493641046516,0.013715873086712
All Population,Prevalence,New York,Both,50-54 years,HIV/AIDS,Percent,1999,0.012366028815699,0.0177804554167769,0.0082235308222234
All Population,Prevalence,New York,Both,55-59 years,HIV/AIDS,Percent,1999,0.0071131810878444,0.0102918171627812,0.0048649667931926
All Population,Prevalence,New York,Both,60-64 years,HIV/AIDS,Percent,1999,0.0044876629166216,0.006364491781475,0.0030738921454097
All Population,Prevalence,New York,Both,65-69 years,HIV/AIDS,Percent,1999,0.0028571111616256,0.0042485932919679,0.0019640759693921
All Population,Prevalence,New York,Both,70-74 years,HIV/AIDS,Percent,1999,0.0017004740131393,0.002498901931349,0.0011323235856248
All Population,Prevalence,New York,Both,75-79 years,HIV/AIDS,Percent,1999,0.0009899314781084,0.0014130348729892,0.0006692780254121
All Population,Prevalence,New York,Both,80+ years,HIV/AIDS,Percent,1999,0.000335559408577,0.000498465750416,0.0002172780663802
All Population,Prevalence,New York,Both,<5 years,Alcohol use disorders,Percent,1999,0.0006901857691272,0.0010655399638152,0.0003964748129636
All Population,Prevalence,New York,Both,5-9 years,Alcohol use disorders,Percent,1999,0.0005790989561746,0.0008885178371175,0.0003410210358969
All Population,Prevalence,New York,Both,10-14 years,Alcohol use disorders,Percent,1999,0.0036658560353873,0.0053905902387533,0.0022606225768873
All Population,Prevalence,New York,Both,15-19 years,Alcohol use disorders,Percent,1999,0.026913209559587,0.0365814746119599,0.0196517248467451
All Population,Prevalence,New York,Both,20-24 years,Alcohol use disorders,Percent,1999,0.053457866363963,0.0733907748840195,0.0381279091286477
All Population,Prevalence,New York,Both,25-29 years,Alcohol use disorders,Percent,1999,0.0465780556942753,0.0608930935304731,0.0355784451591651
All Population,Prevalence,New York,Both,30-34 years,Alcohol use disorders,Percent,1999,0.0372339861692717,0.0489683690717443,0.025167732567965
All Population,Prevalence,New York,Both,35-39 years,Alcohol use disorders,Percent,1999,0.035086993732097,0.0454104754670564,0.0266170572712544
All Population,Prevalence,New York,Both,40-44 years,Alcohol use disorders,Percent,1999,0.0333393485906804,0.04505794140671,0.0245014200682854
All Population,Prevalence,New York,Both,45-49 years,Alcohol use disorders,Percent,1999,0.029602008236065,0.0374686159939405,0.0234304936325776
All Population,Prevalence,New York,Both,50-54 years,Alcohol use disorders,Percent,1999,0.0256502551405573,0.0336243325246967,0.019037983909298
All Population,Prevalence,New York,Both,55-59 years,Alcohol use disorders,Percent,1999,0.0223711538410969,0.0275425703223207,0.0176948902283829
All Population,Prevalence,New York,Both,60-64 years,Alcohol use disorders,Percent,1999,0.0190149640329791,0.0254518089967589,0.0137687765713738
All Population,Prevalence,New York,Both,65-69 years,Alcohol use disorders,Percent,1999,0.0154993136630938,0.0202795565122082,0.0117115955100555
All Population,Prevalence,New York,Both,70-74 years,Alcohol use disorders,Percent,1999,0.0123934045818171,0.0161098833765538,0.0091389299189357
All Population,Prevalence,New York,Both,75-79 years,Alcohol use disorders,Percent,1999,0.0109793863296816,0.0141688909143701,0.0082353371416381
All Population,Prevalence,New York,Both,80+ years,Alcohol use disorders,Percent,1999,0.0118435933118268,0.0148443426464704,0.0091346466354704
All Population,Prevalence,New York,Both,<5 years,Drug use disorders,Percent,1999,0.0,0.0,0.0
All Population,Prevalence,New York,Both,5-9 years,Drug use disorders,Percent,1999,0.0,0.0,0.0
All Population,Prevalence,New York,Both,10-14 years,Drug use disorders,Percent,1999,0.0045097707878035,0.0084827767733462,0.001687759391245
All Population,Prevalence,New York,Both,15-19 years,Drug use disorders,Percent,1999,0.0532909225589911,0.0813586941281558,0.0322100976568911
All Population,Prevalence,New York,Both,20-24 years,Drug use disorders,Percent,1999,0.05980152599427,0.073653320872295,0.0476386347690556
All Population,Prevalence,New York,Both,25-29 years,Drug use disorders,Percent,1999,0.0498185579190517,0.0592212309761918,0.0413695481852967
All Population,Prevalence,New York,Both,30-34 years,Drug use disorders,Percent,1999,0.0399915895071657,0.0466859085465206,0.0345310627061124
All Population,Prevalence,New York,Both,35-39 years,Drug use disorders,Percent,1999,0.032163876842545,0.0387092509863302,0.0272656606108352
All Population,Prevalence,New York,Both,40-44 years,Drug use disorders,Percent,1999,0.025443312995657,0.0300412227321814,0.0214904792839395
All Population,Prevalence,New York,Both,45-49 years,Drug use disorders,Percent,1999,0.0193043743079702,0.023275665602572,0.0162522742469141
All Population,Prevalence,New York,Both,50-54 years,Drug use disorders,Percent,1999,0.0142362427632616,0.016736021110588,0.0118256393959872
All Population,Prevalence,New York,Both,55-59 years,Drug use disorders,Percent,1999,0.0097371886130045,0.0112109745887631,0.0082482270650088
All Population,Prevalence,New York,Both,60-64 years,Drug use disorders,Percent,1999,0.0062824989374901,0.0074333210997658,0.0052970731064032
All Population,Prevalence,New York,Both,65-69 years,Drug use disorders,Percent,1999,0.0043946103469988,0.0051945655991727,0.0037180952060676
All Population,Prevalence,New York,Both,70-74 years,Drug use disorders,Percent,1999,0.003306411370848,0.0039434759712657,0.0028069200496148
All Population,Prevalence,New York,Both,75-79 years,Drug use disorders,Percent,1999,0.0026769586737294,0.0031990651406669,0.0022110772972157
All Population,Prevalence,New York,Both,80+ years,Drug use disorders,Percent,1999,0.002209768010264,0.0026831428150965,0.0018620940899789
All Population,Prevalence,New York,Both,<5 years,Depressive disorders,Percent,1999,7.3767007478e-06,1.39628521437e-05,2.9094655686e-06
All Population,Prevalence,New York,Both,5-9 years,Depressive disorders,Percent,1999,0.0081147691027376,0.0116025573468307,0.0054169782910399
All Population,Prevalence,New York,Both,10-14 years,Depressive disorders,Percent,1999,0.0342525865067995,0.0446807733806269,0.026503979419121
All Population,Prevalence,New York,Both,15-19 years,Depressive disorders,Percent,1999,0.048771206660926,0.0599366322802956,0.0407211432151829
All Population,Prevalence,New York,Both,20-24 years,Depressive disorders,Percent,1999,0.048730701167349,0.0586715316367355,0.0403020456474958
All Population,Prevalence,New York,Both,25-29 years,Depressive disorders,Percent,1999,0.0495070152463129,0.0588215183505336,0.040854263812698
All Population,Prevalence,New York,Both,30-34 years,Depressive disorders,Percent,1999,0.0494745648440865,0.0584889063138764,0.0417139500483084
All Population,Prevalence,New York,Both,35-39 years,Depressive disorders,Percent,1999,0.0491614478340352,0.0570185087976843,0.042386096422309
All Population,Prevalence,New York,Both,40-44 years,Depressive disorders,Percent,1999,0.0486229882107431,0.0569597101907632,0.0410605179669882
All Population,Prevalence,New York,Both,45-49 years,Depressive disorders,Percent,1999,0.047230263055337,0.0555469049805441,0.0398206695071586
All Population,Prevalence,New York,Both,50-54 years,Depressive disorders,Percent,1999,0.0447349172547549,0.0524034324113077,0.0380399174206582
All Population,Prevalence,New York,Both,55-59 years,Depressive disorders,Percent,1999,0.0414158864194614,0.0479214429405342,0.0355085413975843
All Population,Prevalence,New York,Both,60-64 years,Depressive disorders,Percent,1999,0.038528967881395,0.044642464505157,0.0320873000687363
All Population,Prevalence,New York,Both,65-69 years,Depressive disorders,Percent,1999,0.0367613039661367,0.042812099710123,0.0307368616671822
All Population,Prevalence,New York,Both,70-74 years,Depressive disorders,Percent,1999,0.0352296194154823,0.041168832934855,0.028796337088865
All Population,Prevalence,New York,Both,75-79 years,Depressive disorders,Percent,1999,0.0347159327524598,0.0400388460039818,0.0277327898166221
All Population,Prevalence,New York,Both,80+ years,Depressive disorders,Percent,1999,0.0350352453569743,0.0407969651787626,0.0286115338377779
All Population,Prevalence,New York,Both,<5 years,Anxiety disorders,Percent,1999,0.000963323094977,0.0021795322550296,0.0004913227796021
All Population,Prevalence,New York,Both,5-9 years,Anxiety disorders,Percent,1999,0.0157251895006417,0.0292816425000099,0.0092216742230981
All Population,Prevalence,New York,Both,10-14 years,Anxiety disorders,Percent,1999,0.0300340650161158,0.037781757779328,0.024258838909088
All Population,Prevalence,New York,Both,15-19 years,Anxiety disorders,Percent,1999,0.0712326706273916,0.0849962116629213,0.0602185596652447
All Population,Prevalence,New York,Both,20-24 years,Anxiety disorders,Percent,1999,0.0844905665739019,0.0975107880829671,0.0733051588082696
All Population,Prevalence,New York,Both,25-29 years,Anxiety disorders,Percent,1999,0.0969678155513215,0.1079214044651284,0.0875606487900931
All Population,Prevalence,New York,Both,30-34 years,Anxiety disorders,Percent,1999,0.101061726761867,0.1137228155100125,0.0883427885796862
All Population,Prevalence,New York,Both,35-39 years,Anxiety disorders,Percent,1999,0.0994063324799822,0.1102506744846593,0.0892374205725504
All Population,Prevalence,New York,Both,40-44 years,Anxiety disorders,Percent,1999,0.0975337116579336,0.1079641560008334,0.0875029115686791
All Population,Prevalence,New York,Both,45-49 years,Anxiety disorders,Percent,1999,0.0970695126712095,0.1117344755206667,0.0859346507572469
All Population,Prevalence,New York,Both,50-54 years,Anxiety disorders,Percent,1999,0.095085739630892,0.1145667776254034,0.0839702688332256
All Population,Prevalence,New York,Both,55-59 years,Anxiety disorders,Percent,1999,0.0841531253514278,0.0984941835036212,0.0758468385852929
All Population,Prevalence,New York,Both,60-64 years,Anxiety disorders,Percent,1999,0.0709055214508592,0.0815894293747395,0.0600543412602527
All Population,Prevalence,New York,Both,65-69 years,Anxiety disorders,Percent,1999,0.062746518139308,0.0726996095814521,0.0536210236476983
All Population,Prevalence,New York,Both,70-74 years,Anxiety disorders,Percent,1999,0.0572226085052674,0.0669019732806097,0.0475721872456375
All Population,Prevalence,New York,Both,75-79 years,Anxiety disorders,Percent,1999,0.053693038950002,0.0626162949635106,0.0450467327794494
All Population,Prevalence,New York,Both,80+ years,Anxiety disorders,Percent,1999,0.0511059116616505,0.0648469513701394,0.0412408328598997
All Population,Prevalence,New York,Both,<5 years,Diabetes mellitus type 1,Percent,1999,0.0003747370038416,0.000537511537876,0.0002433045379347
All Population,Prevalence,New York,Both,5-9 years,Diabetes mellitus type 1,Percent,1999,0.0016967738662043,0.0023244060507194,0.0011292000712004
All Population,Prevalence,New York,Both,10-14 years,Diabetes mellitus type 1,Percent,1999,0.0027361120167423,0.0036955718319463,0.0019378760294318
All Population,Prevalence,New York,Both,15-19 years,Diabetes mellitus type 1,Percent,1999,0.0030285407503842,0.0040674560529496,0.0023749575397932
All Population,Prevalence,New York,Both,20-24 years,Diabetes mellitus type 1,Percent,1999,0.0034422778257814,0.0043717469279725,0.002745804630195
All Population,Prevalence,New York,Both,25-29 years,Diabetes mellitus type 1,Percent,1999,0.0039493479328631,0.005127908927602,0.0031324405274339
All Population,Prevalence,New York,Both,30-34 years,Diabetes mellitus type 1,Percent,1999,0.0043847803787904,0.0058660039752853,0.0035188276056034
All Population,Prevalence,New York,Both,35-39 years,Diabetes mellitus type 1,Percent,1999,0.004706685776741,0.0061879835712716,0.0037068241119574
All Population,Prevalence,New York,Both,40-44 years,Diabetes mellitus type 1,Percent,1999,0.0048941330833161,0.0060937404964733,0.0038668232592447
All Population,Prevalence,New York,Both,45-49 years,Diabetes mellitus type 1,Percent,1999,0.0049151442004733,0.0060236407069499,0.0039666686987905
All Population,Prevalence,New York,Both,50-54 years,Diabetes mellitus type 1,Percent,1999,0.0048073084241214,0.0061727479027335,0.0038039703703628
All Population,Prevalence,New York,Both,55-59 years,Diabetes mellitus type 1,Percent,1999,0.004585406793497,0.005922637884303,0.0034460127124262
All Population,Prevalence,New York,Both,60-64 years,Diabetes mellitus type 1,Percent,1999,0.0042564933737196,0.0054663120443161,0.0031951892731976
All Population,Prevalence,New York,Both,65-69 years,Diabetes mellitus type 1,Percent,1999,0.0038385611967021,0.0048757938916433,0.0027899944552684
All Population,Prevalence,New York,Both,70-74 years,Diabetes mellitus type 1,Percent,1999,0.0033838896221577,0.0045038520649876,0.0024365864047974
All Population,Prevalence,New York,Both,75-79 years,Diabetes mellitus type 1,Percent,1999,0.0029295009069541,0.004152297159884,0.0019269593171992
All Population,Prevalence,New York,Both,80+ years,Diabetes mellitus type 1,Percent,1999,0.0022388873878637,0.003282944929484,0.0015311702974377
All Population,Prevalence,New York,Both,<5 years,Diabetes mellitus type 2,Percent,1999,0.0,0.0,0.0
All Population,Prevalence,New York,Both,5-9 years,Diabetes mellitus type 2,Percent,1999,0.0,0.0,0.0
All Population,Prevalence,New York,Both,10-14 years,Diabetes mellitus type 2,Percent,1999,0.0,0.0,0.0
All Population,Prevalence,New York,Both,15-19 years,Diabetes mellitus type 2,Percent,1999,0.0042836307095567,0.0061603834067383,0.0028383108469993
All Population,Prevalence,New York,Both,20-24 years,Diabetes mellitus type 2,Percent,1999,0.0067971524013468,0.008835054386496,0.005004503312211
All Population,Prevalence,New York,Both,25-29 years,Diabetes mellitus type 2,Percent,1999,0.0102537398920297,0.0126359237880947,0.0078903744897858
All Population,Prevalence,New York,Both,30-34 years,Diabetes mellitus type 2,Percent,1999,0.0169123597540406,0.0202548431237348,0.0132314514615128
All Population,Prevalence,New York,Both,35-39 years,Diabetes mellitus type 2,Percent,1999,0.0279381945474379,0.0329902657881752,0.023242392935474
All Population,Prevalence,New York,Both,40-44 years,Diabetes mellitus type 2,Percent,1999,0.0448518267266489,0.0537898697745841,0.0376682739216104
All Population,Prevalence,New York,Both,45-49 years,Diabetes mellitus type 2,Percent,1999,0.0730691616160635,0.0826766740139686,0.0625470568196809
All Population,Prevalence,New York,Both,50-54 years,Diabetes mellitus type 2,Percent,1999,0.1103717184273251,0.1276282126277731,0.0932105471900413
All Population,Prevalence,New York,Both,55-59 years,Diabetes mellitus type 2,Percent,1999,0.1475797013067848,0.165157763645116,0.129564236900587
All Population,Prevalence,New York,Both,60-64 years,Diabetes mellitus type 2,Percent,1999,0.1802567845206544,0.2013464936642965,0.1625132685770486
All Population,Prevalence,New York,Both,65-69 years,Diabetes mellitus type 2,Percent,1999,0.2016270969539497,0.2239586865503658,0.1827574878238386
All Population,Prevalence,New York,Both,70-74 years,Diabetes mellitus type 2,Percent,1999,0.2111965186117048,0.2327137170737205,0.1919886909981678
All Population,Prevalence,New York,Both,75-79 years,Diabetes mellitus type 2,Percent,1999,0.2116668674774986,0.2356368647244385,0.1918803554996362
All Population,Prevalence,New York,Both,80+ years,Diabetes mellitus type 2,Percent,1999,0.1951331376376571,0.2173237768190516,0.1750438170985235
All Population,Prevalence,New York,Both,<5 years,HIV/AIDS,Percent,2000,0.0002810249234551,0.0004024213416404,0.0001850746316078
All Population,Prevalence,New York,Both,5-9 years,HIV/AIDS,Percent,2000,0.0002398034098579,0.0003436930606084,0.0001553668615025
All Population,Prevalence,New York,Both,10-14 years,HIV/AIDS,Percent,2000,0.0001584591158033,0.0002222077499399,0.000104731058531
All Population,Prevalence,New York,Both,15-19 years,HIV/AIDS,Percent,2000,0.0004282431324358,0.0007119630215214,0.000226239076699
All Population,Prevalence,New York,Both,20-24 years,HIV/AIDS,Percent,2000,0.0019026287048917,0.0031945497663242,0.0009807956246261
All Population,Prevalence,New York,Both,25-29 years,HIV/AIDS,Percent,2000,0.0053913138580384,0.0082240832467692,0.0032385948393029
All Population,Prevalence,New York,Both,30-34 years,HIV/AIDS,Percent,2000,0.0115263536929911,0.0163301078895699,0.007435250937754
All Population,Prevalence,New York,Both,35-39 years,HIV/AIDS,Percent,2000,0.0189190633903374,0.0256444242601064,0.012756938706833
All Population,Prevalence,New York,Both,40-44 years,HIV/AIDS,Percent,2000,0.0226256553429211,0.0301712902099223,0.0156292874829924
All Population,Prevalence,New York,Both,45-49 years,HIV/AIDS,Percent,2000,0.0207364906284357,0.0289859225126609,0.0144079798029182
All Population,Prevalence,New York,Both,50-54 years,HIV/AIDS,Percent,2000,0.0135904984300282,0.0199345489380686,0.0089241362900199
All Population,Prevalence,New York,Both,55-59 years,HIV/AIDS,Percent,2000,0.0079010337542443,0.0117390538029929,0.0052281881202182
All Population,Prevalence,New York,Both,60-64 years,HIV/AIDS,Percent,2000,0.0048891085555,0.0069801227168608,0.0032995449892853
All Population,Prevalence,New York,Both,65-69 years,HIV/AIDS,Percent,2000,0.0031561973521162,0.0047434806041279,0.0021424395321838
All Population,Prevalence,New York,Both,70-74 years,HIV/AIDS,Percent,2000,0.0018975927140991,0.0028341578327167,0.0012413705232182
All Population,Prevalence,New York,Both,75-79 years,HIV/AIDS,Percent,2000,0.0011350789794404,0.0016546426206274,0.0007379859989459
All Population,Prevalence,New York,Both,80+ years,HIV/AIDS,Percent,2000,0.0003736964798537,0.0005527533459518,0.0002416857318348
All Population,Prevalence,New York,Both,<5 years,Alcohol use disorders,Percent,2000,0.0006936064477916,0.0010719968252263,0.0003742631216167
All Population,Prevalence,New York,Both,5-9 years,Alcohol use disorders,Percent,2000,0.0005798057046505,0.000898004394485,0.0003422932312836
All Population,Prevalence,New York,Both,10-14 years,Alcohol use disorders,Percent,2000,0.0036653590409781,0.0054436945404257,0.0022539127219761
All Population,Prevalence,New York,Both,15-19 years,Alcohol use disorders,Percent,2000,0.0268102577023092,0.0361730299705577,0.0195432871094738
All Population,Prevalence,New York,Both,20-24 years,Alcohol use disorders,Percent,2000,0.0529787066486963,0.0741464907591501,0.037407359483382
All Population,Prevalence,New York,Both,25-29 years,Alcohol use disorders,Percent,2000,0.0461451648780422,0.0602751593261207,0.0355225609065628
All Population,Prevalence,New York,Both,30-34 years,Alcohol use disorders,Percent,2000,0.0368702291902035,0.0489974853323233,0.0251679929380315
All Population,Prevalence,New York,Both,35-39 years,Alcohol use disorders,Percent,2000,0.0347106337361952,0.0454549426751645,0.0262271769999076
All Population,Prevalence,New York,Both,40-44 years,Alcohol use disorders,Percent,2000,0.0329853032656258,0.0446550029013927,0.0241311224603352
All Population,Prevalence,New York,Both,45-49 years,Alcohol use disorders,Percent,2000,0.0295477286974217,0.0373554218879661,0.0231896682276323
All Population,Prevalence,New York,Both,50-54 years,Alcohol use disorders,Percent,2000,0.0258058068961659,0.0340075071159092,0.0187930347949689
All Population,Prevalence,New York,Both,55-59 years,Alcohol use disorders,Percent,2000,0.0225037026013013,0.0279371277164118,0.0176435786881431
All Population,Prevalence,New York,Both,60-64 years,Alcohol use disorders,Percent,2000,0.0191603195015358,0.0255619021761529,0.0138362212231614
All Population,Prevalence,New York,Both,65-69 years,Alcohol use disorders,Percent,2000,0.0156337192138098,0.0204133831986749,0.0117068444533117
All Population,Prevalence,New York,Both,70-74 years,Alcohol use disorders,Percent,2000,0.0124874206315672,0.0162553898405088,0.0090886803704305
All Population,Prevalence,New York,Both,75-79 years,Alcohol use disorders,Percent,2000,0.0110392429984464,0.0142005863769796,0.0082102609994543
All Population,Prevalence,New York,Both,80+ years,Alcohol use disorders,Percent,2000,0.0119600676971972,0.0149076885427016,0.0091292097761398
All Population,Prevalence,New York,Both,<5 years,Drug use disorders,Percent,2000,0.0,0.0,0.0
All Population,Prevalence,New York,Both,5-9 years,Drug use disorders,Percent,2000,0.0,0.0,0.0
All Population,Prevalence,New York,Both,10-14 years,Drug use disorders,Percent,2000,0.0045271299105634,0.0085479573870993,0.0016979430612805
All Population,Prevalence,New York,Both,15-19 years,Drug use disorders,Percent,2000,0.0532556171435492,0.0816718034410886,0.0318916533469942
All Population,Prevalence,New York,Both,20-24 years,Drug use disorders,Percent,2000,0.0597941731566257,0.073973444293717,0.0473921622681984
All Population,Prevalence,New York,Both,25-29 years,Drug use disorders,Percent,2000,0.0500621007493504,0.0598777437052873,0.0415485110608823
All Population,Prevalence,New York,Both,30-34 years,Drug use disorders,Percent,2000,0.0404925270415829,0.0471303628721786,0.0349540270786354
All Population,Prevalence,New York,Both,35-39 years,Drug use disorders,Percent,2000,0.0326439646253585,0.0393983224931033,0.0278107892919613
All Population,Prevalence,New York,Both,40-44 years,Drug use disorders,Percent,2000,0.0258366268109943,0.0303333699639101,0.0217630757064469
All Population,Prevalence,New York,Both,45-49 years,Drug use disorders,Percent,2000,0.0197237294009271,0.0237432402671686,0.016623619407584
All Population,Prevalence,New York,Both,50-54 years,Drug use disorders,Percent,2000,0.0146370050679993,0.0172209067525491,0.0121952502007293
All Population,Prevalence,New York,Both,55-59 years,Drug use disorders,Percent,2000,0.0100462480932439,0.0115956210155067,0.0084967005794766
All Population,Prevalence,New York,Both,60-64 years,Drug use disorders,Percent,2000,0.0064874031318919,0.0076193617534966,0.0054540238522961
All Population,Prevalence,New York,Both,65-69 years,Drug use disorders,Percent,2000,0.0045317406453974,0.0053607018310695,0.0038414790639885
All Population,Prevalence,New York,Both,70-74 years,Drug use disorders,Percent,2000,0.0033966988795256,0.0040558803463374,0.0028876429240577
All Population,Prevalence,New York,Both,75-79 years,Drug use disorders,Percent,2000,0.0027361807721519,0.0032761533115736,0.0022389447500541
All Population,Prevalence,New York,Both,80+ years,Drug use disorders,Percent,2000,0.0022508402107779,0.0027349885645976,0.0018854997800697
All Population,Prevalence,New York,Both,<5 years,Depressive disorders,Percent,2000,7.4591044094e-06,1.42899885457e-05,2.846541017e-06
All Population,Prevalence,New York,Both,5-9 years,Depressive disorders,Percent,2000,0.0077843713379838,0.0114194317777057,0.005301851539979
All Population,Prevalence,New York,Both,10-14 years,Depressive disorders,Percent,2000,0.0335570970316293,0.0433940632019046,0.0259723507337638
All Population,Prevalence,New York,Both,15-19 years,Depressive disorders,Percent,2000,0.04799099581395,0.0591388844654224,0.0394412811024598
All Population,Prevalence,New York,Both,20-24 years,Depressive disorders,Percent,2000,0.047714737426308,0.0573724122000413,0.0390041455315665
All Population,Prevalence,New York,Both,25-29 years,Depressive disorders,Percent,2000,0.0484462118914016,0.0574797581237269,0.0412902167563462
All Population,Prevalence,New York,Both,30-34 years,Depressive disorders,Percent,2000,0.0483386273101991,0.0575552119605954,0.0413464719381999
All Population,Prevalence,New York,Both,35-39 years,Depressive disorders,Percent,2000,0.0480738448708632,0.0556597034884563,0.0414887494579783
All Population,Prevalence,New York,Both,40-44 years,Depressive disorders,Percent,2000,0.0475710438728166,0.0555213430755931,0.0397840314752275
All Population,Prevalence,New York,Both,45-49 years,Depressive disorders,Percent,2000,0.0461930928493699,0.0546028139328168,0.0391300966782965
All Population,Prevalence,New York,Both,50-54 years,Depressive disorders,Percent,2000,0.0438050268058443,0.0514946768497125,0.037496299214126
All Population,Prevalence,New York,Both,55-59 years,Depressive disorders,Percent,2000,0.0405373943080373,0.0472560166161149,0.0347608387077897
All Population,Prevalence,New York,Both,60-64 years,Depressive disorders,Percent,2000,0.0376999572844301,0.0443594504267157,0.0313515268838739
All Population,Prevalence,New York,Both,65-69 years,Depressive disorders,Percent,2000,0.0359166563029056,0.0422197777375906,0.0298990039322264
All Population,Prevalence,New York,Both,70-74 years,Depressive disorders,Percent,2000,0.034366023876364,0.0406540988309876,0.0275597018356984
All Population,Prevalence,New York,Both,75-79 years,Depressive disorders,Percent,2000,0.0338448660668029,0.0391322641662308,0.0267259425596556
All Population,Prevalence,New York,Both,80+ years,Depressive disorders,Percent,2000,0.0341054279785642,0.0398793989572056,0.0278725765613068
All Population,Prevalence,New York,Both,<5 years,Anxiety disorders,Percent,2000,0.0009651912295981,0.0021574547217288,0.0004527797961777
All Population,Prevalence,New York,Both,5-9 years,Anxiety disorders,Percent,2000,0.0157415529468179,0.030200969769752,0.0088454344392453
All Population,Prevalence,New York,Both,10-14 years,Anxiety disorders,Percent,2000,0.0301634152697183,0.0380671741200172,0.0241246142284977
All Population,Prevalence,New York,Both,15-19 years,Anxiety disorders,Percent,2000,0.0725466910787043,0.088284099527358,0.0609578995688429
All Population,Prevalence,New York,Both,20-24 years,Anxiety disorders,Percent,2000,0.0850280977524648,0.098483416517565,0.0738396857848036
All Population,Prevalence,New York,Both,25-29 years,Anxiety disorders,Percent,2000,0.0969265590149527,0.1098309531518102,0.0873655449367802
All Population,Prevalence,New York,Both,30-34 years,Anxiety disorders,Percent,2000,0.1022450084423479,0.116599006758871,0.0895553650034892
All Population,Prevalence,New York,Both,35-39 years,Anxiety disorders,Percent,2000,0.1012605356460039,0.1121833605485278,0.0905151677119349
All Population,Prevalence,New York,Both,40-44 years,Anxiety disorders,Percent,2000,0.0995881059806819,0.1093426563968443,0.0896794934259288
All Population,Prevalence,New York,Both,45-49 years,Anxiety disorders,Percent,2000,0.0993382137398532,0.1145101466911645,0.0894704004807713
All Population,Prevalence,New York,Both,50-54 years,Anxiety disorders,Percent,2000,0.0975872701163433,0.1173724999943243,0.0857884655397282
All Population,Prevalence,New York,Both,55-59 years,Anxiety disorders,Percent,2000,0.0862338292376698,0.0994497223859474,0.0766889462583798
All Population,Prevalence,New York,Both,60-64 years,Anxiety disorders,Percent,2000,0.0720846923348961,0.0826645923097942,0.0617170192697044
All Population,Prevalence,New York,Both,65-69 years,Anxiety disorders,Percent,2000,0.063235364594069,0.0727734724016884,0.0538855396466514
All Population,Prevalence,New York,Both,70-74 years,Anxiety disorders,Percent,2000,0.0573266457573017,0.0680717686326089,0.0477998851574455
All Population,Prevalence,New York,Both,75-79 years,Anxiety disorders,Percent,2000,0.0536533486893044,0.0622344871341926,0.0451927117317071
All Population,Prevalence,New York,Both,80+ years,Anxiety disorders,Percent,2000,0.0508062379500977,0.0637380066667381,0.0416222917165094
All Population,Prevalence,New York,Both,<5 years,Diabetes mellitus type 1,Percent,2000,0.0004002120339355,0.0005898676858848,0.0002629753979805
All Population,Prevalence,New York,Both,5-9 years,Diabetes mellitus type 1,Percent,2000,0.0018162723657757,0.0025044611035849,0.0011937688745995
All Population,Prevalence,New York,Both,10-14 years,Diabetes mellitus type 1,Percent,2000,0.0028587203436173,0.0038910371259428,0.0019889132513691
All Population,Prevalence,New York,Both,15-19 years,Diabetes mellitus type 1,Percent,2000,0.0030915064054861,0.0041855623327822,0.0023327031845219
All Population,Prevalence,New York,Both,20-24 years,Diabetes mellitus type 1,Percent,2000,0.0034513486504425,0.0043905105106559,0.0027364028742993
All Population,Prevalence,New York,Both,25-29 years,Diabetes mellitus type 1,Percent,2000,0.0039519334380361,0.0050792958471519,0.0030860740213581
All Population,Prevalence,New York,Both,30-34 years,Diabetes mellitus type 1,Percent,2000,0.004385603939478,0.0058293448320463,0.0034968025183694
All Population,Prevalence,New York,Both,35-39 years,Diabetes mellitus type 1,Percent,2000,0.0047105973654232,0.0062211896604601,0.0037315382065488
All Population,Prevalence,New York,Both,40-44 years,Diabetes mellitus type 1,Percent,2000,0.0049043817551912,0.0061683569712211,0.0038818265811349
All Population,Prevalence,New York,Both,45-49 years,Diabetes mellitus type 1,Percent,2000,0.004932112877154,0.0060016708769242,0.0039805978146661
All Population,Prevalence,New York,Both,50-54 years,Diabetes mellitus type 1,Percent,2000,0.0048241165976115,0.0061537046564186,0.0038731134145023
All Population,Prevalence,New York,Both,55-59 years,Diabetes mellitus type 1,Percent,2000,0.0046023219620505,0.0059414619376993,0.0035110281169287
All Population,Prevalence,New York,Both,60-64 years,Diabetes mellitus type 1,Percent,2000,0.0042756952844159,0.0055113547104662,0.0032119079998963
All Population,Prevalence,New York,Both,65-69 years,Diabetes mellitus type 1,Percent,2000,0.0038591540030908,0.0048867535623627,0.0027996906074309
All Population,Prevalence,New York,Both,70-74 years,Diabetes mellitus type 1,Percent,2000,0.0034006533432234,0.0044751254805564,0.0024227814899104
All Population,Prevalence,New York,Both,75-79 years,Diabetes mellitus type 1,Percent,2000,0.0029387823477238,0.0041292249295584,0.0019507776969528
All Population,Prevalence,New York,Both,80+ years,Diabetes mellitus type 1,Percent,2000,0.0022414242332692,0.0032663226761031,0.0015341695173942
All Population,Prevalence,New York,Both,<5 years,Diabetes mellitus type 2,Percent,2000,0.0,0.0,0.0
All Population,Prevalence,New York,Both,5-9 years,Diabetes mellitus type 2,Percent,2000,0.0,0.0,0.0
All Population,Prevalence,New York,Both,10-14 years,Diabetes mellitus type 2,Percent,2000,0.0,0.0,0.0
All Population,Prevalence,New York,Both,15-19 years,Diabetes mellitus type 2,Percent,2000,0.0042360119551708,0.0060704196413566,0.002617308313951
All Population,Prevalence,New York,Both,20-24 years,Diabetes mellitus type 2,Percent,2000,0.0067507352775618,0.0088031335261596,0.0049267269541934
All Population,Prevalence,New York,Both,25-29 years,Diabetes mellitus type 2,Percent,2000,0.0102522677232533,0.0125236890680757,0.0079388138092313
All Population,Prevalence,New York,Both,30-34 years,Diabetes mellitus type 2,Percent,2000,0.0172112729049264,0.0207204788810568,0.0135144190762808
All Population,Prevalence,New York,Both,35-39 years,Diabetes mellitus type 2,Percent,2000,0.0288400530914281,0.0341406597738673,0.0240357871127648
All Population,Prevalence,New York,Both,40-44 years,Diabetes mellitus type 2,Percent,2000,0.0463621786434443,0.0554321887731742,0.0388508782075117
All Population,Prevalence,New York,Both,45-49 years,Diabetes mellitus type 2,Percent,2000,0.0741865163720911,0.0844845936931069,0.0635174566644318
All Population,Prevalence,New York,Both,50-54 years,Diabetes mellitus type 2,Percent,2000,0.1106039504492664,0.1284382272562663,0.0932539226488857
All Population,Prevalence,New York,Both,55-59 years,Diabetes mellitus type 2,Percent,2000,0.1489358219238818,0.1665599250996844,0.130371613534437
All Population,Prevalence,New York,Both,60-64 years,Diabetes mellitus type 2,Percent,2000,0.18469012245867,0.2058116457894431,0.1660675627544717
All Population,Prevalence,New York,Both,65-69 years,Diabetes mellitus type 2,Percent,2000,0.2081195681293848,0.2305844876191851,0.1892489059175092
All Population,Prevalence,New York,Both,70-74 years,Diabetes mellitus type 2,Percent,2000,0.2186996220641233,0.2407753086915823,0.199866441822906
All Population,Prevalence,New York,Both,75-79 years,Diabetes mellitus type 2,Percent,2000,0.2194522818310856,0.2430975659489189,0.198619552385545
All Population,Prevalence,New York,Both,80+ years,Diabetes mellitus type 2,Percent,2000,0.2025021659362522,0.2251573888502476,0.1815916820934614
All Population,Prevalence,New York,Both,<5 years,Chronic kidney disease,Percent,1998,0.0004418051574009,0.0005588819282308,0.0003384374879177
All Population,Prevalence,New York,Both,5-9 years,Chronic kidney disease,Percent,1998,0.0024566393937964,0.003384059237676,0.0017572531149582
All Population,Prevalence,New York,Both,10-14 years,Chronic kidney disease,Percent,1998,0.0127018479076917,0.0161578531944028,0.0098630460284577
All Population,Prevalence,New York,Both,15-19 years,Chronic kidney disease,Percent,1998,0.0311492574522672,0.0406736904055991,0.0240099741289053
All Population,Prevalence,New York,Both,20-24 years,Chronic kidney disease,Percent,1998,0.0444279011744322,0.0560541856899797,0.0356278133832685
All Population,Prevalence,New York,Both,25-29 years,Chronic kidney disease,Percent,1998,0.0487715955336317,0.0619733867290466,0.0380295692674572
All Population,Prevalence,New York,Both,30-34 years,Chronic kidney disease,Percent,1998,0.0552164940479458,0.0700531106640255,0.0435673171705246
All Population,Prevalence,New York,Both,35-39 years,Chronic kidney disease,Percent,1998,0.0625101250122998,0.0776312611556535,0.0484242246461671
All Population,Prevalence,New York,Both,40-44 years,Chronic kidney disease,Percent,1998,0.066927055314081,0.0839410705175563,0.0535473686732962
All Population,Prevalence,New York,Both,45-49 years,Chronic kidney disease,Percent,1998,0.0751909471311861,0.0913503033184664,0.060146450700982
All Population,Prevalence,New York,Both,50-54 years,Chronic kidney disease,Percent,1998,0.0931586004505593,0.1111638706598981,0.0756731710942949
All Population,Prevalence,New York,Both,55-59 years,Chronic kidney disease,Percent,1998,0.1191631149107103,0.1422718524626131,0.0963775907785998
All Population,Prevalence,New York,Both,60-64 years,Chronic kidney disease,Percent,1998,0.1611893494833149,0.1908502998133199,0.1348133205867182
All Population,Prevalence,New York,Both,65-69 years,Chronic kidney disease,Percent,1998,0.2355714925978864,0.2773184039308206,0.197864392297668
All Population,Prevalence,New York,Both,70-74 years,Chronic kidney disease,Percent,1998,0.3307204992052969,0.3758658459401689,0.2842495355321745
All Population,Prevalence,New York,Both,75-79 years,Chronic kidney disease,Percent,1998,0.4354620408849334,0.4908242459410644,0.3867953491521214
All Population,Prevalence,New York,Both,80+ years,Chronic kidney disease,Percent,1998,0.598906611929711,0.654990117772952,0.5543542544917048
All Population,Prevalence,New York,Both,<5 years,HIV/AIDS,Percent,2001,0.0002723790033068,0.0003876620149018,0.0001792390550724
All Population,Prevalence,New York,Both,5-9 years,HIV/AIDS,Percent,2001,0.0002158413809111,0.0003103641746505,0.0001437549142985
All Population,Prevalence,New York,Both,10-14 years,HIV/AIDS,Percent,2001,0.0001758876031736,0.0002475418775123,0.0001167394957527
All Population,Prevalence,New York,Both,15-19 years,HIV/AIDS,Percent,2001,0.0004248173564338,0.0006920519332655,0.0002303419712635
All Population,Prevalence,New York,Both,20-24 years,HIV/AIDS,Percent,2001,0.0017529607138609,0.0028913337128373,0.0008924834459248
All Population,Prevalence,New York,Both,25-29 years,HIV/AIDS,Percent,2001,0.0047632009117574,0.0075551705525918,0.0027951947585212
All Population,Prevalence,New York,Both,30-34 years,HIV/AIDS,Percent,2001,0.010461312072989,0.0148173995277186,0.0066491068547674
All Population,Prevalence,New York,Both,35-39 years,HIV/AIDS,Percent,2001,0.0178316486066106,0.0241352990062353,0.0119847858706728
All Population,Prevalence,New York,Both,40-44 years,HIV/AIDS,Percent,2001,0.0222028962152147,0.029626746825616,0.0151519109799948
All Population,Prevalence,New York,Both,45-49 years,HIV/AIDS,Percent,2001,0.0215645767637648,0.0307053637279148,0.0148817217313557
All Population,Prevalence,New York,Both,50-54 years,HIV/AIDS,Percent,2001,0.0149033200339115,0.0220482378492825,0.0098158111687038
All Population,Prevalence,New York,Both,55-59 years,HIV/AIDS,Percent,2001,0.0088274124463687,0.0133071546656429,0.00574211890497
All Population,Prevalence,New York,Both,60-64 years,HIV/AIDS,Percent,2001,0.0053617235402149,0.0076782285680991,0.0035757466886509
All Population,Prevalence,New York,Both,65-69 years,HIV/AIDS,Percent,2001,0.0034745667509053,0.0052073150148324,0.0023393454452481
All Population,Prevalence,New York,Both,70-74 years,HIV/AIDS,Percent,2001,0.0021212786152283,0.0031978112819329,0.0013553520337073
All Population,Prevalence,New York,Both,75-79 years,HIV/AIDS,Percent,2001,0.0012917220011821,0.0019108476598554,0.0008097332864881
All Population,Prevalence,New York,Both,80+ years,HIV/AIDS,Percent,2001,0.0004251622007186,0.0006336705215771,0.0002732955845465
All Population,Prevalence,New York,Both,<5 years,Alcohol use disorders,Percent,2001,0.0006970565823116,0.0010747261438097,0.0003806342194916
All Population,Prevalence,New York,Both,5-9 years,Alcohol use disorders,Percent,2001,0.0005809545568989,0.0008938017131391,0.0003471763332307
All Population,Prevalence,New York,Both,10-14 years,Alcohol use disorders,Percent,2001,0.0036523200963825,0.0053865956431495,0.0022701622910976
All Population,Prevalence,New York,Both,15-19 years,Alcohol use disorders,Percent,2001,0.0268380268262439,0.0363520308138995,0.0197250444751421
All Population,Prevalence,New York,Both,20-24 years,Alcohol use disorders,Percent,2001,0.0532793992997416,0.074014583301262,0.0378736920179842
All Population,Prevalence,New York,Both,25-29 years,Alcohol use disorders,Percent,2001,0.0463648695216319,0.060402995523236,0.0357955357461412
All Population,Prevalence,New York,Both,30-34 years,Alcohol use disorders,Percent,2001,0.0369283163328144,0.049016949152781,0.0254576369885723
All Population,Prevalence,New York,Both,35-39 years,Alcohol use disorders,Percent,2001,0.034646104024758,0.0453020074782129,0.0263010279648001
All Population,Prevalence,New York,Both,40-44 years,Alcohol use disorders,Percent,2001,0.0328509224239144,0.0439059443587252,0.0241682287050493
All Population,Prevalence,New York,Both,45-49 years,Alcohol use disorders,Percent,2001,0.029576612092748,0.0372351799504069,0.0234878701131492
All Population,Prevalence,New York,Both,50-54 years,Alcohol use disorders,Percent,2001,0.0259124023063862,0.0341623682092901,0.0189865893770677
All Population,Prevalence,New York,Both,55-59 years,Alcohol use disorders,Percent,2001,0.0224827921857715,0.027857592854401,0.0179183209036607
All Population,Prevalence,New York,Both,60-64 years,Alcohol use disorders,Percent,2001,0.0190590254519307,0.0252905004336149,0.0137570967376116
All Population,Prevalence,New York,Both,65-69 years,Alcohol use disorders,Percent,2001,0.0155288131421556,0.0201871514608945,0.0117173290378761
All Population,Prevalence,New York,Both,70-74 years,Alcohol use disorders,Percent,2001,0.0124156173266896,0.0161054181228586,0.0090432121441355
All Population,Prevalence,New York,Both,75-79 years,Alcohol use disorders,Percent,2001,0.0109745615606951,0.0140634997391104,0.0082350921318767
All Population,Prevalence,New York,Both,80+ years,Alcohol use disorders,Percent,2001,0.0119578504545792,0.0149024567372557,0.0091257928264479
All Population,Prevalence,New York,Both,<5 years,Drug use disorders,Percent,2001,0.0,0.0,0.0
All Population,Prevalence,New York,Both,5-9 years,Drug use disorders,Percent,2001,0.0,0.0,0.0
All Population,Prevalence,New York,Both,10-14 years,Drug use disorders,Percent,2001,0.0045145126805612,0.0085333289268174,0.0016825974807395
All Population,Prevalence,New York,Both,15-19 years,Drug use disorders,Percent,2001,0.0531800954674827,0.0821497294121404,0.0320887813275723
All Population,Prevalence,New York,Both,20-24 years,Drug use disorders,Percent,2001,0.0602780589963512,0.0743426409834876,0.0479216824510361
All Population,Prevalence,New York,Both,25-29 years,Drug use disorders,Percent,2001,0.0507775079441652,0.0603454280686954,0.0423084785784237
All Population,Prevalence,New York,Both,30-34 years,Drug use disorders,Percent,2001,0.041233493036922,0.0478354373306198,0.0356742611379954
All Population,Prevalence,New York,Both,35-39 years,Drug use disorders,Percent,2001,0.0332733167389838,0.0399696581141973,0.0285695486283105
All Population,Prevalence,New York,Both,40-44 years,Drug use disorders,Percent,2001,0.0262756413246474,0.0306855820507257,0.0222472808862299
All Population,Prevalence,New York,Both,45-49 years,Drug use disorders,Percent,2001,0.0200520349736753,0.0240676815575185,0.0170854226721846
All Population,Prevalence,New York,Both,50-54 years,Drug use disorders,Percent,2001,0.0148674599005492,0.0174353380125697,0.0123751770733772
All Population,Prevalence,New York,Both,55-59 years,Drug use disorders,Percent,2001,0.0101947127279585,0.0117325579980271,0.008659494854788
All Population,Prevalence,New York,Both,60-64 years,Drug use disorders,Percent,2001,0.0065860309428508,0.0076972402764369,0.0055473549225317
All Population,Prevalence,New York,Both,65-69 years,Drug use disorders,Percent,2001,0.0045953673263128,0.0054391305440994,0.0038805727938877
All Population,Prevalence,New York,Both,70-74 years,Drug use disorders,Percent,2001,0.0034402030318549,0.0041195942551207,0.0029296856232857
All Population,Prevalence,New York,Both,75-79 years,Drug use disorders,Percent,2001,0.0027675206830383,0.0033126707761463,0.0022769445208853
All Population,Prevalence,New York,Both,80+ years,Drug use disorders,Percent,2001,0.0022809906941387,0.0027580667037428,0.001913246422007
All Population,Prevalence,New York,Both,<5 years,Depressive disorders,Percent,2001,7.5316908963e-06,1.42513249367e-05,2.9202437011e-06
All Population,Prevalence,New York,Both,5-9 years,Depressive disorders,Percent,2001,0.0089416033510109,0.0129327207666528,0.006065253926471
All Population,Prevalence,New York,Both,10-14 years,Depressive disorders,Percent,2001,0.0365599564798439,0.0464542579639637,0.0289202995685171
All Population,Prevalence,New York,Both,15-19 years,Depressive disorders,Percent,2001,0.0514634485908499,0.0633073957311166,0.0422182027713062
All Population,Prevalence,New York,Both,20-24 years,Depressive disorders,Percent,2001,0.0503947859227625,0.0604214057607254,0.041339799712955
All Population,Prevalence,New York,Both,25-29 years,Depressive disorders,Percent,2001,0.0509790370398401,0.060729243518505,0.0433765653427651
All Population,Prevalence,New York,Both,30-34 years,Depressive disorders,Percent,2001,0.0506869518253908,0.0603247671691992,0.0432209524476052
All Population,Prevalence,New York,Both,35-39 years,Depressive disorders,Percent,2001,0.0503249176927862,0.0577471664263475,0.0433641266745433
All Population,Prevalence,New York,Both,40-44 years,Depressive disorders,Percent,2001,0.0497173723469245,0.0580606834130581,0.0414101367290596
All Population,Prevalence,New York,Both,45-49 years,Depressive disorders,Percent,2001,0.0482330650335511,0.0569211686436666,0.0409750971975993
All Population,Prevalence,New York,Both,50-54 years,Depressive disorders,Percent,2001,0.0457842132186312,0.0546768342747052,0.0392480903789411
All Population,Prevalence,New York,Both,55-59 years,Depressive disorders,Percent,2001,0.0423631832872536,0.0500844452420076,0.0361891416167034
All Population,Prevalence,New York,Both,60-64 years,Depressive disorders,Percent,2001,0.0394384672546505,0.0465314039948905,0.0324728098044493
All Population,Prevalence,New York,Both,65-69 years,Depressive disorders,Percent,2001,0.0375957153936585,0.0439620271643987,0.0310629542938929
All Population,Prevalence,New York,Both,70-74 years,Depressive disorders,Percent,2001,0.0359075757903467,0.0421824098964009,0.0290454125730295
All Population,Prevalence,New York,Both,75-79 years,Depressive disorders,Percent,2001,0.0354108414470445,0.0410912174535828,0.0282741219133023
All Population,Prevalence,New York,Both,80+ years,Depressive disorders,Percent,2001,0.035589534271193,0.0413556496115195,0.029026966367471
All Population,Prevalence,New York,Both,<5 years,Anxiety disorders,Percent,2001,0.0010031879835521,0.0022203202565886,0.0004717200402993
All Population,Prevalence,New York,Both,5-9 years,Anxiety disorders,Percent,2001,0.0158689792297899,0.0308071284846764,0.0089438895939799
All Population,Prevalence,New York,Both,10-14 years,Anxiety disorders,Percent,2001,0.0296679120798942,0.0373743077983451,0.0233785707020892
All Population,Prevalence,New York,Both,15-19 years,Anxiety disorders,Percent,2001,0.0729849584540971,0.090426815138135,0.0608954243729074
All Population,Prevalence,New York,Both,20-24 years,Anxiety disorders,Percent,2001,0.0847869011188889,0.0983584888774515,0.0718205916966144
All Population,Prevalence,New York,Both,25-29 years,Anxiety disorders,Percent,2001,0.0957091225225333,0.1082100793504632,0.0857256884275409
All Population,Prevalence,New York,Both,30-34 years,Anxiety disorders,Percent,2001,0.1020940403083306,0.1171972790990121,0.0899130481686717
All Population,Prevalence,New York,Both,35-39 years,Anxiety disorders,Percent,2001,0.1017113220928124,0.1123953428957393,0.0908845465266635
All Population,Prevalence,New York,Both,40-44 years,Anxiety disorders,Percent,2001,0.1001583489545628,0.1105634017739726,0.0905006652100255
All Population,Prevalence,New York,Both,45-49 years,Anxiety disorders,Percent,2001,0.1000843597982218,0.114650754716133,0.0902192513172884
All Population,Prevalence,New York,Both,50-54 years,Anxiety disorders,Percent,2001,0.0987650011446258,0.1179673081874285,0.0864217754412931
All Population,Prevalence,New York,Both,55-59 years,Anxiety disorders,Percent,2001,0.0875952463189806,0.1007387339954112,0.0777950203936419
All Population,Prevalence,New York,Both,60-64 years,Anxiety disorders,Percent,2001,0.0728719591895362,0.0834599464264555,0.0624269263123462
All Population,Prevalence,New York,Both,65-69 years,Anxiety disorders,Percent,2001,0.0635657635336261,0.0727577424763727,0.0543929668592979
All Population,Prevalence,New York,Both,70-74 years,Anxiety disorders,Percent,2001,0.0573306378365253,0.0688560369480312,0.0469029241303598
All Population,Prevalence,New York,Both,75-79 years,Anxiety disorders,Percent,2001,0.0535585283308478,0.0623142086362219,0.0454890780794247
All Population,Prevalence,New York,Both,80+ years,Anxiety disorders,Percent,2001,0.0505108777481812,0.0634068035725112,0.0416537733408124
All Population,Prevalence,New York,Both,<5 years,Diabetes mellitus type 1,Percent,2001,0.0004187682870349,0.0005708882869373,0.0002904523875799
All Population,Prevalence,New York,Both,5-9 years,Diabetes mellitus type 1,Percent,2001,0.0019326381934182,0.0025071165787136,0.0013472012156577
All Population,Prevalence,New York,Both,10-14 years,Diabetes mellitus type 1,Percent,2001,0.002998288031131,0.00394046706293,0.0021917433609651
All Population,Prevalence,New York,Both,15-19 years,Diabetes mellitus type 1,Percent,2001,0.0031640130747848,0.0041189300456933,0.0024366514470978
All Population,Prevalence,New York,Both,20-24 years,Diabetes mellitus type 1,Percent,2001,0.0034731096486541,0.0043323642574076,0.0027595355337956
All Population,Prevalence,New York,Both,25-29 years,Diabetes mellitus type 1,Percent,2001,0.0039551007758276,0.0049115378578219,0.0031073452708085
All Population,Prevalence,New York,Both,30-34 years,Diabetes mellitus type 1,Percent,2001,0.0043871886726538,0.0057040795247546,0.0035360449719016
All Population,Prevalence,New York,Both,35-39 years,Diabetes mellitus type 1,Percent,2001,0.0047142083060553,0.0062016339901059,0.0037810690881523
All Population,Prevalence,New York,Both,40-44 years,Diabetes mellitus type 1,Percent,2001,0.0049128397248062,0.0062055741610697,0.0038919698594801
All Population,Prevalence,New York,Both,45-49 years,Diabetes mellitus type 1,Percent,2001,0.0049481094447825,0.0059522532233648,0.0039790123847538
All Population,Prevalence,New York,Both,50-54 years,Diabetes mellitus type 1,Percent,2001,0.0048412753564048,0.0060986196277909,0.0039398359794354
All Population,Prevalence,New York,Both,55-59 years,Diabetes mellitus type 1,Percent,2001,0.0046177933018896,0.0059318984089107,0.0035668391071169
All Population,Prevalence,New York,Both,60-64 years,Diabetes mellitus type 1,Percent,2001,0.0042952273058473,0.0055297323272612,0.0032524616971774
All Population,Prevalence,New York,Both,65-69 years,Diabetes mellitus type 1,Percent,2001,0.0038797731107113,0.004944095411763,0.0028181145894304
All Population,Prevalence,New York,Both,70-74 years,Diabetes mellitus type 1,Percent,2001,0.0034192267501616,0.0044761462516811,0.0024497574644379
All Population,Prevalence,New York,Both,75-79 years,Diabetes mellitus type 1,Percent,2001,0.0029496624121967,0.0040901106799529,0.002014285759262
All Population,Prevalence,New York,Both,80+ years,Diabetes mellitus type 1,Percent,2001,0.0022469511770914,0.0032306147108813,0.0015422394220792
All Population,Prevalence,New York,Both,<5 years,Diabetes mellitus type 2,Percent,2001,0.0,0.0,0.0
All Population,Prevalence,New York,Both,5-9 years,Diabetes mellitus type 2,Percent,2001,0.0,0.0,0.0
All Population,Prevalence,New York,Both,10-14 years,Diabetes mellitus type 2,Percent,2001,0.0,0.0,0.0
All Population,Prevalence,New York,Both,15-19 years,Diabetes mellitus type 2,Percent,2001,0.0042551961815928,0.0060193936786672,0.0026508675946954
All Population,Prevalence,New York,Both,20-24 years,Diabetes mellitus type 2,Percent,2001,0.0067657757410745,0.0086907716517253,0.0049728790776466
All Population,Prevalence,New York,Both,25-29 years,Diabetes mellitus type 2,Percent,2001,0.0102674811547146,0.0124702772327406,0.0080474788072052
All Population,Prevalence,New York,Both,30-34 years,Diabetes mellitus type 2,Percent,2001,0.0174682232405226,0.0208098600873817,0.013966632781084
All Population,Prevalence,New York,Both,35-39 years,Diabetes mellitus type 2,Percent,2001,0.029692735834661,0.0347563480316382,0.0251085137041537
All Population,Prevalence,New York,Both,40-44 years,Diabetes mellitus type 2,Percent,2001,0.0479619812960257,0.0563888946179935,0.0407712875738578
All Population,Prevalence,New York,Both,45-49 years,Diabetes mellitus type 2,Percent,2001,0.0759081696195106,0.0853779309088857,0.0658149567702712
All Population,Prevalence,New York,Both,50-54 years,Diabetes mellitus type 2,Percent,2001,0.1121266244656767,0.1280458490128671,0.0957826222433706
All Population,Prevalence,New York,Both,55-59 years,Diabetes mellitus type 2,Percent,2001,0.1517354189771674,0.167988212799218,0.1337676939929192
All Population,Prevalence,New York,Both,60-64 years,Diabetes mellitus type 2,Percent,2001,0.1903340069750256,0.2101523097886886,0.1725627314310264
All Population,Prevalence,New York,Both,65-69 years,Diabetes mellitus type 2,Percent,2001,0.2157146538519927,0.2367250472897201,0.1970448023405773
All Population,Prevalence,New York,Both,70-74 years,Diabetes mellitus type 2,Percent,2001,0.2275463504186821,0.2484193554146444,0.2101876889537656
All Population,Prevalence,New York,Both,75-79 years,Diabetes mellitus type 2,Percent,2001,0.2287368913331178,0.2516188543209981,0.2083755224861107
All Population,Prevalence,New York,Both,80+ years,Diabetes mellitus type 2,Percent,2001,0.2114546375676851,0.2336504976321292,0.1916350999760621
All Population,Prevalence,New York,Both,<5 years,Chronic kidney disease,Percent,1999,0.0004534250987613,0.0005722205226638,0.0003515397827723
All Population,Prevalence,New York,Both,5-9 years,Chronic kidney disease,Percent,1999,0.0024912327384597,0.003443140969663,0.0017932483867101
All Population,Prevalence,New York,Both,10-14 years,Chronic kidney disease,Percent,1999,0.012748974886736,0.0162736765605776,0.0098080836352879
All Population,Prevalence,New York,Both,15-19 years,Chronic kidney disease,Percent,1999,0.0311306413517041,0.0404063477881273,0.0236380170744009
All Population,Prevalence,New York,Both,20-24 years,Chronic kidney disease,Percent,1999,0.0442593331072064,0.0556737086800673,0.0356277545928598
All Population,Prevalence,New York,Both,25-29 years,Chronic kidney disease,Percent,1999,0.0487305875529909,0.0613596698293998,0.0382363709534107
All Population,Prevalence,New York,Both,30-34 years,Chronic kidney disease,Percent,1999,0.0555105639577113,0.0703698608759787,0.0435498184784344
All Population,Prevalence,New York,Both,35-39 years,Chronic kidney disease,Percent,1999,0.0629594977242755,0.0780350528255011,0.0493703491560041
All Population,Prevalence,New York,Both,40-44 years,Chronic kidney disease,Percent,1999,0.0673223541594238,0.0845055560418754,0.0536881313482897
All Population,Prevalence,New York,Both,45-49 years,Chronic kidney disease,Percent,1999,0.0754782135213437,0.0917411000876214,0.0605081507543455
All Population,Prevalence,New York,Both,50-54 years,Chronic kidney disease,Percent,1999,0.0934052222781812,0.1113694344111763,0.076038056120334
All Population,Prevalence,New York,Both,55-59 years,Chronic kidney disease,Percent,1999,0.1195087017644604,0.1422231372879255,0.0968972255942407
All Population,Prevalence,New York,Both,60-64 years,Chronic kidney disease,Percent,1999,0.161366336425578,0.1916320709630002,0.1345846378482621
All Population,Prevalence,New York,Both,65-69 years,Chronic kidney disease,Percent,1999,0.235512259573645,0.2772104732433261,0.1983826895418949
All Population,Prevalence,New York,Both,70-74 years,Chronic kidney disease,Percent,1999,0.3305594678760959,0.3744242059271591,0.2841029416605805
All Population,Prevalence,New York,Both,75-79 years,Chronic kidney disease,Percent,1999,0.4356106582647088,0.4911162866844156,0.386769341986538
All Population,Prevalence,New York,Both,80+ years,Chronic kidney disease,Percent,1999,0.6004352692067405,0.6558732788187087,0.5557071756676817
All Population,Prevalence,New York,Both,<5 years,HIV/AIDS,Percent,2002,0.0002598615587614,0.000376194967662,0.0001702064039393
All Population,Prevalence,New York,Both,5-9 years,HIV/AIDS,Percent,2002,0.0001943838383949,0.000276227736214,0.0001324702515563
All Population,Prevalence,New York,Both,10-14 years,HIV/AIDS,Percent,2002,0.0001887739100731,0.0002685841080495,0.0001275972919034
All Population,Prevalence,New York,Both,15-19 years,HIV/AIDS,Percent,2002,0.0004245674350781,0.0006761197736508,0.000239882412798
All Population,Prevalence,New York,Both,20-24 years,HIV/AIDS,Percent,2002,0.0016316269278186,0.00271044785625,0.0008284124322663
All Population,Prevalence,New York,Both,25-29 years,HIV/AIDS,Percent,2002,0.0043168616829735,0.0069609570502791,0.0024156949214022
All Population,Prevalence,New York,Both,30-34 years,HIV/AIDS,Percent,2002,0.0095900056437361,0.0137022099027116,0.0060605431898678
All Population,Prevalence,New York,Both,35-39 years,HIV/AIDS,Percent,2002,0.0166494782792062,0.0225873728202788,0.0110896624324441
All Population,Prevalence,New York,Both,40-44 years,HIV/AIDS,Percent,2002,0.0216785797596197,0.0291190843627216,0.0147473147326173
All Population,Prevalence,New York,Both,45-49 years,HIV/AIDS,Percent,2002,0.022093066423795,0.0314988265511031,0.0151176573892287
All Population,Prevalence,New York,Both,50-54 years,HIV/AIDS,Percent,2002,0.0162543978219097,0.0245662893474741,0.0106964002409498
All Population,Prevalence,New York,Both,55-59 years,HIV/AIDS,Percent,2002,0.0098843541369864,0.0149207439808268,0.0062884532139966
All Population,Prevalence,New York,Both,60-64 years,HIV/AIDS,Percent,2002,0.0059022589683943,0.0085595904338343,0.0038724699456413
All Population,Prevalence,New York,Both,65-69 years,HIV/AIDS,Percent,2002,0.0038157101692173,0.0057062000405473,0.0025316341935379
All Population,Prevalence,New York,Both,70-74 years,HIV/AIDS,Percent,2002,0.0023662839231264,0.0035701614085718,0.0014747604561676
All Population,Prevalence,New York,Both,75-79 years,HIV/AIDS,Percent,2002,0.0014577372902544,0.0022117904947664,0.000898106775671
All Population,Prevalence,New York,Both,80+ years,HIV/AIDS,Percent,2002,0.0004890003544382,0.000720189344376,0.0003088486504403
All Population,Prevalence,New York,Both,<5 years,Alcohol use disorders,Percent,2002,0.0007038583124117,0.0010795898827226,0.0003815417964888
All Population,Prevalence,New York,Both,5-9 years,Alcohol use disorders,Percent,2002,0.0005850737333283,0.000895765390734,0.0003518000307616
All Population,Prevalence,New York,Both,10-14 years,Alcohol use disorders,Percent,2002,0.0036370083298651,0.0053430663411237,0.0023054520262946
All Population,Prevalence,New York,Both,15-19 years,Alcohol use disorders,Percent,2002,0.0269122249204005,0.0364761951678887,0.0199378166936018
All Population,Prevalence,New York,Both,20-24 years,Alcohol use disorders,Percent,2002,0.0539541580799656,0.0741930305007721,0.0382751972124091
All Population,Prevalence,New York,Both,25-29 years,Alcohol use disorders,Percent,2002,0.0469026601507307,0.0613390763718739,0.0363781844074528
All Population,Prevalence,New York,Both,30-34 years,Alcohol use disorders,Percent,2002,0.0371613656811042,0.0492141577852613,0.0260793261644716
All Population,Prevalence,New York,Both,35-39 years,Alcohol use disorders,Percent,2002,0.0346497557239348,0.0451510692035224,0.0262714442788097
All Population,Prevalence,New York,Both,40-44 years,Alcohol use disorders,Percent,2002,0.0327592888814419,0.043628098790991,0.0239847054490143
All Population,Prevalence,New York,Both,45-49 years,Alcohol use disorders,Percent,2002,0.0296174965666506,0.0374035725298145,0.0236834317498086
All Population,Prevalence,New York,Both,50-54 years,Alcohol use disorders,Percent,2002,0.0260500976842164,0.0342949133195539,0.0192100114659734
All Population,Prevalence,New York,Both,55-59 years,Alcohol use disorders,Percent,2002,0.0224649702506131,0.0278637253044079,0.0178153534900618
All Population,Prevalence,New York,Both,60-64 years,Alcohol use disorders,Percent,2002,0.0188045338571093,0.0250897250274514,0.0137282817735536
All Population,Prevalence,New York,Both,65-69 years,Alcohol use disorders,Percent,2002,0.0152759423341449,0.0197485834979741,0.0116344030589956
All Population,Prevalence,New York,Both,70-74 years,Alcohol use disorders,Percent,2002,0.0122089061167648,0.0158418026663694,0.0090396705643775
All Population,Prevalence,New York,Both,75-79 years,Alcohol use disorders,Percent,2002,0.0108153299775708,0.0138535737943369,0.0081124092122822
All Population,Prevalence,New York,Both,80+ years,Alcohol use disorders,Percent,2002,0.0118918124049962,0.0147484972943341,0.0090628905088908
All Population,Prevalence,New York,Both,<5 years,Drug use disorders,Percent,2002,0.0,0.0,0.0
All Population,Prevalence,New York,Both,5-9 years,Drug use disorders,Percent,2002,0.0,0.0,0.0
All Population,Prevalence,New York,Both,10-14 years,Drug use disorders,Percent,2002,0.0044906000712971,0.008497761538564,0.0016696432410659
All Population,Prevalence,New York,Both,15-19 years,Drug use disorders,Percent,2002,0.0530223544938033,0.0824541172277447,0.0323038830700369
All Population,Prevalence,New York,Both,20-24 years,Drug use disorders,Percent,2002,0.0608019627782557,0.0748710042429339,0.0489132452791111
All Population,Prevalence,New York,Both,25-29 years,Drug use disorders,Percent,2002,0.0515903093978634,0.0607107256684051,0.0431778166295498
All Population,Prevalence,New York,Both,30-34 years,Drug use disorders,Percent,2002,0.0420932391023038,0.0486753630753562,0.0365392363720068
All Population,Prevalence,New York,Both,35-39 years,Drug use disorders,Percent,2002,0.0340031418345276,0.0405426860303796,0.0293691518915658
All Population,Prevalence,New York,Both,40-44 years,Drug use disorders,Percent,2002,0.0267825967089216,0.0312303460877855,0.0227583777070141
All Population,Prevalence,New York,Both,45-49 years,Drug use disorders,Percent,2002,0.0203486307183006,0.0243806041232861,0.017413094095832
All Population,Prevalence,New York,Both,50-54 years,Drug use disorders,Percent,2002,0.0150449903670516,0.0176364731545917,0.0125545854176408
All Population,Prevalence,New York,Both,55-59 years,Drug use disorders,Percent,2002,0.0103147280767042,0.0118338823333648,0.0087957639798606
All Population,Prevalence,New York,Both,60-64 years,Drug use disorders,Percent,2002,0.0066585543374412,0.007761584085885,0.005622809244008
All Population,Prevalence,New York,Both,65-69 years,Drug use disorders,Percent,2002,0.0046446600137047,0.0054769751688233,0.0039017529984108
All Population,Prevalence,New York,Both,70-74 years,Drug use disorders,Percent,2002,0.0034754185743969,0.0041831463726749,0.0029643424517897
All Population,Prevalence,New York,Both,75-79 years,Drug use disorders,Percent,2002,0.0027978736556312,0.0033645662186319,0.00230340264006
All Population,Prevalence,New York,Both,80+ years,Drug use disorders,Percent,2002,0.002310677123058,0.0027853929333171,0.0019403266326772
All Population,Prevalence,New York,Both,<5 years,Depressive disorders,Percent,2002,7.5388754557e-06,1.40719620625e-05,2.8566536274e-06
All Population,Prevalence,New York,Both,5-9 years,Depressive disorders,Percent,2002,0.0083452736656231,0.0119267954163153,0.0058342480493529
All Population,Prevalence,New York,Both,10-14 years,Depressive disorders,Percent,2002,0.0351404522135102,0.0446638248041372,0.0276653266698658
All Population,Prevalence,New York,Both,15-19 years,Depressive disorders,Percent,2002,0.0498166906284733,0.0611772416294463,0.040322981736417
All Population,Prevalence,New York,Both,20-24 years,Depressive disorders,Percent,2002,0.0486508064212666,0.0583203528033006,0.0391023189056068
All Population,Prevalence,New York,Both,25-29 years,Depressive disorders,Percent,2002,0.049323993606585,0.0581527784850685,0.0415530428761833
All Population,Prevalence,New York,Both,30-34 years,Depressive disorders,Percent,2002,0.0490881137156991,0.0578932343962909,0.0418434410689493
All Population,Prevalence,New York,Both,35-39 years,Depressive disorders,Percent,2002,0.0488606834895004,0.0558898393964588,0.0420488615635257
All Population,Prevalence,New York,Both,40-44 years,Depressive disorders,Percent,2002,0.0482897726283939,0.0570183773252293,0.0399197773826973
All Population,Prevalence,New York,Both,45-49 years,Depressive disorders,Percent,2002,0.0468255324471442,0.055416269257111,0.0394107254585364
All Population,Prevalence,New York,Both,50-54 years,Depressive disorders,Percent,2002,0.0444295134785052,0.0535156327277408,0.037800318339123
All Population,Prevalence,New York,Both,55-59 years,Depressive disorders,Percent,2002,0.041004645923632,0.0484664027218494,0.0352402640900013
All Population,Prevalence,New York,Both,60-64 years,Depressive disorders,Percent,2002,0.0381423714091401,0.0453196963346264,0.0313560727409446
All Population,Prevalence,New York,Both,65-69 years,Depressive disorders,Percent,2002,0.0363383532117629,0.0427876699125145,0.029949199313294
All Population,Prevalence,New York,Both,70-74 years,Depressive disorders,Percent,2002,0.0347124556530559,0.0407963759624406,0.0281545336600472
All Population,Prevalence,New York,Both,75-79 years,Depressive disorders,Percent,2002,0.0342635527600962,0.0396982380572014,0.0276663611581843
All Population,Prevalence,New York,Both,80+ years,Depressive disorders,Percent,2002,0.0344103919600424,0.0401864932319194,0.0279943169010342
All Population,Prevalence,New York,Both,<5 years,Anxiety disorders,Percent,2002,0.0010459423031676,0.0022668906459721,0.0004759352841721
All Population,Prevalence,New York,Both,5-9 years,Anxiety disorders,Percent,2002,0.0160067732599177,0.0316787032686453,0.0084662001828054
All Population,Prevalence,New York,Both,10-14 years,Anxiety disorders,Percent,2002,0.0292048683933083,0.0372169181907405,0.022551957923096
All Population,Prevalence,New York,Both,15-19 years,Anxiety disorders,Percent,2002,0.0734685496720879,0.0918854939418904,0.0608195833454886
All Population,Prevalence,New York,Both,20-24 years,Anxiety disorders,Percent,2002,0.0845908799365608,0.0982369661425161,0.0706083629729444
All Population,Prevalence,New York,Both,25-29 years,Anxiety disorders,Percent,2002,0.0945186042579913,0.1071826024013485,0.0840788745558539
All Population,Prevalence,New York,Both,30-34 years,Anxiety disorders,Percent,2002,0.1019692079865677,0.1181675299012239,0.0895878640610121
All Population,Prevalence,New York,Both,35-39 years,Anxiety disorders,Percent,2002,0.1022043825405309,0.1127886784485923,0.0913036133408621
All Population,Prevalence,New York,Both,40-44 years,Anxiety disorders,Percent,2002,0.100711865019962,0.1119790384523023,0.0908228147007946
All Population,Prevalence,New York,Both,45-49 years,Anxiety disorders,Percent,2002,0.1008624802781789,0.1147987336245786,0.0896735242919906
All Population,Prevalence,New York,Both,50-54 years,Anxiety disorders,Percent,2002,0.0999704115628984,0.1193043351591018,0.0872907645596546
All Population,Prevalence,New York,Both,55-59 years,Anxiety disorders,Percent,2002,0.0888699287518847,0.1022352716214512,0.0789846672840014
All Population,Prevalence,New York,Both,60-64 years,Anxiety disorders,Percent,2002,0.0736852065894361,0.0842390454503454,0.0635088102447424
All Population,Prevalence,New York,Both,65-69 years,Anxiety disorders,Percent,2002,0.063886557472102,0.0729534125600629,0.0540421687701406
All Population,Prevalence,New York,Both,70-74 years,Anxiety disorders,Percent,2002,0.0573899336892578,0.0699667791991629,0.0465697113133595
All Population,Prevalence,New York,Both,75-79 years,Anxiety disorders,Percent,2002,0.0534219334590642,0.0625093280877787,0.0456513551537077
All Population,Prevalence,New York,Both,80+ years,Anxiety disorders,Percent,2002,0.0502203891927688,0.062288051349367,0.0417716649628063
All Population,Prevalence,New York,Both,<5 years,Diabetes mellitus type 1,Percent,2002,0.0004364288684311,0.0005702954943276,0.0003077009175579
All Population,Prevalence,New York,Both,5-9 years,Diabetes mellitus type 1,Percent,2002,0.0020605802047026,0.002671790939968,0.0014972274827136
All Population,Prevalence,New York,Both,10-14 years,Diabetes mellitus type 1,Percent,2002,0.0031671152216666,0.0040852367652354,0.0023767488485608
All Population,Prevalence,New York,Both,15-19 years,Diabetes mellitus type 1,Percent,2002,0.0032586878833815,0.004200914458193,0.0025416170641088
All Population,Prevalence,New York,Both,20-24 years,Diabetes mellitus type 1,Percent,2002,0.0035139305920778,0.0044485419972265,0.0027776268047615
All Population,Prevalence,New York,Both,25-29 years,Diabetes mellitus type 1,Percent,2002,0.0039592668074827,0.0049073392699284,0.0031479136870453
All Population,Prevalence,New York,Both,30-34 years,Diabetes mellitus type 1,Percent,2002,0.0043910944528875,0.0056584023784182,0.0035804442049074
All Population,Prevalence,New York,Both,35-39 years,Diabetes mellitus type 1,Percent,2002,0.0047186160427159,0.0061863080659275,0.0038191240169091
All Population,Prevalence,New York,Both,40-44 years,Diabetes mellitus type 1,Percent,2002,0.0049225776852584,0.0062660482281629,0.0039215482329743
All Population,Prevalence,New York,Both,45-49 years,Diabetes mellitus type 1,Percent,2002,0.0049655378034894,0.0059473330348674,0.00398672511993
All Population,Prevalence,New York,Both,50-54 years,Diabetes mellitus type 1,Percent,2002,0.0048601699723921,0.0060347151110136,0.003966152169717
All Population,Prevalence,New York,Both,55-59 years,Diabetes mellitus type 1,Percent,2002,0.0046361482269997,0.00592041674582,0.0036416216881936
All Population,Prevalence,New York,Both,60-64 years,Diabetes mellitus type 1,Percent,2002,0.0043152283049313,0.0055481410236398,0.0032947583242958
All Population,Prevalence,New York,Both,65-69 years,Diabetes mellitus type 1,Percent,2002,0.003903513878283,0.0049669856812088,0.0028426638323573
All Population,Prevalence,New York,Both,70-74 years,Diabetes mellitus type 1,Percent,2002,0.0034393967825105,0.0044785902006844,0.0024674186152472
All Population,Prevalence,New York,Both,75-79 years,Diabetes mellitus type 1,Percent,2002,0.0029638734078526,0.0041115309699458,0.00208546783718
All Population,Prevalence,New York,Both,80+ years,Diabetes mellitus type 1,Percent,2002,0.0022525836242939,0.0031945608550864,0.0015299983242195
All Population,Prevalence,New York,Both,<5 years,Diabetes mellitus type 2,Percent,2002,0.0,0.0,0.0
All Population,Prevalence,New York,Both,5-9 years,Diabetes mellitus type 2,Percent,2002,0.0,0.0,0.0
All Population,Prevalence,New York,Both,10-14 years,Diabetes mellitus type 2,Percent,2002,0.0,0.0,0.0
All Population,Prevalence,New York,Both,15-19 years,Diabetes mellitus type 2,Percent,2002,0.0043021317938811,0.0059619269255848,0.002706643576825
All Population,Prevalence,New York,Both,20-24 years,Diabetes mellitus type 2,Percent,2002,0.0068053775941658,0.008658863437422,0.0050601274376279
All Population,Prevalence,New York,Both,25-29 years,Diabetes mellitus type 2,Percent,2002,0.0102972496717855,0.0123997845839881,0.0082027478367697
All Population,Prevalence,New York,Both,30-34 years,Diabetes mellitus type 2,Percent,2002,0.0177097382340833,0.0208912446239255,0.0143587052486174
All Population,Prevalence,New York,Both,35-39 years,Diabetes mellitus type 2,Percent,2002,0.0305731219150303,0.0354429081703914,0.0260263333647924
All Population,Prevalence,New York,Both,40-44 years,Diabetes mellitus type 2,Percent,2002,0.0497711523299881,0.057635394655718,0.0429873642033962
All Population,Prevalence,New York,Both,45-49 years,Diabetes mellitus type 2,Percent,2002,0.0784181554293802,0.0874007861624805,0.0691217055769247
All Population,Prevalence,New York,Both,50-54 years,Diabetes mellitus type 2,Percent,2002,0.1153120406126666,0.1297681376095146,0.0991747330174314
All Population,Prevalence,New York,Both,55-59 years,Diabetes mellitus type 2,Percent,2002,0.1565489624248993,0.1724090122475996,0.1395047235213617
All Population,Prevalence,New York,Both,60-64 years,Diabetes mellitus type 2,Percent,2002,0.1975257306422789,0.2167708367244679,0.1803195747236585
All Population,Prevalence,New York,Both,65-69 years,Diabetes mellitus type 2,Percent,2002,0.224998940252402,0.2453920475083694,0.2069184382639786
All Population,Prevalence,New York,Both,70-74 years,Diabetes mellitus type 2,Percent,2002,0.2383361676294643,0.2589696982089962,0.222170606697875
All Population,Prevalence,New York,Both,75-79 years,Diabetes mellitus type 2,Percent,2002,0.2401995443070526,0.2618082750569843,0.2202556508202099
All Population,Prevalence,New York,Both,80+ years,Diabetes mellitus type 2,Percent,2002,0.2224646856401961,0.2445555761479699,0.203133290247961
All Population,Prevalence,New York,Both,<5 years,Chronic kidney disease,Percent,2000,0.0004592057637855,0.0005768687738138,0.0003606110562633
All Population,Prevalence,New York,Both,5-9 years,Chronic kidney disease,Percent,2000,0.0025095580009775,0.0034790046644585,0.0018013118071567
All Population,Prevalence,New York,Both,10-14 years,Chronic kidney disease,Percent,2000,0.0127765861386657,0.0163804897118662,0.0098439239624175
All Population,Prevalence,New York,Both,15-19 years,Chronic kidney disease,Percent,2000,0.0311324394678038,0.040409291172436,0.0237331015191818
All Population,Prevalence,New York,Both,20-24 years,Chronic kidney disease,Percent,2000,0.0441999964628082,0.0556968121361524,0.0356767698323545
All Population,Prevalence,New York,Both,25-29 years,Chronic kidney disease,Percent,2000,0.0487275862233041,0.0615322297923123,0.0381935673095983
All Population,Prevalence,New York,Both,30-34 years,Chronic kidney disease,Percent,2000,0.0557531380745704,0.0705307428595371,0.0434462742345146
All Population,Prevalence,New York,Both,35-39 years,Chronic kidney disease,Percent,2000,0.063311922156976,0.0784073671487436,0.0494039990675324
All Population,Prevalence,New York,Both,40-44 years,Chronic kidney disease,Percent,2000,0.0676074814924762,0.0846825090190348,0.0536754064288061
All Population,Prevalence,New York,Both,45-49 years,Chronic kidney disease,Percent,2000,0.0757082284682402,0.091774770701628,0.0606557285494945
All Population,Prevalence,New York,Both,50-54 years,Chronic kidney disease,Percent,2000,0.0935970763912053,0.1114600888794784,0.0762834424163748
All Population,Prevalence,New York,Both,55-59 years,Chronic kidney disease,Percent,2000,0.1197448160060891,0.142255750916915,0.0973364142702886
All Population,Prevalence,New York,Both,60-64 years,Chronic kidney disease,Percent,2000,0.1614108758841072,0.1912449017987239,0.1341879243652522
All Population,Prevalence,New York,Both,65-69 years,Chronic kidney disease,Percent,2000,0.2354249175753261,0.2774409919814429,0.1982551252375149
All Population,Prevalence,New York,Both,70-74 years,Chronic kidney disease,Percent,2000,0.3303592116998884,0.3739061594633225,0.2839603666578951
All Population,Prevalence,New York,Both,75-79 years,Chronic kidney disease,Percent,2000,0.4355821384056324,0.4893435869867013,0.3863092471832404
All Population,Prevalence,New York,Both,80+ years,Chronic kidney disease,Percent,2000,0.600833629955059,0.655945191395443,0.5556951001675178
All Population,Prevalence,New York,Both,<5 years,HIV/AIDS,Percent,2003,0.0002435318056423,0.0003555761105872,0.0001555170366089
All Population,Prevalence,New York,Both,5-9 years,HIV/AIDS,Percent,2003,0.000182081331475,0.0002563804369744,0.000124197623859
All Population,Prevalence,New York,Both,10-14 years,HIV/AIDS,Percent,2003,0.0001919310103416,0.0002763987417567,0.0001295347723241
All Population,Prevalence,New York,Both,15-19 years,HIV/AIDS,Percent,2003,0.0004333922199672,0.0006749373063781,0.0002533448138591
All Population,Prevalence,New York,Both,20-24 years,HIV/AIDS,Percent,2003,0.0015524104081588,0.002578347771395,0.0007908042413416
All Population,Prevalence,New York,Both,25-29 years,HIV/AIDS,Percent,2003,0.0039748417854685,0.0063894021734003,0.0021772654414837
All Population,Prevalence,New York,Both,30-34 years,HIV/AIDS,Percent,2003,0.0087794297167637,0.0129217848624601,0.0054864471143214
All Population,Prevalence,New York,Both,35-39 years,HIV/AIDS,Percent,2003,0.0154151995679776,0.0211055693926926,0.0102799868169462
All Population,Prevalence,New York,Both,40-44 years,HIV/AIDS,Percent,2003,0.0210510827188188,0.0286356901025812,0.0141059421076424
All Population,Prevalence,New York,Both,45-49 years,HIV/AIDS,Percent,2003,0.0223575020221486,0.0322107073208247,0.0151981602582349
All Population,Prevalence,New York,Both,50-54 years,HIV/AIDS,Percent,2003,0.0176194911762424,0.0268124056997798,0.0116177349982994
All Population,Prevalence,New York,Both,55-59 years,HIV/AIDS,Percent,2003,0.0110297509817487,0.0170005022849348,0.0068186307488557
All Population,Prevalence,New York,Both,60-64 years,HIV/AIDS,Percent,2003,0.0065238099618692,0.009695172310325,0.0041672029463376
All Population,Prevalence,New York,Both,65-69 years,HIV/AIDS,Percent,2003,0.0041774954599608,0.0063140873838393,0.0027507710731906
All Population,Prevalence,New York,Both,70-74 years,HIV/AIDS,Percent,2003,0.0026315338405504,0.0040520879055742,0.0016268726515798
All Population,Prevalence,New York,Both,75-79 years,HIV/AIDS,Percent,2003,0.0016316362722681,0.0025047962528081,0.0009916290239693
All Population,Prevalence,New York,Both,80+ years,HIV/AIDS,Percent,2003,0.0005643960103334,0.0008241071456118,0.0003524745031285
All Population,Prevalence,New York,Both,<5 years,Alcohol use disorders,Percent,2003,0.0007121421137186,0.0010887976744834,0.0003814007048969
All Population,Prevalence,New York,Both,5-9 years,Alcohol use disorders,Percent,2003,0.0005898635903441,0.0008942630234099,0.0003591162679594
All Population,Prevalence,New York,Both,10-14 years,Alcohol use disorders,Percent,2003,0.0036135873371986,0.0052190410177462,0.0023140194429084
All Population,Prevalence,New York,Both,15-19 years,Alcohol use disorders,Percent,2003,0.0269962212747321,0.0364686358477539,0.0200586808599813
All Population,Prevalence,New York,Both,20-24 years,Alcohol use disorders,Percent,2003,0.0547452956129162,0.0751026233786657,0.0394884980557347
All Population,Prevalence,New York,Both,25-29 years,Alcohol use disorders,Percent,2003,0.0475786423235426,0.0625424726292635,0.0368743909985645
All Population,Prevalence,New York,Both,30-34 years,Alcohol use disorders,Percent,2003,0.0374982207970595,0.0499493821741731,0.0265651869307453
All Population,Prevalence,New York,Both,35-39 years,Alcohol use disorders,Percent,2003,0.034709499211527,0.0448429478565712,0.0265052080415336
All Population,Prevalence,New York,Both,40-44 years,Alcohol use disorders,Percent,2003,0.0326825693454334,0.0434479119687802,0.0239951603404384
All Population,Prevalence,New York,Both,45-49 years,Alcohol use disorders,Percent,2003,0.02967804330006,0.0375820939716364,0.0239089916570643
All Population,Prevalence,New York,Both,50-54 years,Alcohol use disorders,Percent,2003,0.0262188579449462,0.0340000723628737,0.0194222356756136
All Population,Prevalence,New York,Both,55-59 years,Alcohol use disorders,Percent,2003,0.0224404302289614,0.0280422632960753,0.0178632379630108
All Population,Prevalence,New York,Both,60-64 years,Alcohol use disorders,Percent,2003,0.0185005013975435,0.0244275149297755,0.0135390460204256
All Population,Prevalence,New York,Both,65-69 years,Alcohol use disorders,Percent,2003,0.0149725615839911,0.0192863923521332,0.011337164083611
All Population,Prevalence,New York,Both,70-74 years,Alcohol use disorders,Percent,2003,0.0119590667915884,0.0155937633500221,0.0087514530294832
All Population,Prevalence,New York,Both,75-79 years,Alcohol use disorders,Percent,2003,0.0106214073873299,0.0136821587695306,0.0079417674344224
All Population,Prevalence,New York,Both,80+ years,Alcohol use disorders,Percent,2003,0.0117760975270705,0.0146716571772637,0.0089570559670797
All Population,Prevalence,New York,Both,<5 years,Drug use disorders,Percent,2003,0.0,0.0,0.0
All Population,Prevalence,New York,Both,5-9 years,Drug use disorders,Percent,2003,0.0,0.0,0.0
All Population,Prevalence,New York,Both,10-14 years,Drug use disorders,Percent,2003,0.0044596193680507,0.0084684135303283,0.0016591185545647
All Population,Prevalence,New York,Both,15-19 years,Drug use disorders,Percent,2003,0.052860110861302,0.0826578571221566,0.0324513671377439
All Population,Prevalence,New York,Both,20-24 years,Drug use disorders,Percent,2003,0.0613337166902703,0.0757864493842155,0.0498827691532437
All Population,Prevalence,New York,Both,25-29 years,Drug use disorders,Percent,2003,0.0524722650624489,0.0619155890941372,0.0442619225906406
All Population,Prevalence,New York,Both,30-34 years,Drug use disorders,Percent,2003,0.0430041112154908,0.0496004458536234,0.0372943563615142
All Population,Prevalence,New York,Both,35-39 years,Drug use disorders,Percent,2003,0.0347863418763286,0.0412235815054458,0.0301223933553998
All Population,Prevalence,New York,Both,40-44 years,Drug use disorders,Percent,2003,0.0273171200665661,0.0318181859043059,0.023371164447385
All Population,Prevalence,New York,Both,45-49 years,Drug use disorders,Percent,2003,0.0206481928396841,0.0247001887388557,0.0175789407056295
All Population,Prevalence,New York,Both,50-54 years,Drug use disorders,Percent,2003,0.0152116127363444,0.017663011569304,0.0127369588872024
All Population,Prevalence,New York,Both,55-59 years,Drug use disorders,Percent,2003,0.0104241061517094,0.0119917347682253,0.0089117420014689
All Population,Prevalence,New York,Both,60-64 years,Drug use disorders,Percent,2003,0.0067238925144411,0.0078189253809251,0.0056746252578629
All Population,Prevalence,New York,Both,65-69 years,Drug use disorders,Percent,2003,0.0046889435621698,0.005535447328441,0.0039228363264523
All Population,Prevalence,New York,Both,70-74 years,Drug use disorders,Percent,2003,0.0035069400711365,0.004211954261393,0.0029955591317985
All Population,Prevalence,New York,Both,75-79 years,Drug use disorders,Percent,2003,0.0028249382029679,0.0034164882400712,0.0023365281041135
All Population,Prevalence,New York,Both,80+ years,Drug use disorders,Percent,2003,0.0023380244536323,0.002817164053257,0.0019588762470531
All Population,Prevalence,New York,Both,<5 years,Depressive disorders,Percent,2003,7.6171550996e-06,1.39566501883e-05,2.8442087101e-06
All Population,Prevalence,New York,Both,5-9 years,Depressive disorders,Percent,2003,0.0085984707520358,0.0123414533563716,0.0059842185159465
All Population,Prevalence,New York,Both,10-14 years,Depressive disorders,Percent,2003,0.0364390704734881,0.0464249324247139,0.0290617887881196
All Population,Prevalence,New York,Both,15-19 years,Depressive disorders,Percent,2003,0.0516025675656492,0.0623741769312012,0.0420122197926463
All Population,Prevalence,New York,Both,20-24 years,Depressive disorders,Percent,2003,0.04990430622005,0.0598543902742126,0.040640550556681
All Population,Prevalence,New York,Both,25-29 years,Depressive disorders,Percent,2003,0.0505211332311889,0.0594004488030109,0.0422103243216473
All Population,Prevalence,New York,Both,30-34 years,Depressive disorders,Percent,2003,0.0502277108785742,0.0594139454734409,0.0425636057902001
All Population,Prevalence,New York,Both,35-39 years,Depressive disorders,Percent,2003,0.0500077011205576,0.0581153984574789,0.0430628818262664
All Population,Prevalence,New York,Both,40-44 years,Depressive disorders,Percent,2003,0.0493710949895885,0.0583188898347978,0.0416332983143706
All Population,Prevalence,New York,Both,45-49 years,Depressive disorders,Percent,2003,0.0478002120493122,0.0565406132298176,0.040101116011897
All Population,Prevalence,New York,Both,50-54 years,Depressive disorders,Percent,2003,0.0453656968176937,0.0547772157063776,0.0389701880027703
All Population,Prevalence,New York,Both,55-59 years,Depressive disorders,Percent,2003,0.0418059941446349,0.0495863299642573,0.0358260973431349
All Population,Prevalence,New York,Both,60-64 years,Depressive disorders,Percent,2003,0.0389019321544227,0.0462610385797764,0.0318687110669321
All Population,Prevalence,New York,Both,65-69 years,Depressive disorders,Percent,2003,0.03707524597304,0.043961577695703,0.0305101026306648
All Population,Prevalence,New York,Both,70-74 years,Depressive disorders,Percent,2003,0.0354115117356979,0.0411815176300144,0.0288306001709234
All Population,Prevalence,New York,Both,75-79 years,Depressive disorders,Percent,2003,0.0350062067789883,0.0405627503809474,0.0282784479107583
All Population,Prevalence,New York,Both,80+ years,Depressive disorders,Percent,2003,0.0351087747409302,0.0409475232618043,0.0284199639180984
All Population,Prevalence,New York,Both,<5 years,Anxiety disorders,Percent,2003,0.001084997426978,0.0023459006497783,0.0005020584153225
All Population,Prevalence,New York,Both,5-9 years,Anxiety disorders,Percent,2003,0.016315540180984,0.0321304923387231,0.00817106196362
All Population,Prevalence,New York,Both,10-14 years,Anxiety disorders,Percent,2003,0.0288480232505833,0.0374758579876621,0.0223672222375425
All Population,Prevalence,New York,Both,15-19 years,Anxiety disorders,Percent,2003,0.0726977574344298,0.0914958708190694,0.0600976005773285
All Population,Prevalence,New York,Both,20-24 years,Anxiety disorders,Percent,2003,0.0837792101378415,0.0973982997527084,0.0710184107826116
All Population,Prevalence,New York,Both,25-29 years,Anxiety disorders,Percent,2003,0.0925764971888049,0.1041757615806537,0.0819190468429558
All Population,Prevalence,New York,Both,30-34 years,Anxiety disorders,Percent,2003,0.1002323117650624,0.1163448096981137,0.0872613994198197
All Population,Prevalence,New York,Both,35-39 years,Anxiety disorders,Percent,2003,0.1010334316669025,0.1119681330427934,0.0905590343326475
All Population,Prevalence,New York,Both,40-44 years,Anxiety disorders,Percent,2003,0.0996965736106347,0.1114345965141786,0.089105879201288
All Population,Prevalence,New York,Both,45-49 years,Anxiety disorders,Percent,2003,0.099973843084869,0.1129500037835553,0.0881586608398949
All Population,Prevalence,New York,Both,50-54 years,Anxiety disorders,Percent,2003,0.0994628801022919,0.1175554511415705,0.0868124479882841
All Population,Prevalence,New York,Both,55-59 years,Anxiety disorders,Percent,2003,0.0890960965814798,0.1029014643306777,0.0792738327385732
All Population,Prevalence,New York,Both,60-64 years,Anxiety disorders,Percent,2003,0.0741364681667016,0.084400021986687,0.0641919403584942
All Population,Prevalence,New York,Both,65-69 years,Anxiety disorders,Percent,2003,0.0639668139612382,0.0724557749893512,0.055591106413572
All Population,Prevalence,New York,Both,70-74 years,Anxiety disorders,Percent,2003,0.0573118296854415,0.0691505692893084,0.0461521414480632
All Population,Prevalence,New York,Both,75-79 years,Anxiety disorders,Percent,2003,0.0532131793154252,0.0627772162812475,0.044368091696399
All Population,Prevalence,New York,Both,80+ years,Anxiety disorders,Percent,2003,0.0499327697538479,0.0606921476557626,0.0416183352188625
All Population,Prevalence,New York,Both,<5 years,Diabetes mellitus type 1,Percent,2003,0.0004521038041945,0.0005792826009606,0.0003113865287468
All Population,Prevalence,New York,Both,5-9 years,Diabetes mellitus type 1,Percent,2003,0.0021907778256786,0.002815499409131,0.0016345863875139
All Population,Prevalence,New York,Both,10-14 years,Diabetes mellitus type 1,Percent,2003,0.0033527181021915,0.0042557831344831,0.0025417985069885
All Population,Prevalence,New York,Both,15-19 years,Diabetes mellitus type 1,Percent,2003,0.0033690111785279,0.004165065693502,0.0026462921599865
All Population,Prevalence,New York,Both,20-24 years,Diabetes mellitus type 1,Percent,2003,0.0035670346114656,0.0046415632592871,0.0028250138873991
All Population,Prevalence,New York,Both,25-29 years,Diabetes mellitus type 1,Percent,2003,0.0039647312452616,0.0049456604303662,0.0031877465605115
All Population,Prevalence,New York,Both,30-34 years,Diabetes mellitus type 1,Percent,2003,0.0043959038458488,0.0055539532096606,0.0036181727450553
All Population,Prevalence,New York,Both,35-39 years,Diabetes mellitus type 1,Percent,2003,0.0047235157465554,0.0061527030633552,0.0038171788340372
All Population,Prevalence,New York,Both,40-44 years,Diabetes mellitus type 1,Percent,2003,0.0049319868820908,0.0063319458009322,0.0039447800421195
All Population,Prevalence,New York,Both,45-49 years,Diabetes mellitus type 1,Percent,2003,0.0049836196564824,0.0060289779085697,0.0039873796451202
All Population,Prevalence,New York,Both,50-54 years,Diabetes mellitus type 1,Percent,2003,0.0048802706969969,0.005969112026927,0.0039662737734786
All Population,Prevalence,New York,Both,55-59 years,Diabetes mellitus type 1,Percent,2003,0.0046547596690813,0.0059018082472094,0.0037086855114623
All Population,Prevalence,New York,Both,60-64 years,Diabetes mellitus type 1,Percent,2003,0.004335293460534,0.0055674892147449,0.0033301120727994
All Population,Prevalence,New York,Both,65-69 years,Diabetes mellitus type 1,Percent,2003,0.0039284204195476,0.0050028814679488,0.0028888909814784
All Population,Prevalence,New York,Both,70-74 years,Diabetes mellitus type 1,Percent,2003,0.0034614547387471,0.0044885215531345,0.0024906265160656
All Population,Prevalence,New York,Both,75-79 years,Diabetes mellitus type 1,Percent,2003,0.0029796620545593,0.0041129774274737,0.0021079752642358
All Population,Prevalence,New York,Both,80+ years,Diabetes mellitus type 1,Percent,2003,0.0022620236791612,0.0031661446797576,0.0015208126499953
All Population,Prevalence,New York,Both,<5 years,Diabetes mellitus type 2,Percent,2003,0.0,0.0,0.0
All Population,Prevalence,New York,Both,5-9 years,Diabetes mellitus type 2,Percent,2003,0.0,0.0,0.0
All Population,Prevalence,New York,Both,10-14 years,Diabetes mellitus type 2,Percent,2003,0.0,0.0,0.0
All Population,Prevalence,New York,Both,15-19 years,Diabetes mellitus type 2,Percent,2003,0.0043603114041882,0.0060161939824535,0.0028034524426452
All Population,Prevalence,New York,Both,20-24 years,Diabetes mellitus type 2,Percent,2003,0.0068603377488669,0.0086072043851546,0.0051676197683176
All Population,Prevalence,New York,Both,25-29 years,Diabetes mellitus type 2,Percent,2003,0.0103372916523344,0.0124084890817549,0.0083020341255614
All Population,Prevalence,New York,Both,30-34 years,Diabetes mellitus type 2,Percent,2003,0.0179422081870426,0.0210142549670081,0.0147052817287434
All Population,Prevalence,New York,Both,35-39 years,Diabetes mellitus type 2,Percent,2003,0.0314421672461423,0.0360530665849298,0.0271594454956454
All Population,Prevalence,New York,Both,40-44 years,Diabetes mellitus type 2,Percent,2003,0.0516307430846685,0.0592510804702548,0.0450594464855645
All Population,Prevalence,New York,Both,45-49 years,Diabetes mellitus type 2,Percent,2003,0.0813386688600541,0.0899016362438465,0.0726210902519005
All Population,Prevalence,New York,Both,50-54 years,Diabetes mellitus type 2,Percent,2003,0.1194180499385557,0.1326895781632119,0.1035519651989189
All Population,Prevalence,New York,Both,55-59 years,Diabetes mellitus type 2,Percent,2003,0.1623181256211033,0.1788594765512021,0.1455950825851294
All Population,Prevalence,New York,Both,60-64 years,Diabetes mellitus type 2,Percent,2003,0.2052036017703318,0.2244496604727123,0.1889612628844382
All Population,Prevalence,New York,Both,65-69 years,Diabetes mellitus type 2,Percent,2003,0.2346574295822318,0.2553390575426152,0.2166187721689906
All Population,Prevalence,New York,Both,70-74 years,Diabetes mellitus type 2,Percent,2003,0.2495981402103903,0.2697859850409853,0.2316693214449222
All Population,Prevalence,New York,Both,75-79 years,Diabetes mellitus type 2,Percent,2003,0.2522050032815382,0.2720366512808427,0.2319946401116899
All Population,Prevalence,New York,Both,80+ years,Diabetes mellitus type 2,Percent,2003,0.2341560188911368,0.2542472377142208,0.2142507892720298
All Population,Prevalence,New York,Both,<5 years,Chronic kidney disease,Percent,2001,0.0004604131672971,0.0005793687279321,0.000366283280046
All Population,Prevalence,New York,Both,5-9 years,Chronic kidney disease,Percent,2001,0.002511974457962,0.0034802397730481,0.0018060414583015
All Population,Prevalence,New York,Both,10-14 years,Chronic kidney disease,Percent,2001,0.0127789795546929,0.0163363104311362,0.0098651106769394
All Population,Prevalence,New York,Both,15-19 years,Chronic kidney disease,Percent,2001,0.0311911264704794,0.0404123808751174,0.0237650858303837
All Population,Prevalence,New York,Both,20-24 years,Chronic kidney disease,Percent,2001,0.0443195476892951,0.0557742708230975,0.0355609092922288
All Population,Prevalence,New York,Both,25-29 years,Chronic kidney disease,Percent,2001,0.048814392689806,0.0617310050291781,0.0380303442312922
All Population,Prevalence,New York,Both,30-34 years,Chronic kidney disease,Percent,2001,0.0559809551546412,0.0710484268944537,0.0438632985827493
All Population,Prevalence,New York,Both,35-39 years,Chronic kidney disease,Percent,2001,0.0636199583582591,0.0786631965258549,0.0496994660820772
All Population,Prevalence,New York,Both,40-44 years,Chronic kidney disease,Percent,2001,0.0677664066933883,0.0846567984939212,0.0542951946042979
All Population,Prevalence,New York,Both,45-49 years,Chronic kidney disease,Percent,2001,0.0758395421138803,0.0923520568993587,0.0608687573547743
All Population,Prevalence,New York,Both,50-54 years,Chronic kidney disease,Percent,2001,0.0937756457247347,0.1116949746206893,0.0760725968642569
All Population,Prevalence,New York,Both,55-59 years,Chronic kidney disease,Percent,2001,0.1197040524438586,0.1420029464164955,0.0975870568182779
All Population,Prevalence,New York,Both,60-64 years,Chronic kidney disease,Percent,2001,0.160783412477528,0.1911579875054802,0.1333812929801931
All Population,Prevalence,New York,Both,65-69 years,Chronic kidney disease,Percent,2001,0.2344423621062049,0.2763988579488211,0.1973708314245248
All Population,Prevalence,New York,Both,70-74 years,Chronic kidney disease,Percent,2001,0.328772115339353,0.3713081033445177,0.2830985175897861
All Population,Prevalence,New York,Both,75-79 years,Chronic kidney disease,Percent,2001,0.4335624723702226,0.48788540778107,0.3852639855917731
All Population,Prevalence,New York,Both,80+ years,Chronic kidney disease,Percent,2001,0.5984002209967524,0.6534242024576945,0.5555589601699197
All Population,Prevalence,New York,Both,<5 years,Chronic kidney disease,Percent,2002,0.0004605550810729,0.0005800442557042,0.000370479630483
All Population,Prevalence,New York,Both,5-9 years,Chronic kidney disease,Percent,2002,0.0025125245417535,0.0034796559681429,0.0018059644353348
All Population,Prevalence,New York,Both,10-14 years,Chronic kidney disease,Percent,2002,0.0127779014089198,0.0162828873726789,0.009900640222911
All Population,Prevalence,New York,Both,15-19 years,Chronic kidney disease,Percent,2002,0.0313309694813099,0.0404764467925755,0.0238294135243499
All Population,Prevalence,New York,Both,20-24 years,Chronic kidney disease,Percent,2002,0.0446111440935783,0.0561038914533114,0.0355275624916415
All Population,Prevalence,New York,Both,25-29 years,Chronic kidney disease,Percent,2002,0.0490167481278901,0.0627712655290025,0.0378785224631417
All Population,Prevalence,New York,Both,30-34 years,Chronic kidney disease,Percent,2002,0.0562389466417154,0.0719633278379074,0.0437289085484127
All Population,Prevalence,New York,Both,35-39 years,Chronic kidney disease,Percent,2002,0.0639584161633369,0.0791847299771291,0.0498619189881869
All Population,Prevalence,New York,Both,40-44 years,Chronic kidney disease,Percent,2002,0.0678432318645636,0.0849326349231039,0.0540617982740839
All Population,Prevalence,New York,Both,45-49 years,Chronic kidney disease,Percent,2002,0.0758836193167495,0.0928120249612205,0.0606700936317304
All Population,Prevalence,New York,Both,50-54 years,Chronic kidney disease,Percent,2002,0.0939801134084911,0.1127820978413324,0.0760989938869352
All Population,Prevalence,New York,Both,55-59 years,Chronic kidney disease,Percent,2002,0.1193538240926176,0.1416032126639406,0.0977421387932017
All Population,Prevalence,New York,Both,60-64 years,Chronic kidney disease,Percent,2002,0.1593389433827335,0.1894015420868294,0.1321489821536283
All Population,Prevalence,New York,Both,65-69 years,Chronic kidney disease,Percent,2002,0.2322281691060082,0.2733278515493123,0.1950124861497073
All Population,Prevalence,New York,Both,70-74 years,Chronic kidney disease,Percent,2002,0.3252921588201174,0.3682392882489018,0.2808093830472186
All Population,Prevalence,New York,Both,75-79 years,Chronic kidney disease,Percent,2002,0.4288849565440629,0.483333227217521,0.3817344223695763
All Population,Prevalence,New York,Both,80+ years,Chronic kidney disease,Percent,2002,0.5931693650909533,0.6461158078296025,0.5513863743113818
All Population,Prevalence,New York,Both,<5 years,HIV/AIDS,Percent,2004,0.0002301771426562,0.0003390297229403,0.0001462512047912
All Population,Prevalence,New York,Both,5-9 years,HIV/AIDS,Percent,2004,0.0001771406265724,0.0002523532194621,0.0001185641162842
All Population,Prevalence,New York,Both,10-14 years,HIV/AIDS,Percent,2004,0.0001841466258163,0.0002632956396158,0.0001252164066957
All Population,Prevalence,New York,Both,15-19 years,HIV/AIDS,Percent,2004,0.0004531212804163,0.0007008458355177,0.0002751570129605
All Population,Prevalence,New York,Both,20-24 years,HIV/AIDS,Percent,2004,0.0015200975755258,0.0025081688224612,0.0007827198315523
All Population,Prevalence,New York,Both,25-29 years,HIV/AIDS,Percent,2004,0.003709567675408,0.0060478271858069,0.0019892671448968
All Population,Prevalence,New York,Both,30-34 years,HIV/AIDS,Percent,2004,0.0079779680688897,0.0119348274233542,0.0049669076370793
All Population,Prevalence,New York,Both,35-39 years,HIV/AIDS,Percent,2004,0.0141633546045082,0.019371390130136,0.0094175522660089
All Population,Prevalence,New York,Both,40-44 years,HIV/AIDS,Percent,2004,0.0203186004579823,0.0280717285080207,0.0135744025945731
All Population,Prevalence,New York,Both,45-49 years,HIV/AIDS,Percent,2004,0.0223862697236052,0.0327213793099043,0.0150030675953102
All Population,Prevalence,New York,Both,50-54 years,HIV/AIDS,Percent,2004,0.0189521225329715,0.0290596208068112,0.0121583024739918
All Population,Prevalence,New York,Both,55-59 years,HIV/AIDS,Percent,2004,0.0122342080906095,0.0189241229604759,0.0074406604550705
All Population,Prevalence,New York,Both,60-64 years,HIV/AIDS,Percent,2004,0.0072415821879402,0.0109337710312886,0.0045581665007766
All Population,Prevalence,New York,Both,65-69 years,HIV/AIDS,Percent,2004,0.0045562663724005,0.0067735630782348,0.0029470639132674
All Population,Prevalence,New York,Both,70-74 years,HIV/AIDS,Percent,2004,0.0029157442599644,0.004501787624257,0.0018038803137179
All Population,Prevalence,New York,Both,75-79 years,HIV/AIDS,Percent,2004,0.0018167068105579,0.0027872029430591,0.0010733883094147
All Population,Prevalence,New York,Both,80+ years,HIV/AIDS,Percent,2004,0.0006487791679457,0.0009671893785207,0.0003972431243602
All Population,Prevalence,New York,Both,<5 years,Alcohol use disorders,Percent,2004,0.0007193172632748,0.0010954982291993,0.0003805501579184
All Population,Prevalence,New York,Both,5-9 years,Alcohol use disorders,Percent,2004,0.0005938449847063,0.0008937935219207,0.000359177314696
All Population,Prevalence,New York,Both,10-14 years,Alcohol use disorders,Percent,2004,0.0035811412899858,0.0051505695684639,0.0023240486210662
All Population,Prevalence,New York,Both,15-19 years,Alcohol use disorders,Percent,2004,0.0270648501381035,0.0364578795204768,0.0199478429756618
All Population,Prevalence,New York,Both,20-24 years,Alcohol use disorders,Percent,2004,0.0554127856775821,0.0756343133039023,0.0398579089358508
All Population,Prevalence,New York,Both,25-29 years,Alcohol use disorders,Percent,2004,0.0482004954423094,0.0638631706972857,0.0372502865933344
All Population,Prevalence,New York,Both,30-34 years,Alcohol use disorders,Percent,2004,0.0378669622779323,0.0503805748327766,0.0267355944423951
All Population,Prevalence,New York,Both,35-39 years,Alcohol use disorders,Percent,2004,0.0348097380259721,0.0448745476970518,0.0264034575435652
All Population,Prevalence,New York,Both,40-44 years,Alcohol use disorders,Percent,2004,0.0326129396886322,0.0432838496268604,0.0238477207123653
All Population,Prevalence,New York,Both,45-49 years,Alcohol use disorders,Percent,2004,0.0297358346913192,0.0369231290396929,0.0240093588570758
All Population,Prevalence,New York,Both,50-54 years,Alcohol use disorders,Percent,2004,0.0264112969724556,0.0343319733691094,0.0194025395812913
All Population,Prevalence,New York,Both,55-59 years,Alcohol use disorders,Percent,2004,0.022416750359968,0.0281796501474817,0.0178717534152024
All Population,Prevalence,New York,Both,60-64 years,Alcohol use disorders,Percent,2004,0.0182498881427703,0.0238586761311271,0.0132255893171997
All Population,Prevalence,New York,Both,65-69 years,Alcohol use disorders,Percent,2004,0.0147114748109467,0.0189649570085107,0.0110042536088631
All Population,Prevalence,New York,Both,70-74 years,Alcohol use disorders,Percent,2004,0.0117545082320362,0.0152980157478672,0.0085679914867674
All Population,Prevalence,New York,Both,75-79 years,Alcohol use disorders,Percent,2004,0.01046069592648,0.0134534221179834,0.0077766093435245
All Population,Prevalence,New York,Both,80+ years,Alcohol use disorders,Percent,2004,0.0116701475646673,0.0146052917925374,0.0089018639140053
All Population,Prevalence,New York,Both,<5 years,Drug use disorders,Percent,2004,0.0,0.0,0.0
All Population,Prevalence,New York,Both,5-9 years,Drug use disorders,Percent,2004,0.0,0.0,0.0
All Population,Prevalence,New York,Both,10-14 years,Drug use disorders,Percent,2004,0.0044322065484724,0.008360804980989,0.0016636277823174
All Population,Prevalence,New York,Both,15-19 years,Drug use disorders,Percent,2004,0.0527577757204888,0.082536412249624,0.0325861042055745
All Population,Prevalence,New York,Both,20-24 years,Drug use disorders,Percent,2004,0.0618660069066217,0.076316763125964,0.0506107140983399
All Population,Prevalence,New York,Both,25-29 years,Drug use disorders,Percent,2004,0.0533640891378654,0.0628633355543769,0.0452370883657495
All Population,Prevalence,New York,Both,30-34 years,Drug use disorders,Percent,2004,0.0438948171948027,0.0503113314007004,0.038021573031354
All Population,Prevalence,New York,Both,35-39 years,Drug use disorders,Percent,2004,0.0355709207755298,0.0420803010834484,0.0308028815984645
All Population,Prevalence,New York,Both,40-44 years,Drug use disorders,Percent,2004,0.0278579435302311,0.0325299114373521,0.0239693001319631
All Population,Prevalence,New York,Both,45-49 years,Drug use disorders,Percent,2004,0.0209633130538019,0.0250334205236272,0.0177907040524156
All Population,Prevalence,New York,Both,50-54 years,Drug use disorders,Percent,2004,0.0154056613269535,0.0179135173681201,0.012952817831779
All Population,Prevalence,New York,Both,55-59 years,Drug use disorders,Percent,2004,0.0105467797845346,0.0121300238018265,0.0090349663243238
All Population,Prevalence,New York,Both,60-64 years,Drug use disorders,Percent,2004,0.0068009647720865,0.0079538926944099,0.0057235183718063
All Population,Prevalence,New York,Both,65-69 years,Drug use disorders,Percent,2004,0.0047364498524605,0.0056046447847149,0.0039493479330206
All Population,Prevalence,New York,Both,70-74 years,Drug use disorders,Percent,2004,0.0035388852411356,0.0042559338958856,0.002991372726277
All Population,Prevalence,New York,Both,75-79 years,Drug use disorders,Percent,2004,0.0028472272411516,0.003444139199558,0.0023654383875024
All Population,Prevalence,New York,Both,80+ years,Drug use disorders,Percent,2004,0.0023591670281099,0.0028577666281951,0.0019762454862219
All Population,Prevalence,New York,Both,<5 years,Depressive disorders,Percent,2004,7.6051131369e-06,1.37551360011e-05,2.7316800526e-06
All Population,Prevalence,New York,Both,5-9 years,Depressive disorders,Percent,2004,0.0086668996536564,0.0122998492437931,0.0059447492266901
All Population,Prevalence,New York,Both,10-14 years,Depressive disorders,Percent,2004,0.0372001623311912,0.0475332663414771,0.0298234707994857
All Population,Prevalence,New York,Both,15-19 years,Depressive disorders,Percent,2004,0.0528518856111603,0.062999807008746,0.0438448364518655
All Population,Prevalence,New York,Both,20-24 years,Depressive disorders,Percent,2004,0.0507912202280797,0.0610093288652947,0.0416500496275125
All Population,Prevalence,New York,Both,25-29 years,Depressive disorders,Percent,2004,0.051395614500766,0.0603956132407773,0.0425004759978164
All Population,Prevalence,New York,Both,30-34 years,Depressive disorders,Percent,2004,0.0510824700328275,0.0603206655616177,0.0432504883735887
All Population,Prevalence,New York,Both,35-39 years,Depressive disorders,Percent,2004,0.0508685356976608,0.0593639594663689,0.0440279310543583
All Population,Prevalence,New York,Both,40-44 years,Depressive disorders,Percent,2004,0.0501882719016157,0.0591164699973251,0.0423284327794761
All Population,Prevalence,New York,Both,45-49 years,Depressive disorders,Percent,2004,0.0484962183726582,0.0579049724452538,0.0408863561864821
All Population,Prevalence,New York,Both,50-54 years,Depressive disorders,Percent,2004,0.045995432141629,0.0557719569088504,0.0392430210255724
All Population,Prevalence,New York,Both,55-59 years,Depressive disorders,Percent,2004,0.0423435296953991,0.0504767583929538,0.0357433292324834
All Population,Prevalence,New York,Both,60-64 years,Depressive disorders,Percent,2004,0.0393794073023363,0.0468041698039019,0.0321332779609064
All Population,Prevalence,New York,Both,65-69 years,Depressive disorders,Percent,2004,0.0375675248829822,0.0446728332673323,0.0314649520268418
All Population,Prevalence,New York,Both,70-74 years,Depressive disorders,Percent,2004,0.0358693670341553,0.0418342875678886,0.0293011013523727
All Population,Prevalence,New York,Both,75-79 years,Depressive disorders,Percent,2004,0.0355521012954681,0.0413629779054064,0.0290044881822465
All Population,Prevalence,New York,Both,80+ years,Depressive disorders,Percent,2004,0.0356490674771461,0.0421083771504382,0.0290970873761971
All Population,Prevalence,New York,Both,<5 years,Anxiety disorders,Percent,2004,0.0011222113613828,0.0025544530472179,0.0004945718503629
All Population,Prevalence,New York,Both,5-9 years,Anxiety disorders,Percent,2004,0.0167993892376697,0.0327312163651707,0.0079970653373773
All Population,Prevalence,New York,Both,10-14 years,Anxiety disorders,Percent,2004,0.0286088856324841,0.0375217316219998,0.0218056973224255
All Population,Prevalence,New York,Both,15-19 years,Anxiety disorders,Percent,2004,0.0706954362100524,0.0895229865430733,0.0587559322303064
All Population,Prevalence,New York,Both,20-24 years,Anxiety disorders,Percent,2004,0.0823543377097462,0.0949456809451906,0.0696130025533459
All Population,Prevalence,New York,Both,25-29 years,Anxiety disorders,Percent,2004,0.0899218665425595,0.1023680793147646,0.0793417944518138
All Population,Prevalence,New York,Both,30-34 years,Anxiety disorders,Percent,2004,0.0968869176126905,0.1128070145037762,0.0835406785166777
All Population,Prevalence,New York,Both,35-39 years,Anxiety disorders,Percent,2004,0.0981990309603568,0.1104759488915913,0.0876222919193238
All Population,Prevalence,New York,Both,40-44 years,Anxiety disorders,Percent,2004,0.0971140629881049,0.1085467801654252,0.0870100827904321
All Population,Prevalence,New York,Both,45-49 years,Anxiety disorders,Percent,2004,0.0974785140622723,0.1091320495672929,0.085829330950292
All Population,Prevalence,New York,Both,50-54 years,Anxiety disorders,Percent,2004,0.0972309334034612,0.114922185811399,0.085465861237952
All Population,Prevalence,New York,Both,55-59 years,Anxiety disorders,Percent,2004,0.0883012327615579,0.1019502363400309,0.0791797659109803
All Population,Prevalence,New York,Both,60-64 years,Anxiety disorders,Percent,2004,0.0742059220841453,0.0846039012571897,0.0650004054121175
All Population,Prevalence,New York,Both,65-69 years,Anxiety disorders,Percent,2004,0.0638380946823452,0.0731268255759519,0.0558383841146987
All Population,Prevalence,New York,Both,70-74 years,Anxiety disorders,Percent,2004,0.0570807051245595,0.0683763829518292,0.0461165289447399
All Population,Prevalence,New York,Both,75-79 years,Anxiety disorders,Percent,2004,0.0529262211375852,0.0626934590320277,0.0440854981032325
All Population,Prevalence,New York,Both,80+ years,Anxiety disorders,Percent,2004,0.0496891091647254,0.0604322177132612,0.0413596894086157
All Population,Prevalence,New York,Both,<5 years,Diabetes mellitus type 1,Percent,2004,0.0004672202746632,0.000609796624043,0.0003165873669457
All Population,Prevalence,New York,Both,5-9 years,Diabetes mellitus type 1,Percent,2004,0.0023157328254728,0.00297936343328,0.0017235172276476
All Population,Prevalence,New York,Both,10-14 years,Diabetes mellitus type 1,Percent,2004,0.0035464482004286,0.0045467603371729,0.0027361046193172
All Population,Prevalence,New York,Both,15-19 years,Diabetes mellitus type 1,Percent,2004,0.0034900842679454,0.0043363249686569,0.0027319395212428
All Population,Prevalence,New York,Both,20-24 years,Diabetes mellitus type 1,Percent,2004,0.0036267932865474,0.0048214206010261,0.0029210386724661
All Population,Prevalence,New York,Both,25-29 years,Diabetes mellitus type 1,Percent,2004,0.0039721883416082,0.0049842468013378,0.0031978271755194
All Population,Prevalence,New York,Both,30-34 years,Diabetes mellitus type 1,Percent,2004,0.0044005583285539,0.0054348198677428,0.0036466716268515
All Population,Prevalence,New York,Both,35-39 years,Diabetes mellitus type 1,Percent,2004,0.0047285672044757,0.0061138195495745,0.003797370481222
All Population,Prevalence,New York,Both,40-44 years,Diabetes mellitus type 1,Percent,2004,0.0049407082108341,0.0063829972201139,0.0039831604006982
All Population,Prevalence,New York,Both,45-49 years,Diabetes mellitus type 1,Percent,2004,0.0049996023920458,0.0061081138306664,0.0039767340731209
All Population,Prevalence,New York,Both,50-54 years,Diabetes mellitus type 1,Percent,2004,0.0049005599583694,0.0059103264697955,0.0039697829314121
All Population,Prevalence,New York,Both,55-59 years,Diabetes mellitus type 1,Percent,2004,0.0046723779272679,0.0058886481831326,0.0037699955634569
All Population,Prevalence,New York,Both,60-64 years,Diabetes mellitus type 1,Percent,2004,0.0043550229947078,0.0055855881593302,0.0033705198736322
All Population,Prevalence,New York,Both,65-69 years,Diabetes mellitus type 1,Percent,2004,0.0039518166815581,0.0050578140706172,0.0029258794044392
All Population,Prevalence,New York,Both,70-74 years,Diabetes mellitus type 1,Percent,2004,0.0034851407116785,0.0044783052426855,0.0025372459564205
All Population,Prevalence,New York,Both,75-79 years,Diabetes mellitus type 1,Percent,2004,0.0029969026589088,0.004087179026234,0.0021363136908404
All Population,Prevalence,New York,Both,80+ years,Diabetes mellitus type 1,Percent,2004,0.0022721217615268,0.0031471465309331,0.0015149007649588
All Population,Prevalence,New York,Both,<5 years,Diabetes mellitus type 2,Percent,2004,0.0,0.0,0.0
All Population,Prevalence,New York,Both,5-9 years,Diabetes mellitus type 2,Percent,2004,0.0,0.0,0.0
All Population,Prevalence,New York,Both,10-14 years,Diabetes mellitus type 2,Percent,2004,0.0,0.0,0.0
All Population,Prevalence,New York,Both,15-19 years,Diabetes mellitus type 2,Percent,2004,0.0044157342327454,0.0059863447168655,0.0028810789066958
All Population,Prevalence,New York,Both,20-24 years,Diabetes mellitus type 2,Percent,2004,0.0069236317642481,0.0086374747607334,0.0052916138829024
All Population,Prevalence,New York,Both,25-29 years,Diabetes mellitus type 2,Percent,2004,0.010386727097151,0.0124557484657593,0.0084390665415365
All Population,Prevalence,New York,Both,30-34 years,Diabetes mellitus type 2,Percent,2004,0.0181739604266227,0.021259575681419,0.0151770852838074
All Population,Prevalence,New York,Both,35-39 years,Diabetes mellitus type 2,Percent,2004,0.0322607520343211,0.0366636928307119,0.0282505164811877
All Population,Prevalence,New York,Both,40-44 years,Diabetes mellitus type 2,Percent,2004,0.0533954434993233,0.0611278522101727,0.0466769726709129
All Population,Prevalence,New York,Both,45-49 years,Diabetes mellitus type 2,Percent,2004,0.084253370786257,0.093067771371971,0.0761431541984096
All Population,Prevalence,New York,Both,50-54 years,Diabetes mellitus type 2,Percent,2004,0.1236892901125759,0.1373026166864662,0.1077828602213391
All Population,Prevalence,New York,Both,55-59 years,Diabetes mellitus type 2,Percent,2004,0.1680213114520995,0.1855433782730907,0.1517326221019936
All Population,Prevalence,New York,Both,60-64 years,Diabetes mellitus type 2,Percent,2004,0.2123067641367537,0.2330801151465985,0.1964618725695585
All Population,Prevalence,New York,Both,65-69 years,Diabetes mellitus type 2,Percent,2004,0.243354143063243,0.2644724509396936,0.2252355970728059
All Population,Prevalence,New York,Both,70-74 years,Diabetes mellitus type 2,Percent,2004,0.2598514480545403,0.279723353613462,0.2401129656804337
All Population,Prevalence,New York,Both,75-79 years,Diabetes mellitus type 2,Percent,2004,0.2631611784544937,0.2838448755451923,0.2424492335331796
All Population,Prevalence,New York,Both,80+ years,Diabetes mellitus type 2,Percent,2004,0.2448278039561452,0.2662324519675635,0.2241504560458994
All Population,Prevalence,New York,Both,<5 years,Chronic kidney disease,Percent,2003,0.0004594809312048,0.0005800052974156,0.0003718670190867
All Population,Prevalence,New York,Both,5-9 years,Chronic kidney disease,Percent,2003,0.0025099071899215,0.003480770775094,0.0017936848608204
All Population,Prevalence,New York,Both,10-14 years,Chronic kidney disease,Percent,2003,0.0127647061353049,0.0162796896736644,0.009845893968165
All Population,Prevalence,New York,Both,15-19 years,Chronic kidney disease,Percent,2003,0.03149078156952,0.0405876150188984,0.0239201679972735
All Population,Prevalence,New York,Both,20-24 years,Chronic kidney disease,Percent,2003,0.0449629341640997,0.0565083987538283,0.0354145073053577
All Population,Prevalence,New York,Both,25-29 years,Chronic kidney disease,Percent,2003,0.0492487232169385,0.0640254502156563,0.0380473895162974
All Population,Prevalence,New York,Both,30-34 years,Chronic kidney disease,Percent,2003,0.056480309399376,0.0723946407589118,0.0434335824520576
All Population,Prevalence,New York,Both,35-39 years,Chronic kidney disease,Percent,2003,0.0642635751612042,0.0796938236559663,0.0499593994785971
All Population,Prevalence,New York,Both,40-44 years,Chronic kidney disease,Percent,2003,0.0678743713523841,0.0856219757626215,0.0541211936149487
All Population,Prevalence,New York,Both,45-49 years,Chronic kidney disease,Percent,2003,0.0758593435834641,0.0930976394330873,0.0603877844331859
All Population,Prevalence,New York,Both,50-54 years,Chronic kidney disease,Percent,2003,0.0941528740758148,0.1135700635588405,0.076306937672115
All Population,Prevalence,New York,Both,55-59 years,Chronic kidney disease,Percent,2003,0.1188513303896121,0.1415239796114274,0.0974543861343217
All Population,Prevalence,New York,Both,60-64 years,Chronic kidney disease,Percent,2003,0.1575734701697964,0.1880377549048401,0.1306665021461088
All Population,Prevalence,New York,Both,65-69 years,Chronic kidney disease,Percent,2003,0.2295554850640698,0.2711219491113698,0.1927503955402935
All Population,Prevalence,New York,Both,70-74 years,Chronic kidney disease,Percent,2003,0.3211641419031037,0.3647396066975045,0.2776241846002478
All Population,Prevalence,New York,Both,75-79 years,Chronic kidney disease,Percent,2003,0.4232713716979203,0.4762787597388252,0.3769391691459756
All Population,Prevalence,New York,Both,80+ years,Chronic kidney disease,Percent,2003,0.5865360033146397,0.6364592459815015,0.545428782268405
All Population,Prevalence,New York,Both,<5 years,HIV/AIDS,Percent,2005,0.00021841368628,0.0003220925590914,0.0001378719357646
All Population,Prevalence,New York,Both,5-9 years,HIV/AIDS,Percent,2005,0.0001738388798127,0.0002526195171431,0.0001134450102968
All Population,Prevalence,New York,Both,10-14 years,HIV/AIDS,Percent,2005,0.000171398687743,0.0002473410387691,0.0001172118316634
All Population,Prevalence,New York,Both,15-19 years,HIV/AIDS,Percent,2005,0.0004780934941362,0.0007329164328124,0.0002964928946686
All Population,Prevalence,New York,Both,20-24 years,HIV/AIDS,Percent,2005,0.0015134230503663,0.0024939497547809,0.0007891461286709
All Population,Prevalence,New York,Both,25-29 years,HIV/AIDS,Percent,2005,0.0035026307506464,0.0056729310770665,0.0018880853314702
All Population,Prevalence,New York,Both,30-34 years,HIV/AIDS,Percent,2005,0.0071746263413184,0.0106962571107716,0.0044270208169943
All Population,Prevalence,New York,Both,35-39 years,HIV/AIDS,Percent,2005,0.0129561709182994,0.0179278416715731,0.008571218703982
All Population,Prevalence,New York,Both,40-44 years,HIV/AIDS,Percent,2005,0.0194745472980604,0.0271231623471208,0.0128840283915298
All Population,Prevalence,New York,Both,45-49 years,HIV/AIDS,Percent,2005,0.0222428962298084,0.0320057709319218,0.0144496145238761
All Population,Prevalence,New York,Both,50-54 years,HIV/AIDS,Percent,2005,0.0201331078864729,0.0303440509786592,0.0126780947098216
All Population,Prevalence,New York,Both,55-59 years,HIV/AIDS,Percent,2005,0.0135009657046098,0.0209917436388443,0.0080717102626927
All Population,Prevalence,New York,Both,60-64 years,HIV/AIDS,Percent,2005,0.0080700856209759,0.0124643769329305,0.0050013185229429
All Population,Prevalence,New York,Both,65-69 years,HIV/AIDS,Percent,2005,0.0049704295908259,0.0074256843945006,0.0031647067642028
All Population,Prevalence,New York,Both,70-74 years,HIV/AIDS,Percent,2005,0.0032131700260305,0.0050179847531228,0.001986106006112
All Population,Prevalence,New York,Both,75-79 years,HIV/AIDS,Percent,2005,0.0020178435568515,0.0031543515111103,0.0011975474790446
All Population,Prevalence,New York,Both,80+ years,HIV/AIDS,Percent,2005,0.0007424156469696,0.0011408456043521,0.0004418616173278
All Population,Prevalence,New York,Both,<5 years,Alcohol use disorders,Percent,2005,0.0007229465881181,0.0011010031778517,0.0003811954324496
All Population,Prevalence,New York,Both,5-9 years,Alcohol use disorders,Percent,2005,0.0005952435233928,0.0008963422199782,0.000354510672453
All Population,Prevalence,New York,Both,10-14 years,Alcohol use disorders,Percent,2005,0.0035375190614279,0.0051413092920387,0.0022822898993886
All Population,Prevalence,New York,Both,15-19 years,Alcohol use disorders,Percent,2005,0.0270878030406286,0.0364410389459119,0.0199187617009187
All Population,Prevalence,New York,Both,20-24 years,Alcohol use disorders,Percent,2005,0.0557204736307432,0.0751672526149278,0.0393734706037421
All Population,Prevalence,New York,Both,25-29 years,Alcohol use disorders,Percent,2005,0.048579257161297,0.0641722300236472,0.0369847222504068
All Population,Prevalence,New York,Both,30-34 years,Alcohol use disorders,Percent,2005,0.0381941146697306,0.0509024303462399,0.0267986655196829
All Population,Prevalence,New York,Both,35-39 years,Alcohol use disorders,Percent,2005,0.034917103736146,0.0447292901757194,0.0261555633988153
All Population,Prevalence,New York,Both,40-44 years,Alcohol use disorders,Percent,2005,0.0325401564263995,0.0428768902263439,0.0237448356276088
All Population,Prevalence,New York,Both,45-49 years,Alcohol use disorders,Percent,2005,0.0297903637390094,0.0371395999665035,0.0238790560698947
All Population,Prevalence,New York,Both,50-54 years,Alcohol use disorders,Percent,2005,0.026602078560069,0.035257603169323,0.0194099804017826
All Population,Prevalence,New York,Both,55-59 years,Alcohol use disorders,Percent,2005,0.0224360968031761,0.0284277764673169,0.0178256988297571
All Population,Prevalence,New York,Both,60-64 years,Alcohol use disorders,Percent,2005,0.0181518481514791,0.0237435321093078,0.0130009438082705
All Population,Prevalence,New York,Both,65-69 years,Alcohol use disorders,Percent,2005,0.0146018969347401,0.0189640219863369,0.0107870927169652
All Population,Prevalence,New York,Both,70-74 years,Alcohol use disorders,Percent,2005,0.0116772210789266,0.015239646155368,0.0084734806831397
All Population,Prevalence,New York,Both,75-79 years,Alcohol use disorders,Percent,2005,0.0104045532259856,0.0135536857620959,0.0076972198560161
All Population,Prevalence,New York,Both,80+ years,Alcohol use disorders,Percent,2005,0.0116706804366442,0.0147351938404414,0.0088273192913201
All Population,Prevalence,New York,Both,<5 years,Drug use disorders,Percent,2005,0.0,0.0,0.0
All Population,Prevalence,New York,Both,5-9 years,Drug use disorders,Percent,2005,0.0,0.0,0.0
All Population,Prevalence,New York,Both,10-14 years,Drug use disorders,Percent,2005,0.0044199504680289,0.0081681416680478,0.0016654723971352
All Population,Prevalence,New York,Both,15-19 years,Drug use disorders,Percent,2005,0.052780097920411,0.0812897855594401,0.0324806909637148
All Population,Prevalence,New York,Both,20-24 years,Drug use disorders,Percent,2005,0.0624097282342158,0.0768499810456737,0.0511321803120916
All Population,Prevalence,New York,Both,25-29 years,Drug use disorders,Percent,2005,0.0542182159399067,0.0635558027086064,0.0458824792641084
All Population,Prevalence,New York,Both,30-34 years,Drug use disorders,Percent,2005,0.0446929748441414,0.0510310924832435,0.038715569115606
All Population,Prevalence,New York,Both,35-39 years,Drug use disorders,Percent,2005,0.0362817194886505,0.0428557199016012,0.0313845791703923
All Population,Prevalence,New York,Both,40-44 years,Drug use disorders,Percent,2005,0.0283818686975126,0.033188332352256,0.0244593801300792
All Population,Prevalence,New York,Both,45-49 years,Drug use disorders,Percent,2005,0.021322830592293,0.0254001858998735,0.0182569222716509
All Population,Prevalence,New York,Both,50-54 years,Drug use disorders,Percent,2005,0.0156560532722861,0.0181573270083613,0.0132219921750697
All Population,Prevalence,New York,Both,55-59 years,Drug use disorders,Percent,2005,0.0107197990508304,0.0123166447981383,0.009120785549971
All Population,Prevalence,New York,Both,60-64 years,Drug use disorders,Percent,2005,0.0069077625700122,0.0080883601405109,0.0057967646453259
All Population,Prevalence,New York,Both,65-69 years,Drug use disorders,Percent,2005,0.0047986195700122,0.005692812582405,0.0040209368774603
All Population,Prevalence,New York,Both,70-74 years,Drug use disorders,Percent,2005,0.0035742487238237,0.0042835005635695,0.0030040859119955
All Population,Prevalence,New York,Both,75-79 years,Drug use disorders,Percent,2005,0.0028636026978716,0.0034480137411174,0.0023704495895175
All Population,Prevalence,New York,Both,80+ years,Drug use disorders,Percent,2005,0.0023695434350277,0.0028817335791579,0.0019706076475828
All Population,Prevalence,New York,Both,<5 years,Depressive disorders,Percent,2005,7.6097561535e-06,1.38423195358e-05,2.7100939242e-06
All Population,Prevalence,New York,Both,5-9 years,Depressive disorders,Percent,2005,0.008675197153208,0.0124363511275591,0.0057781271138278
All Population,Prevalence,New York,Both,10-14 years,Depressive disorders,Percent,2005,0.0370452916809761,0.0474815304203521,0.0294942607911094
All Population,Prevalence,New York,Both,15-19 years,Depressive disorders,Percent,2005,0.0527545649103261,0.0626701708127059,0.0439197995240151
All Population,Prevalence,New York,Both,20-24 years,Depressive disorders,Percent,2005,0.050639766486981,0.0605464434953408,0.0416283577765947
All Population,Prevalence,New York,Both,25-29 years,Depressive disorders,Percent,2005,0.0513421143139717,0.0604748892342735,0.0424682622645445
All Population,Prevalence,New York,Both,30-34 years,Depressive disorders,Percent,2005,0.051050016698187,0.0606664173005346,0.0435311425025347
All Population,Prevalence,New York,Both,35-39 years,Depressive disorders,Percent,2005,0.0508834050903544,0.0589410486823005,0.0438007895436152
All Population,Prevalence,New York,Both,40-44 years,Depressive disorders,Percent,2005,0.0501822354236138,0.0594821416175613,0.0417792516614229
All Population,Prevalence,New York,Both,45-49 years,Depressive disorders,Percent,2005,0.048392835104068,0.0577661789503442,0.0407531275386501
All Population,Prevalence,New York,Both,50-54 years,Depressive disorders,Percent,2005,0.0458499821013911,0.0552045395607525,0.0385460497804931
All Population,Prevalence,New York,Both,55-59 years,Depressive disorders,Percent,2005,0.0421272324716974,0.0503224428439269,0.0351632151801639
All Population,Prevalence,New York,Both,60-64 years,Depressive disorders,Percent,2005,0.0391526474095258,0.0471044616616896,0.0317903891519005
All Population,Prevalence,New York,Both,65-69 years,Depressive disorders,Percent,2005,0.0373866379771919,0.0449847168088657,0.0312745400260708
All Population,Prevalence,New York,Both,70-74 years,Depressive disorders,Percent,2005,0.0356756078106294,0.0423256856814525,0.029264306367468
All Population,Prevalence,New York,Both,75-79 years,Depressive disorders,Percent,2005,0.0354455925485323,0.0417060081916016,0.0284942071735791
All Population,Prevalence,New York,Both,80+ years,Depressive disorders,Percent,2005,0.03554822352766,0.0420669628363136,0.0293160457488896
All Population,Prevalence,New York,Both,<5 years,Anxiety disorders,Percent,2005,0.0011596100468783,0.0026849378817742,0.0004444966781137
All Population,Prevalence,New York,Both,5-9 years,Anxiety disorders,Percent,2005,0.0173277316387344,0.0340439096892801,0.0081334189218005
All Population,Prevalence,New York,Both,10-14 years,Anxiety disorders,Percent,2005,0.0283570568861688,0.0373397445456897,0.0209074912859615
All Population,Prevalence,New York,Both,15-19 years,Anxiety disorders,Percent,2005,0.0686802971538118,0.0852032856625132,0.0567777024223183
All Population,Prevalence,New York,Both,20-24 years,Anxiety disorders,Percent,2005,0.0809291778973802,0.0925627551771694,0.0681691154700717
All Population,Prevalence,New York,Both,25-29 years,Anxiety disorders,Percent,2005,0.0873003511918064,0.1009583599551501,0.0766059705307292
All Population,Prevalence,New York,Both,30-34 years,Anxiety disorders,Percent,2005,0.0935676927656508,0.1093789326366992,0.0806170513514269
All Population,Prevalence,New York,Both,35-39 years,Anxiety disorders,Percent,2005,0.0953741380813872,0.108367545409195,0.084135741700698
All Population,Prevalence,New York,Both,40-44 years,Anxiety disorders,Percent,2005,0.0945301479353971,0.1054389046756505,0.0846381261270871
All Population,Prevalence,New York,Both,45-49 years,Anxiety disorders,Percent,2005,0.0949839289894011,0.1058302168022672,0.0843115572482315
All Population,Prevalence,New York,Both,50-54 years,Anxiety disorders,Percent,2005,0.0950160493294911,0.1120765083048206,0.0838391007446341
All Population,Prevalence,New York,Both,55-59 years,Anxiety disorders,Percent,2005,0.0874712299601968,0.1020679369759519,0.0787255441272536
All Population,Prevalence,New York,Both,60-64 years,Anxiety disorders,Percent,2005,0.074254821478957,0.0858199156025212,0.0656151464648086
All Population,Prevalence,New York,Both,65-69 years,Anxiety disorders,Percent,2005,0.0637203924877188,0.0742473282744623,0.0556738105195434
All Population,Prevalence,New York,Both,70-74 years,Anxiety disorders,Percent,2005,0.0568508391892598,0.0673672562989801,0.0459848606865705
All Population,Prevalence,New York,Both,75-79 years,Anxiety disorders,Percent,2005,0.0526181159895432,0.0626009292413522,0.0439251160078777
All Population,Prevalence,New York,Both,80+ years,Anxiety disorders,Percent,2005,0.0494135612404814,0.0584837166531815,0.0409661390959163
All Population,Prevalence,New York,Both,<5 years,Diabetes mellitus type 1,Percent,2005,0.0004832832699577,0.0006609166272809,0.0003258135617505
All Population,Prevalence,New York,Both,5-9 years,Diabetes mellitus type 1,Percent,2005,0.0024273199999067,0.0030917263575223,0.0017903589393287
All Population,Prevalence,New York,Both,10-14 years,Diabetes mellitus type 1,Percent,2005,0.0037384991980577,0.004855129994373,0.0028039166185013
All Population,Prevalence,New York,Both,15-19 years,Diabetes mellitus type 1,Percent,2005,0.0036162174140192,0.0045116578217098,0.002783815794102
All Population,Prevalence,New York,Both,20-24 years,Diabetes mellitus type 1,Percent,2005,0.0036874090195664,0.0048613163317779,0.0029041034825455
All Population,Prevalence,New York,Both,25-29 years,Diabetes mellitus type 1,Percent,2005,0.0039822376449555,0.0050206534070767,0.0032128961290572
All Population,Prevalence,New York,Both,30-34 years,Diabetes mellitus type 1,Percent,2005,0.0044037063691717,0.0054614055081142,0.0036381033929095
All Population,Prevalence,New York,Both,35-39 years,Diabetes mellitus type 1,Percent,2005,0.0047324503103763,0.0061222914012994,0.0037757756494582
All Population,Prevalence,New York,Both,40-44 years,Diabetes mellitus type 1,Percent,2005,0.0049481115341645,0.0064290987015792,0.0039918432524823
All Population,Prevalence,New York,Both,45-49 years,Diabetes mellitus type 1,Percent,2005,0.0050121289485139,0.0061832257980725,0.0039654008199823
All Population,Prevalence,New York,Both,50-54 years,Diabetes mellitus type 1,Percent,2005,0.0049186669514726,0.0058564204970025,0.0039781777837899
All Population,Prevalence,New York,Both,55-59 years,Diabetes mellitus type 1,Percent,2005,0.004690597612998,0.0058817995161127,0.0038100365651946
All Population,Prevalence,New York,Both,60-64 years,Diabetes mellitus type 1,Percent,2005,0.0043736467449158,0.0055987853115584,0.0033709173881012
All Population,Prevalence,New York,Both,65-69 years,Diabetes mellitus type 1,Percent,2005,0.0039731377521497,0.0051068715788564,0.0029424910314277
All Population,Prevalence,New York,Both,70-74 years,Diabetes mellitus type 1,Percent,2005,0.0035088498477973,0.0044542588296742,0.0025722273262307
All Population,Prevalence,New York,Both,75-79 years,Diabetes mellitus type 1,Percent,2005,0.0030161913879313,0.0040853052889747,0.0021342040851419
All Population,Prevalence,New York,Both,80+ years,Diabetes mellitus type 1,Percent,2005,0.0022775930178574,0.0032087760773454,0.0015115417826894
All Population,Prevalence,New York,Both,<5 years,Diabetes mellitus type 2,Percent,2005,0.0,0.0,0.0
All Population,Prevalence,New York,Both,5-9 years,Diabetes mellitus type 2,Percent,2005,0.0,0.0,0.0
All Population,Prevalence,New York,Both,10-14 years,Diabetes mellitus type 2,Percent,2005,0.0,0.0,0.0
All Population,Prevalence,New York,Both,15-19 years,Diabetes mellitus type 2,Percent,2005,0.0044532984970146,0.0060125576433958,0.0029100288376479
All Population,Prevalence,New York,Both,20-24 years,Diabetes mellitus type 2,Percent,2005,0.0069873528092197,0.0086668679059555,0.0052865260604027
All Population,Prevalence,New York,Both,25-29 years,Diabetes mellitus type 2,Percent,2005,0.0104434200670478,0.0125022046270724,0.0085649799187049
All Population,Prevalence,New York,Both,30-34 years,Diabetes mellitus type 2,Percent,2005,0.018411646355446,0.0213877894572901,0.0155943832154386
All Population,Prevalence,New York,Both,35-39 years,Diabetes mellitus type 2,Percent,2005,0.0329834433318432,0.0373487590089901,0.0289914207974665
All Population,Prevalence,New York,Both,40-44 years,Diabetes mellitus type 2,Percent,2005,0.0549165546886058,0.0624319294846868,0.0479548737179299
All Population,Prevalence,New York,Both,45-49 years,Diabetes mellitus type 2,Percent,2005,0.0867717203734069,0.095736549095735,0.0784322665961506
All Population,Prevalence,New York,Both,50-54 years,Diabetes mellitus type 2,Percent,2005,0.1273344179498911,0.1423885453571299,0.1112729037066951
All Population,Prevalence,New York,Both,55-59 years,Diabetes mellitus type 2,Percent,2005,0.1727154833920006,0.190795890130491,0.1565055552065175
All Population,Prevalence,New York,Both,60-64 years,Diabetes mellitus type 2,Percent,2005,0.2177636724841129,0.2377960474850654,0.2003766651660367
All Population,Prevalence,New York,Both,65-69 years,Diabetes mellitus type 2,Percent,2005,0.249812718973953,0.2723321524018821,0.2295898969235714
All Population,Prevalence,New York,Both,70-74 years,Diabetes mellitus type 2,Percent,2005,0.2675774762047296,0.2873497948430241,0.2468273832755788
All Population,Prevalence,New York,Both,75-79 years,Diabetes mellitus type 2,Percent,2005,0.2715014508098507,0.2936395221629854,0.2497031493844508
All Population,Prevalence,New York,Both,80+ years,Diabetes mellitus type 2,Percent,2005,0.2526561376251752,0.2754836872794607,0.2318688643870178
All Population,Prevalence,New York,Both,<5 years,Chronic kidney disease,Percent,2004,0.0004581707197769,0.0005823806559957,0.0003702358167902
All Population,Prevalence,New York,Both,5-9 years,Chronic kidney disease,Percent,2004,0.0025052094099522,0.0034810686712124,0.0017882281761864
All Population,Prevalence,New York,Both,10-14 years,Chronic kidney disease,Percent,2004,0.0127478380664629,0.0162886824579906,0.0097707452807018
All Population,Prevalence,New York,Both,15-19 years,Chronic kidney disease,Percent,2004,0.0316367216919584,0.0410597331495284,0.0241186330442175
All Population,Prevalence,New York,Both,20-24 years,Chronic kidney disease,Percent,2004,0.0452755115327989,0.0569810809062452,0.0353038400554536
All Population,Prevalence,New York,Both,25-29 years,Chronic kidney disease,Percent,2004,0.0494582646418504,0.065311567045941,0.0379099732538294
All Population,Prevalence,New York,Both,30-34 years,Chronic kidney disease,Percent,2004,0.0566693480493221,0.072689532559549,0.0434443598406122
All Population,Prevalence,New York,Both,35-39 years,Chronic kidney disease,Percent,2004,0.0644785532106996,0.0801143195807539,0.0500727398069709
All Population,Prevalence,New York,Both,40-44 years,Chronic kidney disease,Percent,2004,0.0678819805770083,0.0856560590984165,0.0542130038817591
All Population,Prevalence,New York,Both,45-49 years,Chronic kidney disease,Percent,2004,0.0758078698906441,0.0933814577831029,0.0601002945007634
All Population,Prevalence,New York,Both,50-54 years,Chronic kidney disease,Percent,2004,0.0942416667895331,0.1144904644990905,0.0762319972867407
All Population,Prevalence,New York,Both,55-59 years,Chronic kidney disease,Percent,2004,0.1183456767677419,0.1407798419708688,0.0970701509322668
All Population,Prevalence,New York,Both,60-64 years,Chronic kidney disease,Percent,2004,0.155984617450998,0.1861804282364288,0.1291478859708582
All Population,Prevalence,New York,Both,65-69 years,Chronic kidney disease,Percent,2004,0.2271980487674801,0.2700770438839419,0.1903555941318758
All Population,Prevalence,New York,Both,70-74 years,Chronic kidney disease,Percent,2004,0.3176345206728107,0.3598513654119701,0.2745063690576421
All Population,Prevalence,New York,Both,75-79 years,Chronic kidney disease,Percent,2004,0.4184194054079375,0.4709047701194696,0.3703135415936823
All Population,Prevalence,New York,Both,80+ years,Chronic kidney disease,Percent,2004,0.5808414233113638,0.6314851763931049,0.5393600580617515
All Population,Prevalence,New York,Both,<5 years,HIV/AIDS,Percent,2006,0.000205981712883,0.00030272835418,0.0001293591682217
All Population,Prevalence,New York,Both,5-9 years,HIV/AIDS,Percent,2006,0.0001703861634801,0.0002499323568239,0.0001086408282934
All Population,Prevalence,New York,Both,10-14 years,HIV/AIDS,Percent,2006,0.0001571957944146,0.0002232235186142,0.0001088465933792
All Population,Prevalence,New York,Both,15-19 years,HIV/AIDS,Percent,2006,0.0005084714126478,0.0007820497048311,0.000307119244178
All Population,Prevalence,New York,Both,20-24 years,HIV/AIDS,Percent,2006,0.0015280690150638,0.0025066993040983,0.0007923401919959
All Population,Prevalence,New York,Both,25-29 years,HIV/AIDS,Percent,2006,0.0033549434816719,0.0054630961129405,0.0018210691014836
All Population,Prevalence,New York,Both,30-34 years,HIV/AIDS,Percent,2006,0.0065329125156575,0.0097321727144854,0.003983348854824
All Population,Prevalence,New York,Both,35-39 years,HIV/AIDS,Percent,2006,0.0119550051808689,0.0166277634037478,0.0078336559149057
All Population,Prevalence,New York,Both,40-44 years,HIV/AIDS,Percent,2006,0.0185085237545304,0.0263075554592646,0.0120197111990694
All Population,Prevalence,New York,Both,45-49 years,HIV/AIDS,Percent,2006,0.0219288735879279,0.0319154729008936,0.013882874925604
All Population,Prevalence,New York,Both,50-54 years,HIV/AIDS,Percent,2006,0.0210212298560144,0.0318643609770617,0.0129990326610202
All Population,Prevalence,New York,Both,55-59 years,HIV/AIDS,Percent,2006,0.014817833980873,0.0232540157013033,0.0088393651529053
All Population,Prevalence,New York,Both,60-64 years,HIV/AIDS,Percent,2006,0.0090123409532325,0.0141242062223893,0.0055005958150474
All Population,Prevalence,New York,Both,65-69 years,HIV/AIDS,Percent,2006,0.0054447739519084,0.0079864624954224,0.0034299070074602
All Population,Prevalence,New York,Both,70-74 years,HIV/AIDS,Percent,2006,0.0035197993918691,0.0054472074699923,0.0021327451952037
All Population,Prevalence,New York,Both,75-79 years,HIV/AIDS,Percent,2006,0.002238105800179,0.0035241020941067,0.0013038262070292
All Population,Prevalence,New York,Both,80+ years,HIV/AIDS,Percent,2006,0.000845910196624,0.0013123467062212,0.0004927884507244
All Population,Prevalence,New York,Both,<5 years,Alcohol use disorders,Percent,2006,0.0007219654329875,0.0010845573937029,0.000384800317629
All Population,Prevalence,New York,Both,5-9 years,Alcohol use disorders,Percent,2006,0.0005927676157027,0.0008885551568229,0.0003470444459269
All Population,Prevalence,New York,Both,10-14 years,Alcohol use disorders,Percent,2006,0.0034485140655211,0.005042388559659,0.0022478213505056
All Population,Prevalence,New York,Both,15-19 years,Alcohol use disorders,Percent,2006,0.0268565073059448,0.0358300708118112,0.0195694664518707
All Population,Prevalence,New York,Both,20-24 years,Alcohol use disorders,Percent,2006,0.0556401826993165,0.0750793949715745,0.039844621854749
All Population,Prevalence,New York,Both,25-29 years,Alcohol use disorders,Percent,2006,0.0488338089776165,0.0645718756645905,0.0374107346151208
All Population,Prevalence,New York,Both,30-34 years,Alcohol use disorders,Percent,2006,0.0385713088227862,0.051026247341267,0.0271203582080764
All Population,Prevalence,New York,Both,35-39 years,Alcohol use disorders,Percent,2006,0.0350447524498577,0.0446841384161033,0.0264398082030451
All Population,Prevalence,New York,Both,40-44 years,Alcohol use disorders,Percent,2006,0.0324394970903127,0.0424741421073467,0.023491136641376
All Population,Prevalence,New York,Both,45-49 years,Alcohol use disorders,Percent,2006,0.0298444653831533,0.03719211823939,0.023911643744038
All Population,Prevalence,New York,Both,50-54 years,Alcohol use disorders,Percent,2006,0.0268266034246999,0.0358082409086331,0.0197892933491359
All Population,Prevalence,New York,Both,55-59 years,Alcohol use disorders,Percent,2006,0.02261397566434,0.0284120369337993,0.0182000196921787
All Population,Prevalence,New York,Both,60-64 years,Alcohol use disorders,Percent,2006,0.0183134869168242,0.0238733057570473,0.0132131027945734
All Population,Prevalence,New York,Both,65-69 years,Alcohol use disorders,Percent,2006,0.0147329522586084,0.0190583228441204,0.0109518033319643
All Population,Prevalence,New York,Both,70-74 years,Alcohol use disorders,Percent,2006,0.0117631624564583,0.0152118190023272,0.0086519435620987
All Population,Prevalence,New York,Both,75-79 years,Alcohol use disorders,Percent,2006,0.0104622655366496,0.0135743348924092,0.0077463105846201
All Population,Prevalence,New York,Both,80+ years,Alcohol use disorders,Percent,2006,0.0117036213976971,0.0148571590055537,0.0088883214734064
All Population,Prevalence,New York,Both,<5 years,Drug use disorders,Percent,2006,0.0,0.0,0.0
All Population,Prevalence,New York,Both,5-9 years,Drug use disorders,Percent,2006,0.0,0.0,0.0
All Population,Prevalence,New York,Both,10-14 years,Drug use disorders,Percent,2006,0.0045038388722152,0.0084479177241679,0.0017044139903349
All Population,Prevalence,New York,Both,15-19 years,Drug use disorders,Percent,2006,0.0535639106473227,0.0827073114034083,0.0328364312165051
All Population,Prevalence,New York,Both,20-24 years,Drug use disorders,Percent,2006,0.0633738444322091,0.078150672021179,0.0518194523448588
All Population,Prevalence,New York,Both,25-29 years,Drug use disorders,Percent,2006,0.0551881201935566,0.0646406800595749,0.0469206605609864
All Population,Prevalence,New York,Both,30-34 years,Drug use disorders,Percent,2006,0.0454636131700589,0.0518700699745392,0.0396361941537246
All Population,Prevalence,New York,Both,35-39 years,Drug use disorders,Percent,2006,0.0369496475713687,0.043503276485844,0.032000163242424
All Population,Prevalence,New York,Both,40-44 years,Drug use disorders,Percent,2006,0.0289383946370119,0.0336195794291436,0.024973752851122
All Population,Prevalence,New York,Both,45-49 years,Drug use disorders,Percent,2006,0.0217998190584195,0.0257774290733289,0.0187157081676727
All Population,Prevalence,New York,Both,50-54 years,Drug use disorders,Percent,2006,0.0160675313174736,0.0186164633613471,0.0136600015905834
All Population,Prevalence,New York,Both,55-59 years,Drug use disorders,Percent,2006,0.0110319242687364,0.0126491225510567,0.0094658008792448
All Population,Prevalence,New York,Both,60-64 years,Drug use disorders,Percent,2006,0.0070944538548276,0.0082784145930695,0.0059827248621806
All Population,Prevalence,New York,Both,65-69 years,Drug use disorders,Percent,2006,0.0048994971847367,0.005794659414301,0.004116568506751
All Population,Prevalence,New York,Both,70-74 years,Drug use disorders,Percent,2006,0.0036200800253597,0.0043470258291961,0.0030511915134935
All Population,Prevalence,New York,Both,75-79 years,Drug use disorders,Percent,2006,0.0028777611061365,0.0034468662973766,0.0024287650275476
All Population,Prevalence,New York,Both,80+ years,Drug use disorders,Percent,2006,0.002376033470753,0.0028807765863823,0.0019850086053107
All Population,Prevalence,New York,Both,<5 years,Depressive disorders,Percent,2006,7.5446278118e-06,1.37416892762e-05,2.6766643724e-06
All Population,Prevalence,New York,Both,5-9 years,Depressive disorders,Percent,2006,0.0086801302075079,0.012041329168198,0.0059952231093603
All Population,Prevalence,New York,Both,10-14 years,Depressive disorders,Percent,2006,0.0374052337714938,0.0476974726283997,0.0297721261590194
All Population,Prevalence,New York,Both,15-19 years,Depressive disorders,Percent,2006,0.0535255189865808,0.0640607045646867,0.0441614528580919
All Population,Prevalence,New York,Both,20-24 years,Depressive disorders,Percent,2006,0.0513553947379146,0.0615875034947019,0.0425225898083413
All Population,Prevalence,New York,Both,25-29 years,Depressive disorders,Percent,2006,0.0521298508361189,0.0615176893295305,0.0429594457682819
All Population,Prevalence,New York,Both,30-34 years,Depressive disorders,Percent,2006,0.0518111918357794,0.0616001453888804,0.0439890664739059
All Population,Prevalence,New York,Both,35-39 years,Depressive disorders,Percent,2006,0.0516667262495898,0.0597705606422279,0.0449798208865057
All Population,Prevalence,New York,Both,40-44 years,Depressive disorders,Percent,2006,0.050901031077125,0.0604556661877008,0.0431447217317977
All Population,Prevalence,New York,Both,45-49 years,Depressive disorders,Percent,2006,0.0490032203266684,0.0588212982889268,0.0412834690320903
All Population,Prevalence,New York,Both,50-54 years,Depressive disorders,Percent,2006,0.0464367096052328,0.0558398326349069,0.0385764719970111
All Population,Prevalence,New York,Both,55-59 years,Depressive disorders,Percent,2006,0.0426313751694144,0.0502906159233289,0.0356762059907083
All Population,Prevalence,New York,Both,60-64 years,Depressive disorders,Percent,2006,0.0396506580679705,0.0470867335000527,0.0326234311043422
All Population,Prevalence,New York,Both,65-69 years,Depressive disorders,Percent,2006,0.0378994072875128,0.0452661330615146,0.0317429447802114
All Population,Prevalence,New York,Both,70-74 years,Depressive disorders,Percent,2006,0.0361499333475834,0.0431923178180579,0.0298301151891507
All Population,Prevalence,New York,Both,75-79 years,Depressive disorders,Percent,2006,0.0358955816082157,0.0421890954039949,0.0292697502482098
All Population,Prevalence,New York,Both,80+ years,Depressive disorders,Percent,2006,0.0360474291410953,0.0429006506620865,0.0298200778347748
All Population,Prevalence,New York,Both,<5 years,Anxiety disorders,Percent,2006,0.0011965703504161,0.0028030732556553,0.0004639407167449
All Population,Prevalence,New York,Both,5-9 years,Anxiety disorders,Percent,2006,0.0178415068805799,0.0359423898535486,0.0081997260629772
All Population,Prevalence,New York,Both,10-14 years,Anxiety disorders,Percent,2006,0.0281015674862799,0.0379337654155137,0.0205780274323384
All Population,Prevalence,New York,Both,15-19 years,Anxiety disorders,Percent,2006,0.0666877978114281,0.0846167051908668,0.053944676342558
All Population,Prevalence,New York,Both,20-24 years,Anxiety disorders,Percent,2006,0.0794862638493097,0.0908441430890289,0.0674570470931748
All Population,Prevalence,New York,Both,25-29 years,Anxiety disorders,Percent,2006,0.0846655616200652,0.0992459458964346,0.0730491219448463
All Population,Prevalence,New York,Both,30-34 years,Anxiety disorders,Percent,2006,0.0902335792299288,0.1044585005580659,0.0778018673203993
All Population,Prevalence,New York,Both,35-39 years,Anxiety disorders,Percent,2006,0.0925797621343243,0.1054645429047027,0.0809216370207474
All Population,Prevalence,New York,Both,40-44 years,Anxiety disorders,Percent,2006,0.0919678089505871,0.1027089322169867,0.0823178412239374
All Population,Prevalence,New York,Both,45-49 years,Anxiety disorders,Percent,2006,0.0925157193831526,0.1037723337104875,0.0820384355924376
All Population,Prevalence,New York,Both,50-54 years,Anxiety disorders,Percent,2006,0.0928488718499962,0.110340096166127,0.0820685470357559
All Population,Prevalence,New York,Both,55-59 years,Anxiety disorders,Percent,2006,0.0866458902300538,0.1014254956708322,0.0767003472028894
All Population,Prevalence,New York,Both,60-64 years,Anxiety disorders,Percent,2006,0.074314168184854,0.0873792346597811,0.066029651256906
All Population,Prevalence,New York,Both,65-69 years,Anxiety disorders,Percent,2006,0.0635780133235948,0.07497305513251,0.0550093138145066
All Population,Prevalence,New York,Both,70-74 years,Anxiety disorders,Percent,2006,0.0566827044260721,0.0675720525233527,0.0455093684832461
All Population,Prevalence,New York,Both,75-79 years,Anxiety disorders,Percent,2006,0.0523281179332295,0.0627176433375383,0.0442112456106246
All Population,Prevalence,New York,Both,80+ years,Anxiety disorders,Percent,2006,0.0491804261430187,0.0580700718409234,0.0404790294302701
All Population,Prevalence,New York,Both,<5 years,Diabetes mellitus type 1,Percent,2006,0.0005033109821008,0.0006706498329146,0.0003837989175887
All Population,Prevalence,New York,Both,5-9 years,Diabetes mellitus type 1,Percent,2006,0.0025342012967309,0.0030994788496352,0.0020238351290285
All Population,Prevalence,New York,Both,10-14 years,Diabetes mellitus type 1,Percent,2006,0.003961473979166,0.0048807034587293,0.003155518720927
All Population,Prevalence,New York,Both,15-19 years,Diabetes mellitus type 1,Percent,2006,0.003756926321879,0.0046094058793945,0.0029202005228527
All Population,Prevalence,New York,Both,20-24 years,Diabetes mellitus type 1,Percent,2006,0.0037593635074874,0.0047911576055241,0.0029967072417259
All Population,Prevalence,New York,Both,25-29 years,Diabetes mellitus type 1,Percent,2006,0.0040042034373146,0.004971746215402,0.0032265537267127
All Population,Prevalence,New York,Both,30-34 years,Diabetes mellitus type 1,Percent,2006,0.0044063019852686,0.005457583609152,0.0036427382775047
All Population,Prevalence,New York,Both,35-39 years,Diabetes mellitus type 1,Percent,2006,0.0047361554049216,0.0060577009344027,0.0038331265515537
All Population,Prevalence,New York,Both,40-44 years,Diabetes mellitus type 1,Percent,2006,0.0049543585356117,0.0063867722484257,0.003989614623052
All Population,Prevalence,New York,Both,45-49 years,Diabetes mellitus type 1,Percent,2006,0.0050220420105122,0.0062108527477845,0.004005896829185
All Population,Prevalence,New York,Both,50-54 years,Diabetes mellitus type 1,Percent,2006,0.0049352547375175,0.0058173947842953,0.0039838808342869
All Population,Prevalence,New York,Both,55-59 years,Diabetes mellitus type 1,Percent,2006,0.0047087788936868,0.0058280569630821,0.0038683133036743
All Population,Prevalence,New York,Both,60-64 years,Diabetes mellitus type 1,Percent,2006,0.0043903101407366,0.0055707608929895,0.0034142810145691
All Population,Prevalence,New York,Both,65-69 years,Diabetes mellitus type 1,Percent,2006,0.0039938556960903,0.0051188253542482,0.0029817922549624
All Population,Prevalence,New York,Both,70-74 years,Diabetes mellitus type 1,Percent,2006,0.0035313423803697,0.0044811490637516,0.0026094374148424
All Population,Prevalence,New York,Both,75-79 years,Diabetes mellitus type 1,Percent,2006,0.0030366548244722,0.0040480041387679,0.0021632203632815
All Population,Prevalence,New York,Both,80+ years,Diabetes mellitus type 1,Percent,2006,0.0022867629668963,0.0032545994330189,0.0015362892987549
All Population,Prevalence,New York,Both,<5 years,Diabetes mellitus type 2,Percent,2006,0.0,0.0,0.0
All Population,Prevalence,New York,Both,5-9 years,Diabetes mellitus type 2,Percent,2006,0.0,0.0,0.0
All Population,Prevalence,New York,Both,10-14 years,Diabetes mellitus type 2,Percent,2006,0.0,0.0,0.0
All Population,Prevalence,New York,Both,15-19 years,Diabetes mellitus type 2,Percent,2006,0.0044817650738337,0.0059985420674023,0.0030950048317368
All Population,Prevalence,New York,Both,20-24 years,Diabetes mellitus type 2,Percent,2006,0.0070869566714562,0.0087502519002181,0.0055109927849886
All Population,Prevalence,New York,Both,25-29 years,Diabetes mellitus type 2,Percent,2006,0.0105510987657982,0.012536842510828,0.0087674470857954
All Population,Prevalence,New York,Both,30-34 years,Diabetes mellitus type 2,Percent,2006,0.0186598801720472,0.0214718011608395,0.0158321323451553
All Population,Prevalence,New York,Both,35-39 years,Diabetes mellitus type 2,Percent,2006,0.0335966911948803,0.0379841494168185,0.0298737146777255
All Population,Prevalence,New York,Both,40-44 years,Diabetes mellitus type 2,Percent,2006,0.0561819165631508,0.0634461401398203,0.0496944200048368
All Population,Prevalence,New York,Both,45-49 years,Diabetes mellitus type 2,Percent,2006,0.0889305329155114,0.0975300722777952,0.0812963398725054
All Population,Prevalence,New York,Both,50-54 years,Diabetes mellitus type 2,Percent,2006,0.1304794532909848,0.143429730408562,0.1154428343243667
All Population,Prevalence,New York,Both,55-59 years,Diabetes mellitus type 2,Percent,2006,0.1764757662515992,0.1948485677956865,0.1604198573515482
All Population,Prevalence,New York,Both,60-64 years,Diabetes mellitus type 2,Percent,2006,0.2216793607835989,0.2411034579009077,0.2049953397425833
All Population,Prevalence,New York,Both,65-69 years,Diabetes mellitus type 2,Percent,2006,0.254277690536663,0.2757475399447306,0.2356479097805886
All Population,Prevalence,New York,Both,70-74 years,Diabetes mellitus type 2,Percent,2006,0.2729280157652463,0.2932403425456734,0.2529603511243234
All Population,Prevalence,New York,Both,75-79 years,Diabetes mellitus type 2,Percent,2006,0.2773895181647139,0.2984075922293688,0.2568351260107865
All Population,Prevalence,New York,Both,80+ years,Diabetes mellitus type 2,Percent,2006,0.2582722418273626,0.2804172230959769,0.2375171105186224
All Population,Prevalence,New York,Both,<5 years,Chronic kidney disease,Percent,2005,0.0004574078069186,0.0005833944851994,0.0003690958919463
All Population,Prevalence,New York,Both,5-9 years,Chronic kidney disease,Percent,2005,0.0024989428510517,0.0034750496636292,0.001782777161541
All Population,Prevalence,New York,Both,10-14 years,Chronic kidney disease,Percent,2005,0.0127295338762349,0.0163626713126157,0.0097184917890816
All Population,Prevalence,New York,Both,15-19 years,Chronic kidney disease,Percent,2005,0.0317249712553706,0.0414709437291003,0.0239549050584212
All Population,Prevalence,New York,Both,20-24 years,Chronic kidney disease,Percent,2005,0.0454370690177558,0.0572340441360229,0.0356569027545397
All Population,Prevalence,New York,Both,25-29 years,Chronic kidney disease,Percent,2005,0.0495786417149789,0.0661974382895297,0.0376999810708708
All Population,Prevalence,New York,Both,30-34 years,Chronic kidney disease,Percent,2005,0.0567632785961846,0.0730218803904224,0.0435182638689506
All Population,Prevalence,New York,Both,35-39 years,Chronic kidney disease,Percent,2005,0.0645553392966777,0.0804683718881456,0.0499336350774486
All Population,Prevalence,New York,Both,40-44 years,Chronic kidney disease,Percent,2005,0.0678864449786943,0.0858938533542598,0.0540936196444337
All Population,Prevalence,New York,Both,45-49 years,Chronic kidney disease,Percent,2005,0.0757530151268495,0.0935624629893312,0.0599373256637837
All Population,Prevalence,New York,Both,50-54 years,Chronic kidney disease,Percent,2005,0.0941971802412301,0.1152376336773656,0.0759953893162051
All Population,Prevalence,New York,Both,55-59 years,Chronic kidney disease,Percent,2005,0.1179689551684011,0.1404719313561792,0.0968320525239408
All Population,Prevalence,New York,Both,60-64 years,Chronic kidney disease,Percent,2005,0.1550707668075149,0.1852320607884897,0.1280383323102714
All Population,Prevalence,New York,Both,65-69 years,Chronic kidney disease,Percent,2005,0.2259302558089896,0.2695210863292832,0.189024993621792
All Population,Prevalence,New York,Both,70-74 years,Chronic kidney disease,Percent,2005,0.3159555146806825,0.3590117296771055,0.2728015787575614
All Population,Prevalence,New York,Both,75-79 years,Chronic kidney disease,Percent,2005,0.4160167821340875,0.4698141277611583,0.3649094164779073
All Population,Prevalence,New York,Both,80+ years,Chronic kidney disease,Percent,2005,0.5796002602073644,0.6306558626417864,0.5351802025177153
All Population,Prevalence,New York,Both,<5 years,Chronic kidney disease,Percent,2006,0.0004564647410845,0.0005826657428745,0.0003692008690691
All Population,Prevalence,New York,Both,5-9 years,Chronic kidney disease,Percent,2006,0.0024900030408286,0.0034525954955866,0.0017843686944138
All Population,Prevalence,New York,Both,10-14 years,Chronic kidney disease,Percent,2006,0.0127036094911422,0.0162744009550282,0.0097393453119918
All Population,Prevalence,New York,Both,15-19 years,Chronic kidney disease,Percent,2006,0.0317591824079079,0.0413260975429304,0.0239424016214984
All Population,Prevalence,New York,Both,20-24 years,Chronic kidney disease,Percent,2006,0.0454672186139073,0.0573965493353871,0.0358364765257655
All Population,Prevalence,New York,Both,25-29 years,Chronic kidney disease,Percent,2006,0.0496197313131308,0.0654683255895586,0.0379736399390632
All Population,Prevalence,New York,Both,30-34 years,Chronic kidney disease,Percent,2006,0.0567903167483203,0.0725422211871018,0.0435301874377327
All Population,Prevalence,New York,Both,35-39 years,Chronic kidney disease,Percent,2006,0.0645490797624231,0.0804857051310409,0.0497041876346124
All Population,Prevalence,New York,Both,40-44 years,Chronic kidney disease,Percent,2006,0.0679188198679588,0.0854632842685283,0.0540037247942821
All Population,Prevalence,New York,Both,45-49 years,Chronic kidney disease,Percent,2006,0.0757184169063961,0.0927976947221023,0.0600140675666434
All Population,Prevalence,New York,Both,50-54 years,Chronic kidney disease,Percent,2006,0.0940311510199376,0.1146654267252058,0.0760514767085384
All Population,Prevalence,New York,Both,55-59 years,Chronic kidney disease,Percent,2006,0.1176595771426309,0.1405460731491077,0.0967497843538512
All Population,Prevalence,New York,Both,60-64 years,Chronic kidney disease,Percent,2006,0.1547066844143851,0.1846605565821721,0.1280585931637294
All Population,Prevalence,New York,Both,65-69 years,Chronic kidney disease,Percent,2006,0.2256708076734619,0.2679510657061688,0.1882752833778374
All Population,Prevalence,New York,Both,70-74 years,Chronic kidney disease,Percent,2006,0.316060842164424,0.3578923124240278,0.2732423277611295
All Population,Prevalence,New York,Both,75-79 years,Chronic kidney disease,Percent,2006,0.4162466914126226,0.4682715906473957,0.3654807246715202
All Population,Prevalence,New York,Both,80+ years,Chronic kidney disease,Percent,2006,0.5809403621186788,0.6329126608519913,0.5376654487232359
All Population,Prevalence,New York,Both,<5 years,HIV/AIDS,Percent,2007,0.0001827804891113,0.0002714846990399,0.0001143456218344
All Population,Prevalence,New York,Both,5-9 years,HIV/AIDS,Percent,2007,0.0001626654469326,0.0002432485144543,0.0001010873535261
All Population,Prevalence,New York,Both,10-14 years,HIV/AIDS,Percent,2007,0.0001447715966624,0.0001998428077208,9.96212524116e-05
All Population,Prevalence,New York,Both,15-19 years,HIV/AIDS,Percent,2007,0.0005406273601866,0.0008369245329538,0.0003236194074854
All Population,Prevalence,New York,Both,20-24 years,HIV/AIDS,Percent,2007,0.0015631173870157,0.0025685282323275,0.0008133394742966
All Population,Prevalence,New York,Both,25-29 years,HIV/AIDS,Percent,2007,0.0032570321508631,0.0052757755059444,0.001745860814369
All Population,Prevalence,New York,Both,30-34 years,HIV/AIDS,Percent,2007,0.0060973126599208,0.009245313341708,0.0036800631166219
All Population,Prevalence,New York,Both,35-39 years,HIV/AIDS,Percent,2007,0.0111310239732371,0.016010296085355,0.0070376670745315
All Population,Prevalence,New York,Both,40-44 years,HIV/AIDS,Percent,2007,0.0174489121637118,0.0252876403245841,0.0111351428462578
All Population,Prevalence,New York,Both,45-49 years,HIV/AIDS,Percent,2007,0.0215008048286128,0.0317454643263068,0.0133370071999044
All Population,Prevalence,New York,Both,50-54 years,HIV/AIDS,Percent,2007,0.0215974416932249,0.0326561822011344,0.0133511565791865
All Population,Prevalence,New York,Both,55-59 years,HIV/AIDS,Percent,2007,0.0161547276149634,0.0257125839118611,0.0095939476389021
All Population,Prevalence,New York,Both,60-64 years,HIV/AIDS,Percent,2007,0.0100722489980486,0.0163552499275544,0.0061063357934132
All Population,Prevalence,New York,Both,65-69 years,HIV/AIDS,Percent,2007,0.0059830546634052,0.0088367325017993,0.0037309897189567
All Population,Prevalence,New York,Both,70-74 years,HIV/AIDS,Percent,2007,0.003845641083988,0.0059483643694838,0.0023554557178554
All Population,Prevalence,New York,Both,75-79 years,HIV/AIDS,Percent,2007,0.0024719006875622,0.0039191424427103,0.0014326154109212
All Population,Prevalence,New York,Both,80+ years,HIV/AIDS,Percent,2007,0.0009591128764748,0.0015048720400407,0.0005507579310472
All Population,Prevalence,New York,Both,<5 years,Alcohol use disorders,Percent,2007,0.0007184118455049,0.0011024960458473,0.0003758755771246
All Population,Prevalence,New York,Both,5-9 years,Alcohol use disorders,Percent,2007,0.0005878302464313,0.0008760027509255,0.0003398831610335
All Population,Prevalence,New York,Both,10-14 years,Alcohol use disorders,Percent,2007,0.0033029135279867,0.0048355274778681,0.002141497468037
All Population,Prevalence,New York,Both,15-19 years,Alcohol use disorders,Percent,2007,0.0262894054180594,0.0348462437385542,0.0189906267223249
All Population,Prevalence,New York,Both,20-24 years,Alcohol use disorders,Percent,2007,0.0553412942237923,0.0747328059609781,0.0401810886209895
All Population,Prevalence,New York,Both,25-29 years,Alcohol use disorders,Percent,2007,0.049145868196891,0.0645729230554959,0.0376133194806774
All Population,Prevalence,New York,Both,30-34 years,Alcohol use disorders,Percent,2007,0.0390716838978474,0.051995772645254,0.0278271165577314
All Population,Prevalence,New York,Both,35-39 years,Alcohol use disorders,Percent,2007,0.0352263555679547,0.0447939490080772,0.0265446668744114
All Population,Prevalence,New York,Both,40-44 years,Alcohol use disorders,Percent,2007,0.0323183778789511,0.0420335158828523,0.0234206808847029
All Population,Prevalence,New York,Both,45-49 years,Alcohol use disorders,Percent,2007,0.0299219272241327,0.0373011543500133,0.0239686940536398
All Population,Prevalence,New York,Both,50-54 years,Alcohol use disorders,Percent,2007,0.0271138365322108,0.0364550329673764,0.0201734566637057
All Population,Prevalence,New York,Both,55-59 years,Alcohol use disorders,Percent,2007,0.0229969042406734,0.0288291310225022,0.018367287478295
All Population,Prevalence,New York,Both,60-64 years,Alcohol use disorders,Percent,2007,0.0187376536626506,0.0244665411329744,0.0136359207934384
All Population,Prevalence,New York,Both,65-69 years,Alcohol use disorders,Percent,2007,0.0150535771218733,0.0197343779113407,0.011285995570423
All Population,Prevalence,New York,Both,70-74 years,Alcohol use disorders,Percent,2007,0.0119789678411734,0.0156435714040871,0.0088174492194072
All Population,Prevalence,New York,Both,75-79 years,Alcohol use disorders,Percent,2007,0.010585894565084,0.0137051831576711,0.0078572281025426
All Population,Prevalence,New York,Both,80+ years,Alcohol use disorders,Percent,2007,0.0118012576370134,0.0150145741204688,0.0089996775253291
All Population,Prevalence,New York,Both,<5 years,Drug use disorders,Percent,2007,0.0,0.0,0.0
All Population,Prevalence,New York,Both,5-9 years,Drug use disorders,Percent,2007,0.0,0.0,0.0
All Population,Prevalence,New York,Both,10-14 years,Drug use disorders,Percent,2007,0.0047040020698988,0.0088690172786698,0.0018223152633928
All Population,Prevalence,New York,Both,15-19 years,Drug use disorders,Percent,2007,0.055353334434573,0.0860956494361566,0.0338029315582416
All Population,Prevalence,New York,Both,20-24 years,Drug use disorders,Percent,2007,0.0649187531996729,0.0798127224002985,0.0527679511325217
All Population,Prevalence,New York,Both,25-29 years,Drug use disorders,Percent,2007,0.0563637224607898,0.066134503552665,0.0480868443701741
All Population,Prevalence,New York,Both,30-34 years,Drug use disorders,Percent,2007,0.0462672424475561,0.0527209999773902,0.0404426699106156
All Population,Prevalence,New York,Both,35-39 years,Drug use disorders,Percent,2007,0.0376564078135818,0.044205715183457,0.0326385181972272
All Population,Prevalence,New York,Both,40-44 years,Drug use disorders,Percent,2007,0.0295756209084157,0.0341448177551152,0.0255299173145441
All Population,Prevalence,New York,Both,45-49 years,Drug use disorders,Percent,2007,0.0224277586788601,0.0263230961804124,0.019256012979097
All Population,Prevalence,New York,Both,50-54 years,Drug use disorders,Percent,2007,0.0166730255869913,0.0191877498196649,0.0141988338389829
All Population,Prevalence,New York,Both,55-59 years,Drug use disorders,Percent,2007,0.0115094659250351,0.0131465585112493,0.0098953729132014
All Population,Prevalence,New York,Both,60-64 years,Drug use disorders,Percent,2007,0.0073809115956999,0.0085786089562454,0.0062371224187215
All Population,Prevalence,New York,Both,65-69 years,Drug use disorders,Percent,2007,0.0050390569157237,0.005925959176214,0.0042410345082311
All Population,Prevalence,New York,Both,70-74 years,Drug use disorders,Percent,2007,0.0036774956534625,0.0043883172348586,0.0031101016862856
All Population,Prevalence,New York,Both,75-79 years,Drug use disorders,Percent,2007,0.0028931488069315,0.0034173890890564,0.0024511822274212
All Population,Prevalence,New York,Both,80+ years,Drug use disorders,Percent,2007,0.0023819207554722,0.0028920850019436,0.0019980021020391
All Population,Prevalence,New York,Both,<5 years,Depressive disorders,Percent,2007,7.3788631131e-06,1.35931785053e-05,2.7079486215e-06
All Population,Prevalence,New York,Both,5-9 years,Depressive disorders,Percent,2007,0.0086791481283516,0.0118500779597453,0.0058849882053074
All Population,Prevalence,New York,Both,10-14 years,Depressive disorders,Percent,2007,0.037545528445269,0.0470836836541694,0.0295212354728013
All Population,Prevalence,New York,Both,15-19 years,Depressive disorders,Percent,2007,0.0539877929731233,0.0648248717744757,0.0444116822032773
All Population,Prevalence,New York,Both,20-24 years,Depressive disorders,Percent,2007,0.0518867969426666,0.0613230211114621,0.0424077894244545
All Population,Prevalence,New York,Both,25-29 years,Depressive disorders,Percent,2007,0.0528119276672933,0.0627840596217064,0.0437101602536916
All Population,Prevalence,New York,Both,30-34 years,Depressive disorders,Percent,2007,0.0524910487568038,0.0614985193270133,0.0447157587683029
All Population,Prevalence,New York,Both,35-39 years,Depressive disorders,Percent,2007,0.0523469670147417,0.0602549422493049,0.0459390430545405
All Population,Prevalence,New York,Both,40-44 years,Depressive disorders,Percent,2007,0.051505847295116,0.0609718382349816,0.0440656436046981
All Population,Prevalence,New York,Both,45-49 years,Depressive disorders,Percent,2007,0.049476974145634,0.0589175953399603,0.0418563453292953
All Population,Prevalence,New York,Both,50-54 years,Depressive disorders,Percent,2007,0.0469244290728197,0.0566454362006699,0.0391750681384125
All Population,Prevalence,New York,Both,55-59 years,Depressive disorders,Percent,2007,0.0430588447590887,0.0504895413568307,0.0359775332182239
All Population,Prevalence,New York,Both,60-64 years,Depressive disorders,Percent,2007,0.0400689466089807,0.0471930532293729,0.0331528755038555
All Population,Prevalence,New York,Both,65-69 years,Depressive disorders,Percent,2007,0.0383903395056151,0.0459183599168675,0.032173708781874
All Population,Prevalence,New York,Both,70-74 years,Depressive disorders,Percent,2007,0.0366101700548641,0.043639929607991,0.0302509720608959
All Population,Prevalence,New York,Both,75-79 years,Depressive disorders,Percent,2007,0.0363747885893161,0.0430327133921605,0.0300234896240155
All Population,Prevalence,New York,Both,80+ years,Depressive disorders,Percent,2007,0.036563107926199,0.0439097356801426,0.0300476509024093
All Population,Prevalence,New York,Both,<5 years,Anxiety disorders,Percent,2007,0.0012248340251326,0.0029211819822205,0.000463876177218
All Population,Prevalence,New York,Both,5-9 years,Anxiety disorders,Percent,2007,0.0183141182611062,0.036868118882656,0.0082823899109684
All Population,Prevalence,New York,Both,10-14 years,Anxiety disorders,Percent,2007,0.0278105244069509,0.0383640870964974,0.019626442054063
All Population,Prevalence,New York,Both,15-19 years,Anxiety disorders,Percent,2007,0.0646396596273647,0.0827944813346976,0.0510122150428902
All Population,Prevalence,New York,Both,20-24 years,Anxiety disorders,Percent,2007,0.0780254733557052,0.089482746609389,0.065498857557001
All Population,Prevalence,New York,Both,25-29 years,Anxiety disorders,Percent,2007,0.0819958543640704,0.0979758978783607,0.0694957974655863
All Population,Prevalence,New York,Both,30-34 years,Anxiety disorders,Percent,2007,0.0868988512343551,0.1013296977231999,0.0748165409769392
All Population,Prevalence,New York,Both,35-39 years,Anxiety disorders,Percent,2007,0.089776374840366,0.1024019491112042,0.0777680101710292
All Population,Prevalence,New York,Both,40-44 years,Anxiety disorders,Percent,2007,0.0894161119784622,0.1004588325640225,0.0799809763546162
All Population,Prevalence,New York,Both,45-49 years,Anxiety disorders,Percent,2007,0.0899984091238411,0.1020794064587416,0.0798478565515101
All Population,Prevalence,New York,Both,50-54 years,Anxiety disorders,Percent,2007,0.0906997822570509,0.1083199514850857,0.0800713311832856
All Population,Prevalence,New York,Both,55-59 years,Anxiety disorders,Percent,2007,0.085820353507024,0.101141853395317,0.0747062128436306
All Population,Prevalence,New York,Both,60-64 years,Anxiety disorders,Percent,2007,0.0742857120001019,0.0864793535942122,0.0656418755332493
All Population,Prevalence,New York,Both,65-69 years,Anxiety disorders,Percent,2007,0.0634334673071862,0.0770027249677678,0.0545877300379187
All Population,Prevalence,New York,Both,70-74 years,Anxiety disorders,Percent,2007,0.0564965395327839,0.0683097730744298,0.0450440369116389
All Population,Prevalence,New York,Both,75-79 years,Anxiety disorders,Percent,2007,0.0520688022945567,0.063253910978024,0.0435270013571337
All Population,Prevalence,New York,Both,80+ years,Anxiety disorders,Percent,2007,0.0489069064313003,0.0582460267408905,0.0400661062915556
All Population,Prevalence,New York,Both,<5 years,Diabetes mellitus type 1,Percent,2007,0.0005267378825751,0.0006798954258594,0.0004164136573567
All Population,Prevalence,New York,Both,5-9 years,Diabetes mellitus type 1,Percent,2007,0.0026429362507517,0.0031544461016693,0.0022083594297271
All Population,Prevalence,New York,Both,10-14 years,Diabetes mellitus type 1,Percent,2007,0.0042241505591847,0.0049728436904198,0.0035588086763624
All Population,Prevalence,New York,Both,15-19 years,Diabetes mellitus type 1,Percent,2007,0.0039209781867744,0.0047497847560665,0.0030563196361691
All Population,Prevalence,New York,Both,20-24 years,Diabetes mellitus type 1,Percent,2007,0.0038533172659102,0.004910734235761,0.0030962846661785
All Population,Prevalence,New York,Both,25-29 years,Diabetes mellitus type 1,Percent,2007,0.0040430982353056,0.0050020551561475,0.0032532883917516
All Population,Prevalence,New York,Both,30-34 years,Diabetes mellitus type 1,Percent,2007,0.0044095925922869,0.0054562940760693,0.003634106144263
All Population,Prevalence,New York,Both,35-39 years,Diabetes mellitus type 1,Percent,2007,0.0047415008034872,0.0060093228405954,0.0038899144112464
All Population,Prevalence,New York,Both,40-44 years,Diabetes mellitus type 1,Percent,2007,0.004960441696107,0.0063485229799755,0.0039900848180905
All Population,Prevalence,New York,Both,45-49 years,Diabetes mellitus type 1,Percent,2007,0.005032461962278,0.0062460522834567,0.0040398360514792
All Population,Prevalence,New York,Both,50-54 years,Diabetes mellitus type 1,Percent,2007,0.004951972312227,0.0058154799838013,0.0039794922255488
All Population,Prevalence,New York,Both,55-59 years,Diabetes mellitus type 1,Percent,2007,0.0047270893264916,0.0057738602039439,0.0039064528154479
All Population,Prevalence,New York,Both,60-64 years,Diabetes mellitus type 1,Percent,2007,0.0044086674607766,0.0055427928117608,0.0034615229768832
All Population,Prevalence,New York,Both,65-69 years,Diabetes mellitus type 1,Percent,2007,0.0040141085399769,0.0051358390422278,0.0030160652857034
All Population,Prevalence,New York,Both,70-74 years,Diabetes mellitus type 1,Percent,2007,0.0035559224097266,0.0045501143451289,0.002631955479147
All Population,Prevalence,New York,Both,75-79 years,Diabetes mellitus type 1,Percent,2007,0.0030579324549392,0.0040453539988627,0.0021878705868974
All Population,Prevalence,New York,Both,80+ years,Diabetes mellitus type 1,Percent,2007,0.0022955892992096,0.0032974528102147,0.0015595615375472
All Population,Prevalence,New York,Both,<5 years,Diabetes mellitus type 2,Percent,2007,0.0,0.0,0.0
All Population,Prevalence,New York,Both,5-9 years,Diabetes mellitus type 2,Percent,2007,0.0,0.0,0.0
All Population,Prevalence,New York,Both,10-14 years,Diabetes mellitus type 2,Percent,2007,0.0,0.0,0.0
All Population,Prevalence,New York,Both,15-19 years,Diabetes mellitus type 2,Percent,2007,0.0045159744136971,0.0059767672574315,0.0031782617696581
All Population,Prevalence,New York,Both,20-24 years,Diabetes mellitus type 2,Percent,2007,0.0072409013037944,0.0088830108281553,0.0056416082801881
All Population,Prevalence,New York,Both,25-29 years,Diabetes mellitus type 2,Percent,2007,0.0107339279220589,0.0127137904187595,0.008957698450366
All Population,Prevalence,New York,Both,30-34 years,Diabetes mellitus type 2,Percent,2007,0.0189206929198233,0.0215879870017497,0.0160626632464182
All Population,Prevalence,New York,Both,35-39 years,Diabetes mellitus type 2,Percent,2007,0.034148076117878,0.0386605261409989,0.0304733128648292
All Population,Prevalence,New York,Both,40-44 years,Diabetes mellitus type 2,Percent,2007,0.0573215387390391,0.0644180618291939,0.0511865959262417
All Population,Prevalence,New York,Both,45-49 years,Diabetes mellitus type 2,Percent,2007,0.0910351828299046,0.0994364924703933,0.0834887417258927
All Population,Prevalence,New York,Both,50-54 years,Diabetes mellitus type 2,Percent,2007,0.1336542877644894,0.1472230455167705,0.1191884361338948
All Population,Prevalence,New York,Both,55-59 years,Diabetes mellitus type 2,Percent,2007,0.1800275189198756,0.1974255927352671,0.1645705637370094
All Population,Prevalence,New York,Both,60-64 years,Diabetes mellitus type 2,Percent,2007,0.2251206385117764,0.2439934780020648,0.2081607955203638
All Population,Prevalence,New York,Both,65-69 years,Diabetes mellitus type 2,Percent,2007,0.2580134299678213,0.2776982605635486,0.2405108054748032
All Population,Prevalence,New York,Both,70-74 years,Diabetes mellitus type 2,Percent,2007,0.2774564350541511,0.2983020909688287,0.257721861620185
All Population,Prevalence,New York,Both,75-79 years,Diabetes mellitus type 2,Percent,2007,0.2823387945704726,0.3027489029983364,0.2625484778381634
All Population,Prevalence,New York,Both,80+ years,Diabetes mellitus type 2,Percent,2007,0.2629239392967208,0.283849737795231,0.2418210013472883
All Population,Prevalence,New York,Both,<5 years,Chronic kidney disease,Percent,2007,0.0004549720797711,0.0005817207758796,0.0003676777241369
All Population,Prevalence,New York,Both,5-9 years,Chronic kidney disease,Percent,2007,0.0024788193069197,0.003423384812951,0.0017692492936175
All Population,Prevalence,New York,Both,10-14 years,Chronic kidney disease,Percent,2007,0.0126727969824338,0.016184812098007,0.0097468303034817
All Population,Prevalence,New York,Both,15-19 years,Chronic kidney disease,Percent,2007,0.0317693186089282,0.0411756957391584,0.0239221995289245
All Population,Prevalence,New York,Both,20-24 years,Chronic kidney disease,Percent,2007,0.0454798900452541,0.0576453644300722,0.0359765951600251
All Population,Prevalence,New York,Both,25-29 years,Chronic kidney disease,Percent,2007,0.0496574305499969,0.0645496200021295,0.0381799437211829
All Population,Prevalence,New York,Both,30-34 years,Chronic kidney disease,Percent,2007,0.0568322518193141,0.072654346997518,0.0436587561180659
All Population,Prevalence,New York,Both,35-39 years,Chronic kidney disease,Percent,2007,0.0645403951350756,0.0805899932154551,0.0501164729487975
All Population,Prevalence,New York,Both,40-44 years,Chronic kidney disease,Percent,2007,0.0679804331070313,0.0856077213446346,0.0539566351397123
All Population,Prevalence,New York,Both,45-49 years,Chronic kidney disease,Percent,2007,0.075701220554109,0.0921692479537626,0.0601559864930219
All Population,Prevalence,New York,Both,50-54 years,Chronic kidney disease,Percent,2007,0.0938239613550277,0.1139847707352647,0.0755533371239198
All Population,Prevalence,New York,Both,55-59 years,Chronic kidney disease,Percent,2007,0.1173080153137287,0.1399332651272423,0.0962747561003857
All Population,Prevalence,New York,Both,60-64 years,Chronic kidney disease,Percent,2007,0.1544326919028735,0.1842962823399409,0.127959911922529
All Population,Prevalence,New York,Both,65-69 years,Chronic kidney disease,Percent,2007,0.2257604002790654,0.2663301967336676,0.1884252921887791
All Population,Prevalence,New York,Both,70-74 years,Chronic kidney disease,Percent,2007,0.3168363898869855,0.3578635870459565,0.2725744317927808
All Population,Prevalence,New York,Both,75-79 years,Chronic kidney disease,Percent,2007,0.4177536433711671,0.4695142635228504,0.3684483348887056
All Population,Prevalence,New York,Both,80+ years,Chronic kidney disease,Percent,2007,0.5845391545432927,0.6385165188677544,0.5419844105106034
All Population,Prevalence,New York,Both,<5 years,Chronic kidney disease,Percent,2008,0.0004545993051192,0.0005774009734119,0.0003677711696078
All Population,Prevalence,New York,Both,5-9 years,Chronic kidney disease,Percent,2008,0.002468468765342,0.0033998523890875,0.0017506430377881
All Population,Prevalence,New York,Both,10-14 years,Chronic kidney disease,Percent,2008,0.0126440718403031,0.0161638335562516,0.0097560418777712
All Population,Prevalence,New York,Both,15-19 years,Chronic kidney disease,Percent,2008,0.0317678352932881,0.041248748771252,0.0239071544031934
All Population,Prevalence,New York,Both,20-24 years,Chronic kidney disease,Percent,2008,0.0454682742123488,0.0578574440272529,0.0360698121661952
All Population,Prevalence,New York,Both,25-29 years,Chronic kidney disease,Percent,2008,0.0496905293962586,0.0636658876681827,0.0384447874446899
All Population,Prevalence,New York,Both,30-34 years,Chronic kidney disease,Percent,2008,0.0568656615682488,0.0730055411406368,0.0439579927734601
All Population,Prevalence,New York,Both,35-39 years,Chronic kidney disease,Percent,2008,0.0645325985438634,0.0807373816428922,0.0505926516309076
All Population,Prevalence,New York,Both,40-44 years,Chronic kidney disease,Percent,2008,0.0680485135035305,0.0853258883605484,0.0540704196298641
All Population,Prevalence,New York,Both,45-49 years,Chronic kidney disease,Percent,2008,0.0757147817772481,0.0918717970355093,0.0603333644458122
All Population,Prevalence,New York,Both,50-54 years,Chronic kidney disease,Percent,2008,0.0936251363096072,0.1133452557475222,0.0755764813190776
All Population,Prevalence,New York,Both,55-59 years,Chronic kidney disease,Percent,2008,0.1169916368479943,0.139534855343486,0.0961530749252692
All Population,Prevalence,New York,Both,60-64 years,Chronic kidney disease,Percent,2008,0.1542797814257881,0.184101651656577,0.1279041789365754
All Population,Prevalence,New York,Both,65-69 years,Chronic kidney disease,Percent,2008,0.2261109649426237,0.2655081426239167,0.1884555209049749
All Population,Prevalence,New York,Both,70-74 years,Chronic kidney disease,Percent,2008,0.3179796641810785,0.3588026082789806,0.2723712864175041
All Population,Prevalence,New York,Both,75-79 years,Chronic kidney disease,Percent,2008,0.4199320648457104,0.4719644805987338,0.3714141642043553
All Population,Prevalence,New York,Both,80+ years,Chronic kidney disease,Percent,2008,0.5893113076324065,0.6435334288433184,0.5483374680215826
All Population,Prevalence,New York,Both,<5 years,HIV/AIDS,Percent,2008,0.0001539095675136,0.0002396686749042,9.55765213612e-05
All Population,Prevalence,New York,Both,5-9 years,HIV/AIDS,Percent,2008,0.0001518148460882,0.0002289089969649,9.34140518211e-05
All Population,Prevalence,New York,Both,10-14 years,HIV/AIDS,Percent,2008,0.0001381724905961,0.0001978095754818,9.42068437511e-05
All Population,Prevalence,New York,Both,15-19 years,HIV/AIDS,Percent,2008,0.0005670972566875,0.0008974786330246,0.0003368075499745
All Population,Prevalence,New York,Both,20-24 years,HIV/AIDS,Percent,2008,0.0016130119451865,0.0026792976793512,0.0008726359653751
All Population,Prevalence,New York,Both,25-29 years,HIV/AIDS,Percent,2008,0.0031959288402838,0.0052143351954409,0.0017147509487224
All Population,Prevalence,New York,Both,30-34 years,HIV/AIDS,Percent,2008,0.005762147941025,0.0089286050619635,0.0032987355958335
All Population,Prevalence,New York,Both,35-39 years,HIV/AIDS,Percent,2008,0.0103474876801409,0.0152682978941385,0.0063678419858004
All Population,Prevalence,New York,Both,40-44 years,HIV/AIDS,Percent,2008,0.0163231022680657,0.023885642931307,0.0103527405984031
All Population,Prevalence,New York,Both,45-49 years,HIV/AIDS,Percent,2008,0.0209631980853057,0.0315225251658618,0.0125339722284695
All Population,Prevalence,New York,Both,50-54 years,HIV/AIDS,Percent,2008,0.0219044022707131,0.0334079862383043,0.0131663322366467
All Population,Prevalence,New York,Both,55-59 years,HIV/AIDS,Percent,2008,0.0174994663500137,0.0278486561036048,0.0100908577098124
All Population,Prevalence,New York,Both,60-64 years,HIV/AIDS,Percent,2008,0.0112061251391365,0.018131566806612,0.0065440378989667
All Population,Prevalence,New York,Both,65-69 years,HIV/AIDS,Percent,2008,0.0066011887011516,0.0101852996212956,0.0039989011566317
All Population,Prevalence,New York,Both,70-74 years,HIV/AIDS,Percent,2008,0.0041891421174091,0.0064129925604722,0.0025228677760915
All Population,Prevalence,New York,Both,75-79 years,HIV/AIDS,Percent,2008,0.0027170511550073,0.0043500559815541,0.0015645329104095
All Population,Prevalence,New York,Both,80+ years,HIV/AIDS,Percent,2008,0.0010783134203738,0.001755535391858,0.0006058648145387
All Population,Prevalence,New York,Both,<5 years,Alcohol use disorders,Percent,2008,0.000713595065678,0.001119613557248,0.0003741659262104
All Population,Prevalence,New York,Both,5-9 years,Alcohol use disorders,Percent,2008,0.0005820617008264,0.0008830986944646,0.0003323656942714
All Population,Prevalence,New York,Both,10-14 years,Alcohol use disorders,Percent,2008,0.003131544129773,0.004625462468255,0.0020253152729408
All Population,Prevalence,New York,Both,15-19 years,Alcohol use disorders,Percent,2008,0.0255273480391411,0.0337129994302273,0.0187683848252523
All Population,Prevalence,New York,Both,20-24 years,Alcohol use disorders,Percent,2008,0.0549089288119136,0.0737800256736535,0.040104344999306
All Population,Prevalence,New York,Both,25-29 years,Alcohol use disorders,Percent,2008,0.0494510660570724,0.0648042025369668,0.0385371973825154
All Population,Prevalence,New York,Both,30-34 years,Alcohol use disorders,Percent,2008,0.0396609365937182,0.052482769131929,0.0281700366304392
All Population,Prevalence,New York,Both,35-39 years,Alcohol use disorders,Percent,2008,0.0354401076849263,0.0453913732537963,0.0266947287870435
All Population,Prevalence,New York,Both,40-44 years,Alcohol use disorders,Percent,2008,0.03221415299212,0.0425864980722059,0.0235039555816473
All Population,Prevalence,New York,Both,45-49 years,Alcohol use disorders,Percent,2008,0.030005183879942,0.0376139785324327,0.0237924741444838
All Population,Prevalence,New York,Both,50-54 years,Alcohol use disorders,Percent,2008,0.0274447041884285,0.0370982118957386,0.0202652559216694
All Population,Prevalence,New York,Both,55-59 years,Alcohol use disorders,Percent,2008,0.0234947873598517,0.0293708033590345,0.018552630751208
All Population,Prevalence,New York,Both,60-64 years,Alcohol use disorders,Percent,2008,0.0192898028625958,0.0252404378119054,0.0140317399399208
All Population,Prevalence,New York,Both,65-69 years,Alcohol use disorders,Percent,2008,0.0154830790829151,0.020220093063847,0.0116396172404293
All Population,Prevalence,New York,Both,70-74 years,Alcohol use disorders,Percent,2008,0.0122703496764311,0.0162160988062818,0.0089922640686328
All Population,Prevalence,New York,Both,75-79 years,Alcohol use disorders,Percent,2008,0.0107591914120546,0.0139564442256095,0.00800454099604
All Population,Prevalence,New York,Both,80+ years,Alcohol use disorders,Percent,2008,0.0119416142494336,0.0152284112617006,0.0091095635486073
All Population,Prevalence,New York,Both,<5 years,Drug use disorders,Percent,2008,0.0,0.0,0.0
All Population,Prevalence,New York,Both,5-9 years,Drug use disorders,Percent,2008,0.0,0.0,0.0
All Population,Prevalence,New York,Both,10-14 years,Drug use disorders,Percent,2008,0.0049420958573539,0.0092617717606705,0.0019591874298346
All Population,Prevalence,New York,Both,15-19 years,Drug use disorders,Percent,2008,0.0574930476820133,0.0897055271550392,0.0343553316053244
All Population,Prevalence,New York,Both,20-24 years,Drug use disorders,Percent,2008,0.0667615954278809,0.0820235389704921,0.0538645274627608
All Population,Prevalence,New York,Both,25-29 years,Drug use disorders,Percent,2008,0.0576579551146804,0.0679259210115102,0.0493524312235638
All Population,Prevalence,New York,Both,30-34 years,Drug use disorders,Percent,2008,0.047127000681407,0.053791804464509,0.0414541848884904
All Population,Prevalence,New York,Both,35-39 years,Drug use disorders,Percent,2008,0.0383763060833869,0.0449424732314238,0.0331797999182457
All Population,Prevalence,New York,Both,40-44 years,Drug use disorders,Percent,2008,0.0302675269030732,0.0349718205654058,0.0262065611196869
All Population,Prevalence,New York,Both,45-49 years,Drug use disorders,Percent,2008,0.0231389662911933,0.027072740973425,0.0198505067706333
All Population,Prevalence,New York,Both,50-54 years,Drug use disorders,Percent,2008,0.0174027678307027,0.0199055076567101,0.0148792954852779
All Population,Prevalence,New York,Both,55-59 years,Drug use disorders,Percent,2008,0.0120853033478048,0.0138146954026578,0.0103742799407972
All Population,Prevalence,New York,Both,60-64 years,Drug use disorders,Percent,2008,0.0077183585282892,0.0089374107486767,0.0065378541738957
All Population,Prevalence,New York,Both,65-69 years,Drug use disorders,Percent,2008,0.0051971138672587,0.0060920760661169,0.0043862257346182
All Population,Prevalence,New York,Both,70-74 years,Drug use disorders,Percent,2008,0.003734862737686,0.0044068763591567,0.0031470349280792
All Population,Prevalence,New York,Both,75-79 years,Drug use disorders,Percent,2008,0.0029079534403199,0.003427124826025,0.0024734808770381
All Population,Prevalence,New York,Both,80+ years,Drug use disorders,Percent,2008,0.0023859616621919,0.0029012704298865,0.0019972774409117
All Population,Prevalence,New York,Both,<5 years,Depressive disorders,Percent,2008,7.2029513386e-06,1.35965679541e-05,2.7287030089e-06
All Population,Prevalence,New York,Both,5-9 years,Depressive disorders,Percent,2008,0.0085855922245051,0.0115868434238054,0.0059442271718956
All Population,Prevalence,New York,Both,10-14 years,Depressive disorders,Percent,2008,0.0374374072361893,0.0467216282558084,0.0292948395345894
All Population,Prevalence,New York,Both,15-19 years,Depressive disorders,Percent,2008,0.0541688722867805,0.0653106381087612,0.0438278814044824
All Population,Prevalence,New York,Both,20-24 years,Depressive disorders,Percent,2008,0.0521860252294065,0.0616504789630136,0.0428360204768293
All Population,Prevalence,New York,Both,25-29 years,Depressive disorders,Percent,2008,0.0533076738873456,0.0628461371280486,0.044557551925366
All Population,Prevalence,New York,Both,30-34 years,Depressive disorders,Percent,2008,0.052976448594074,0.0614241129910284,0.0451927026836431
All Population,Prevalence,New York,Both,35-39 years,Depressive disorders,Percent,2008,0.0528632745360673,0.0615777224998526,0.0464665068782109
All Population,Prevalence,New York,Both,40-44 years,Depressive disorders,Percent,2008,0.051948866228859,0.0613865888187385,0.0447627071166032
All Population,Prevalence,New York,Both,45-49 years,Depressive disorders,Percent,2008,0.0498170472178928,0.0589939508150661,0.0421516925080113
All Population,Prevalence,New York,Both,50-54 years,Depressive disorders,Percent,2008,0.0472825613259619,0.056991751076973,0.0400986799053783
All Population,Prevalence,New York,Both,55-59 years,Depressive disorders,Percent,2008,0.0433971105629146,0.0509717833402563,0.0366223963796769
All Population,Prevalence,New York,Both,60-64 years,Depressive disorders,Percent,2008,0.0404227672219765,0.0474154747224621,0.0336252661319894
All Population,Prevalence,New York,Both,65-69 years,Depressive disorders,Percent,2008,0.0388209253263767,0.0459905279208576,0.0324882243308025
All Population,Prevalence,New York,Both,70-74 years,Depressive disorders,Percent,2008,0.0370322743850979,0.0440018628001758,0.0308604426869448
All Population,Prevalence,New York,Both,75-79 years,Depressive disorders,Percent,2008,0.0367767442079074,0.0434999824282397,0.0305658752550853
All Population,Prevalence,New York,Both,80+ years,Depressive disorders,Percent,2008,0.0369986014013406,0.0445830364387055,0.0307889584255697
All Population,Prevalence,New York,Both,<5 years,Anxiety disorders,Percent,2008,0.0012779586733901,0.0030632833317879,0.0004651126873172
All Population,Prevalence,New York,Both,5-9 years,Anxiety disorders,Percent,2008,0.0188832767490635,0.0387556869656457,0.0082600694686456
All Population,Prevalence,New York,Both,10-14 years,Anxiety disorders,Percent,2008,0.0278213904683238,0.0389721195129756,0.0195001892486572
All Population,Prevalence,New York,Both,15-19 years,Anxiety disorders,Percent,2008,0.062868169074202,0.0824476978424617,0.0485184084261845
All Population,Prevalence,New York,Both,20-24 years,Anxiety disorders,Percent,2008,0.0757173877824794,0.0880274477682512,0.0620378275651983
All Population,Prevalence,New York,Both,25-29 years,Anxiety disorders,Percent,2008,0.0789684730659375,0.0950247957969631,0.0657801158538847
All Population,Prevalence,New York,Both,30-34 years,Anxiety disorders,Percent,2008,0.0830149805671872,0.0976177496096016,0.0716181024597857
All Population,Prevalence,New York,Both,35-39 years,Anxiety disorders,Percent,2008,0.0859184208856497,0.0986254386110291,0.0736596958908616
All Population,Prevalence,New York,Both,40-44 years,Anxiety disorders,Percent,2008,0.0857469407001482,0.0973238801934447,0.0762612462701345
All Population,Prevalence,New York,Both,45-49 years,Anxiety disorders,Percent,2008,0.0864124654451815,0.0984666284093526,0.0759773824464908
All Population,Prevalence,New York,Both,50-54 years,Anxiety disorders,Percent,2008,0.0873792497512654,0.1033863810503308,0.0766309554682805
All Population,Prevalence,New York,Both,55-59 years,Anxiety disorders,Percent,2008,0.0837455913552965,0.0991046715551268,0.0719931137996406
All Population,Prevalence,New York,Both,60-64 years,Anxiety disorders,Percent,2008,0.0734915796258074,0.0866167928877787,0.0644903790740333
All Population,Prevalence,New York,Both,65-69 years,Anxiety disorders,Percent,2008,0.0630492606005842,0.0760932240644462,0.0538289312305902
All Population,Prevalence,New York,Both,70-74 years,Anxiety disorders,Percent,2008,0.0561964397663566,0.0701255380645945,0.04540090119095
All Population,Prevalence,New York,Both,75-79 years,Anxiety disorders,Percent,2008,0.0517692593388167,0.0641518375523191,0.0430466802441204
All Population,Prevalence,New York,Both,80+ years,Anxiety disorders,Percent,2008,0.0486955150526266,0.0588205984095248,0.0397778817573983
All Population,Prevalence,New York,Both,<5 years,Diabetes mellitus type 1,Percent,2008,0.0005517301080915,0.0007038733267564,0.0004494246723939
All Population,Prevalence,New York,Both,5-9 years,Diabetes mellitus type 1,Percent,2008,0.0027421880049304,0.003232624541725,0.0023487494014923
All Population,Prevalence,New York,Both,10-14 years,Diabetes mellitus type 1,Percent,2008,0.0044796674637278,0.0050868651700148,0.0039444143115011
All Population,Prevalence,New York,Both,15-19 years,Diabetes mellitus type 1,Percent,2008,0.004099736156921,0.0049135996230996,0.0032288882507081
All Population,Prevalence,New York,Both,20-24 years,Diabetes mellitus type 1,Percent,2008,0.0039637132804069,0.0050256697783828,0.0032011359713191
All Population,Prevalence,New York,Both,25-29 years,Diabetes mellitus type 1,Percent,2008,0.004093701279916,0.0052071293931544,0.0032755205358764
All Population,Prevalence,New York,Both,30-34 years,Diabetes mellitus type 1,Percent,2008,0.0044146915386183,0.0054753843051002,0.0036179076105882
All Population,Prevalence,New York,Both,35-39 years,Diabetes mellitus type 1,Percent,2008,0.0047475146591905,0.005881101997164,0.0039361759044181
All Population,Prevalence,New York,Both,40-44 years,Diabetes mellitus type 1,Percent,2008,0.0049669116548495,0.0063574232587467,0.0039966798572996
All Population,Prevalence,New York,Both,45-49 years,Diabetes mellitus type 1,Percent,2008,0.0050422048022974,0.0062821317214927,0.0040911695106282
All Population,Prevalence,New York,Both,50-54 years,Diabetes mellitus type 1,Percent,2008,0.0049691724084922,0.0058961194921237,0.0039683875466314
All Population,Prevalence,New York,Both,55-59 years,Diabetes mellitus type 1,Percent,2008,0.0047460511930535,0.0057252357423641,0.0039140459438798
All Population,Prevalence,New York,Both,60-64 years,Diabetes mellitus type 1,Percent,2008,0.0044268582659805,0.0055232730039999,0.0034947834621554
All Population,Prevalence,New York,Both,65-69 years,Diabetes mellitus type 1,Percent,2008,0.0040342576818416,0.0051519620268328,0.0030600239683548
All Population,Prevalence,New York,Both,70-74 years,Diabetes mellitus type 1,Percent,2008,0.0035808922110876,0.0045548654999111,0.0026575353709841
All Population,Prevalence,New York,Both,75-79 years,Diabetes mellitus type 1,Percent,2008,0.0030807123698335,0.0040429479198839,0.002214573483673
All Population,Prevalence,New York,Both,80+ years,Diabetes mellitus type 1,Percent,2008,0.0023022840251978,0.0033364787334479,0.0015681449835835
All Population,Prevalence,New York,Both,<5 years,Diabetes mellitus type 2,Percent,2008,0.0,0.0,0.0
All Population,Prevalence,New York,Both,5-9 years,Diabetes mellitus type 2,Percent,2008,0.0,0.0,0.0
All Population,Prevalence,New York,Both,10-14 years,Diabetes mellitus type 2,Percent,2008,0.0,0.0,0.0
All Population,Prevalence,New York,Both,15-19 years,Diabetes mellitus type 2,Percent,2008,0.0045489036596335,0.0059621228933529,0.0032230571307526
All Population,Prevalence,New York,Both,20-24 years,Diabetes mellitus type 2,Percent,2008,0.0074139683686501,0.0090123567643141,0.0057733751839621
All Population,Prevalence,New York,Both,25-29 years,Diabetes mellitus type 2,Percent,2008,0.0109584271345423,0.0129426026491329,0.0091546241180089
All Population,Prevalence,New York,Both,30-34 years,Diabetes mellitus type 2,Percent,2008,0.0191970429401283,0.0219033556619399,0.0163682188768691
All Population,Prevalence,New York,Both,35-39 years,Diabetes mellitus type 2,Percent,2008,0.0346772367866435,0.0389603601505956,0.0310896373298392
All Population,Prevalence,New York,Both,40-44 years,Diabetes mellitus type 2,Percent,2008,0.0583990533857023,0.065628904304207,0.0521465217661899
All Population,Prevalence,New York,Both,45-49 years,Diabetes mellitus type 2,Percent,2008,0.0930320522578893,0.1010368782548672,0.0856854139716193
All Population,Prevalence,New York,Both,50-54 years,Diabetes mellitus type 2,Percent,2008,0.1367045576431103,0.15045215601318,0.1226464512811319
All Population,Prevalence,New York,Both,55-59 years,Diabetes mellitus type 2,Percent,2008,0.1833415558946033,0.2000473163244001,0.1676450502062146
All Population,Prevalence,New York,Both,60-64 years,Diabetes mellitus type 2,Percent,2008,0.2282258011149301,0.2464274804403902,0.2128098890053119
All Population,Prevalence,New York,Both,65-69 years,Diabetes mellitus type 2,Percent,2008,0.2613651320888016,0.2786915640529425,0.2430444838818844
All Population,Prevalence,New York,Both,70-74 years,Diabetes mellitus type 2,Percent,2008,0.2815249028862439,0.3028096203568534,0.2620344077852609
All Population,Prevalence,New York,Both,75-79 years,Diabetes mellitus type 2,Percent,2008,0.2867963385822324,0.3078970474226786,0.2670551322748946
All Population,Prevalence,New York,Both,80+ years,Diabetes mellitus type 2,Percent,2008,0.2669427869617644,0.2880591101196537,0.2450289458684918
All Population,Prevalence,New York,Both,<5 years,Chronic kidney disease,Percent,2009,0.0004561563815028,0.0005775109711536,0.0003689688801004
All Population,Prevalence,New York,Both,5-9 years,Chronic kidney disease,Percent,2009,0.0024616874664397,0.0033804639824243,0.0017379619833843
All Population,Prevalence,New York,Both,10-14 years,Chronic kidney disease,Percent,2009,0.0126197330251639,0.0161689177381273,0.0097535735966329
All Population,Prevalence,New York,Both,15-19 years,Chronic kidney disease,Percent,2009,0.031768346538924,0.0412229244624408,0.0238609667904901
All Population,Prevalence,New York,Both,20-24 years,Chronic kidney disease,Percent,2009,0.0454443602287835,0.057850707775988,0.0358164712354238
All Population,Prevalence,New York,Both,25-29 years,Chronic kidney disease,Percent,2009,0.0497112682883903,0.0632196630644849,0.0386079396044366
All Population,Prevalence,New York,Both,30-34 years,Chronic kidney disease,Percent,2009,0.0568929055740755,0.0732600456917887,0.0441062169699664
All Population,Prevalence,New York,Both,35-39 years,Chronic kidney disease,Percent,2009,0.0645244773008815,0.080916527487384,0.0506706277589195
All Population,Prevalence,New York,Both,40-44 years,Chronic kidney disease,Percent,2009,0.0681023484456405,0.0851826822999255,0.054218880945879
All Population,Prevalence,New York,Both,45-49 years,Chronic kidney disease,Percent,2009,0.0757600863232352,0.0915532707447419,0.0605544209431787
All Population,Prevalence,New York,Both,50-54 years,Chronic kidney disease,Percent,2009,0.0934931826106812,0.1136148186382164,0.0751326865934769
All Population,Prevalence,New York,Both,55-59 years,Chronic kidney disease,Percent,2009,0.1167897721316875,0.1400911379393268,0.0960889556890679
All Population,Prevalence,New York,Both,60-64 years,Chronic kidney disease,Percent,2009,0.1542720896345102,0.1840265761592981,0.1276300945120209
All Population,Prevalence,New York,Both,65-69 years,Chronic kidney disease,Percent,2009,0.2266332917709526,0.2651702723155171,0.189219225592833
All Population,Prevalence,New York,Both,70-74 years,Chronic kidney disease,Percent,2009,0.3191872257178267,0.3617157902261368,0.272877277501308
All Population,Prevalence,New York,Both,75-79 years,Chronic kidney disease,Percent,2009,0.4221946716623828,0.4751867307182963,0.3709730489102273
All Population,Prevalence,New York,Both,80+ years,Chronic kidney disease,Percent,2009,0.5930765120702618,0.6479372095379453,0.5503080594328633
All Population,Prevalence,New York,Both,<5 years,HIV/AIDS,Percent,2009,0.0001348551091688,0.0002194988708771,7.77555965389e-05
All Population,Prevalence,New York,Both,5-9 years,HIV/AIDS,Percent,2009,0.0001430461381863,0.0002173202339676,8.77332578149e-05
All Population,Prevalence,New York,Both,10-14 years,HIV/AIDS,Percent,2009,0.0001357239861403,0.000197179587272,9.02020553841e-05
All Population,Prevalence,New York,Both,15-19 years,HIV/AIDS,Percent,2009,0.0005857318649471,0.0009407704072859,0.000349921804886
All Population,Prevalence,New York,Both,20-24 years,HIV/AIDS,Percent,2009,0.0016812979634592,0.0028150617169309,0.0009173923677456
All Population,Prevalence,New York,Both,25-29 years,HIV/AIDS,Percent,2009,0.0031753934367838,0.0052811754492741,0.0016088858246478
All Population,Prevalence,New York,Both,30-34 years,HIV/AIDS,Percent,2009,0.0054974033109517,0.0087031914566543,0.0029767501241866
All Population,Prevalence,New York,Both,35-39 years,HIV/AIDS,Percent,2009,0.0095583128728733,0.0140195250531793,0.0056886481353814
All Population,Prevalence,New York,Both,40-44 years,HIV/AIDS,Percent,2009,0.0151585980040693,0.0225442224714661,0.0095075008443509
All Population,Prevalence,New York,Both,45-49 years,HIV/AIDS,Percent,2009,0.0203220445599631,0.0315443008556191,0.0119170161885402
All Population,Prevalence,New York,Both,50-54 years,HIV/AIDS,Percent,2009,0.0219838757045412,0.0338625963245761,0.0126525336951658
All Population,Prevalence,New York,Both,55-59 years,HIV/AIDS,Percent,2009,0.0187987230979484,0.030097471217351,0.0108579942247917
All Population,Prevalence,New York,Both,60-64 years,HIV/AIDS,Percent,2009,0.0123781951561412,0.0202738025349297,0.0070077742328889
All Population,Prevalence,New York,Both,65-69 years,HIV/AIDS,Percent,2009,0.0073091627174967,0.0114416860311986,0.0043168961943909
All Population,Prevalence,New York,Both,70-74 years,HIV/AIDS,Percent,2009,0.0045461928304652,0.0069964362164806,0.00276032206196
All Population,Prevalence,New York,Both,75-79 years,HIV/AIDS,Percent,2009,0.0029714657158314,0.0047589031680108,0.001723308241851
All Population,Prevalence,New York,Both,80+ years,HIV/AIDS,Percent,2009,0.0012039877076777,0.0019783202351562,0.0006662004452403
All Population,Prevalence,New York,Both,<5 years,Alcohol use disorders,Percent,2009,0.0007089067783243,0.001117051491207,0.0003638993300009
All Population,Prevalence,New York,Both,5-9 years,Alcohol use disorders,Percent,2009,0.0005769875564079,0.0008768191658716,0.000311882227095
All Population,Prevalence,New York,Both,10-14 years,Alcohol use disorders,Percent,2009,0.0029650127676093,0.0044278369125814,0.0019097764930555
All Population,Prevalence,New York,Both,15-19 years,Alcohol use disorders,Percent,2009,0.0247123310335074,0.0327406355485556,0.0180906744999585
All Population,Prevalence,New York,Both,20-24 years,Alcohol use disorders,Percent,2009,0.0544032795594068,0.0728663760463406,0.0396652509758893
All Population,Prevalence,New York,Both,25-29 years,Alcohol use disorders,Percent,2009,0.0496900269091063,0.0646359605642314,0.0387572730907726
All Population,Prevalence,New York,Both,30-34 years,Alcohol use disorders,Percent,2009,0.0402723915951119,0.0530906544117142,0.02839322444806
All Population,Prevalence,New York,Both,35-39 years,Alcohol use disorders,Percent,2009,0.0356693054420889,0.0455669107041549,0.026528679849515
All Population,Prevalence,New York,Both,40-44 years,Alcohol use disorders,Percent,2009,0.0321616380149846,0.043013452130608,0.0236010832307185
All Population,Prevalence,New York,Both,45-49 years,Alcohol use disorders,Percent,2009,0.0300967964589254,0.0379863321229283,0.0237583039786465
All Population,Prevalence,New York,Both,50-54 years,Alcohol use disorders,Percent,2009,0.0277700111185889,0.0375681854516945,0.0202389901854724
All Population,Prevalence,New York,Both,55-59 years,Alcohol use disorders,Percent,2009,0.0240122506425358,0.0300572661440747,0.0187603379220342
All Population,Prevalence,New York,Both,60-64 years,Alcohol use disorders,Percent,2009,0.0198459766311439,0.0260846645192509,0.014436846527784
All Population,Prevalence,New York,Both,65-69 years,Alcohol use disorders,Percent,2009,0.0159367918095439,0.0208304892853504,0.0120141929965839
All Population,Prevalence,New York,Both,70-74 years,Alcohol use disorders,Percent,2009,0.0125812792243454,0.016568250622769,0.0091425459121129
All Population,Prevalence,New York,Both,75-79 years,Alcohol use disorders,Percent,2009,0.0109616475847541,0.014234288165421,0.0081805980946399
All Population,Prevalence,New York,Both,80+ years,Alcohol use disorders,Percent,2009,0.0120579570381212,0.0153833565321133,0.0091832078009941
All Population,Prevalence,New York,Both,<5 years,Drug use disorders,Percent,2009,0.0,0.0,0.0
All Population,Prevalence,New York,Both,5-9 years,Drug use disorders,Percent,2009,0.0,0.0,0.0
All Population,Prevalence,New York,Both,10-14 years,Drug use disorders,Percent,2009,0.0051449477593721,0.0096372976673714,0.0020713283064484
All Population,Prevalence,New York,Both,15-19 years,Drug use disorders,Percent,2009,0.0593065755059913,0.0927630846732375,0.0347597755296241
All Population,Prevalence,New York,Both,20-24 years,Drug use disorders,Percent,2009,0.068555214528537,0.0848693003759935,0.0548302107544003
All Population,Prevalence,New York,Both,25-29 years,Drug use disorders,Percent,2009,0.0589929837513246,0.0694335742085709,0.0504286269778396
All Population,Prevalence,New York,Both,30-34 years,Drug use disorders,Percent,2009,0.0480171234097988,0.0549864623906806,0.0424318948311289
All Population,Prevalence,New York,Both,35-39 years,Drug use disorders,Percent,2009,0.0390902341460819,0.0457712691596788,0.033851287677022
All Population,Prevalence,New York,Both,40-44 years,Drug use disorders,Percent,2009,0.0309847896814182,0.0358774169572499,0.0268387316607519
All Population,Prevalence,New York,Both,45-49 years,Drug use disorders,Percent,2009,0.0238813910837698,0.0280237724871636,0.0205774854290338
All Population,Prevalence,New York,Both,50-54 years,Drug use disorders,Percent,2009,0.0181706295278339,0.020981038204288,0.0155529931687838
All Population,Prevalence,New York,Both,55-59 years,Drug use disorders,Percent,2009,0.0126903058169893,0.0145114182259293,0.0108777475996222
All Population,Prevalence,New York,Both,60-64 years,Drug use disorders,Percent,2009,0.0080609165580469,0.0093093094475925,0.0068156013575962
All Population,Prevalence,New York,Both,65-69 years,Drug use disorders,Percent,2009,0.0053526317338885,0.0062639279123132,0.0045280319835119
All Population,Prevalence,New York,Both,70-74 years,Drug use disorders,Percent,2009,0.0037802358484633,0.0044474625734139,0.0031755054108765
All Population,Prevalence,New York,Both,75-79 years,Drug use disorders,Percent,2009,0.0029197978039563,0.0034446206114515,0.0024852624874957
All Population,Prevalence,New York,Both,80+ years,Drug use disorders,Percent,2009,0.0023885507403185,0.0028896722712609,0.0020095493645826
All Population,Prevalence,New York,Both,<5 years,Depressive disorders,Percent,2009,7.0905149564e-06,1.35537408715e-05,2.7150809646e-06
All Population,Prevalence,New York,Both,5-9 years,Depressive disorders,Percent,2009,0.008572054835622,0.011626527993452,0.0056957877995636
All Population,Prevalence,New York,Both,10-14 years,Depressive disorders,Percent,2009,0.0375209584361646,0.0466057287293657,0.0294908226074827
All Population,Prevalence,New York,Both,15-19 years,Depressive disorders,Percent,2009,0.0546008207975757,0.0660437999356561,0.043738590116975
All Population,Prevalence,New York,Both,20-24 years,Depressive disorders,Percent,2009,0.0526253666000416,0.0622403990944225,0.0435301892082948
All Population,Prevalence,New York,Both,25-29 years,Depressive disorders,Percent,2009,0.0539293934665901,0.0632150280329949,0.045496815462239
All Population,Prevalence,New York,Both,30-34 years,Depressive disorders,Percent,2009,0.0535802708350144,0.0622760895083908,0.0461958495282489
All Population,Prevalence,New York,Both,35-39 years,Depressive disorders,Percent,2009,0.0535178024952855,0.0617002756502391,0.0470192709837467
All Population,Prevalence,New York,Both,40-44 years,Depressive disorders,Percent,2009,0.0525178714961766,0.0620889009891799,0.0452422534248029
All Population,Prevalence,New York,Both,45-49 years,Depressive disorders,Percent,2009,0.0503120620722767,0.0593043113030821,0.043091955113706
All Population,Prevalence,New York,Both,50-54 years,Depressive disorders,Percent,2009,0.0478097600378445,0.0569122749671586,0.0406497817790903
All Population,Prevalence,New York,Both,55-59 years,Depressive disorders,Percent,2009,0.0438756244665058,0.0511777784416021,0.0376581809759992
All Population,Prevalence,New York,Both,60-64 years,Depressive disorders,Percent,2009,0.0409471037604643,0.0481878483955636,0.0343929030384999
All Population,Prevalence,New York,Both,65-69 years,Depressive disorders,Percent,2009,0.0393878143079103,0.0470083733210023,0.0330788664696797
All Population,Prevalence,New York,Both,70-74 years,Depressive disorders,Percent,2009,0.0375971392979079,0.0446853276072039,0.031176796716781
All Population,Prevalence,New York,Both,75-79 years,Depressive disorders,Percent,2009,0.0372556288051159,0.0439712159436129,0.0312391992343603
All Population,Prevalence,New York,Both,80+ years,Depressive disorders,Percent,2009,0.0374875613135676,0.0450625649501353,0.0314077544033792
All Population,Prevalence,New York,Both,<5 years,Anxiety disorders,Percent,2009,0.0013537095975217,0.0032040636490507,0.0004778089138366
All Population,Prevalence,New York,Both,5-9 years,Anxiety disorders,Percent,2009,0.0194903691880761,0.0410912941386009,0.0085760280291729
All Population,Prevalence,New York,Both,10-14 years,Anxiety disorders,Percent,2009,0.0280567955999895,0.0400493153825173,0.0182226179136285
All Population,Prevalence,New York,Both,15-19 years,Anxiety disorders,Percent,2009,0.0612533376680615,0.0815844202489077,0.045801725221317
All Population,Prevalence,New York,Both,20-24 years,Anxiety disorders,Percent,2009,0.0725066156959676,0.0852070603392558,0.0578898782573054
All Population,Prevalence,New York,Both,25-29 years,Anxiety disorders,Percent,2009,0.0755008419221926,0.0900649775160761,0.0621496762124574
All Population,Prevalence,New York,Both,30-34 years,Anxiety disorders,Percent,2009,0.0785498210564628,0.0935873255163045,0.0679025459272402
All Population,Prevalence,New York,Both,35-39 years,Anxiety disorders,Percent,2009,0.080968971839542,0.0923234001816669,0.0689865530824202
All Population,Prevalence,New York,Both,40-44 years,Anxiety disorders,Percent,2009,0.080918756390904,0.0936712010914294,0.0716540997711846
All Population,Prevalence,New York,Both,45-49 years,Anxiety disorders,Percent,2009,0.0816934468520488,0.0930148363046393,0.0718741582998389
All Population,Prevalence,New York,Both,50-54 years,Anxiety disorders,Percent,2009,0.0828659873919042,0.0977321195899251,0.071532234972131
All Population,Prevalence,New York,Both,55-59 years,Anxiety disorders,Percent,2009,0.0803693287178161,0.0957941556331033,0.0688883935758714
All Population,Prevalence,New York,Both,60-64 years,Anxiety disorders,Percent,2009,0.0719489972071626,0.0864858956091095,0.0617155800167708
All Population,Prevalence,New York,Both,65-69 years,Anxiety disorders,Percent,2009,0.0624023926259248,0.0740081456689278,0.052081773566639
All Population,Prevalence,New York,Both,70-74 years,Anxiety disorders,Percent,2009,0.0557640485486831,0.0718812331639677,0.0450238326330425
All Population,Prevalence,New York,Both,75-79 years,Anxiety disorders,Percent,2009,0.0514077698800946,0.06440387971002,0.0420909843585304
All Population,Prevalence,New York,Both,80+ years,Anxiety disorders,Percent,2009,0.0485198674876936,0.0595098437964161,0.039125422210542
All Population,Prevalence,New York,Both,<5 years,Diabetes mellitus type 1,Percent,2009,0.0005749203345884,0.0007279357874333,0.0004651735383957
All Population,Prevalence,New York,Both,5-9 years,Diabetes mellitus type 1,Percent,2009,0.0028205283156184,0.0032667169585161,0.002457083916154
All Population,Prevalence,New York,Both,10-14 years,Diabetes mellitus type 1,Percent,2009,0.0046810070891651,0.0052564816860841,0.0042101615120063
All Population,Prevalence,New York,Both,15-19 years,Diabetes mellitus type 1,Percent,2009,0.0042840511744681,0.0051871591279799,0.003381202036232
All Population,Prevalence,New York,Both,20-24 years,Diabetes mellitus type 1,Percent,2009,0.0040843875085213,0.0051301428163585,0.0032718345594758
All Population,Prevalence,New York,Both,25-29 years,Diabetes mellitus type 1,Percent,2009,0.0041508364516916,0.0052294868581206,0.0033340538184556
All Population,Prevalence,New York,Both,30-34 years,Diabetes mellitus type 1,Percent,2009,0.0044217587130509,0.0054992094021557,0.0036145973823681
All Population,Prevalence,New York,Both,35-39 years,Diabetes mellitus type 1,Percent,2009,0.0047534301718334,0.0057734237442112,0.0039447132593678
All Population,Prevalence,New York,Both,40-44 years,Diabetes mellitus type 1,Percent,2009,0.0049741112284673,0.0063649133340428,0.00399747284533
All Population,Prevalence,New York,Both,45-49 years,Diabetes mellitus type 1,Percent,2009,0.0050514179013444,0.0063142972313996,0.0040826379158111
All Population,Prevalence,New York,Both,50-54 years,Diabetes mellitus type 1,Percent,2009,0.0049850316404096,0.005982574159655,0.0039727211927542
All Population,Prevalence,New York,Both,55-59 years,Diabetes mellitus type 1,Percent,2009,0.0047657317321824,0.00568390669321,0.0039074094051526
All Population,Prevalence,New York,Both,60-64 years,Diabetes mellitus type 1,Percent,2009,0.0044441873359415,0.0055082502907392,0.0035215656655071
All Population,Prevalence,New York,Both,65-69 years,Diabetes mellitus type 1,Percent,2009,0.0040541101334971,0.005166402965157,0.0030892888349664
All Population,Prevalence,New York,Both,70-74 years,Diabetes mellitus type 1,Percent,2009,0.0036042208046184,0.0046309247614551,0.0026615807798655
All Population,Prevalence,New York,Both,75-79 years,Diabetes mellitus type 1,Percent,2009,0.0031044903258706,0.0040460865406702,0.0022276870631932
All Population,Prevalence,New York,Both,80+ years,Diabetes mellitus type 1,Percent,2009,0.0023137020233856,0.0033556637470434,0.001566690344553
All Population,Prevalence,New York,Both,<5 years,Diabetes mellitus type 2,Percent,2009,0.0,0.0,0.0
All Population,Prevalence,New York,Both,5-9 years,Diabetes mellitus type 2,Percent,2009,0.0,0.0,0.0
All Population,Prevalence,New York,Both,10-14 years,Diabetes mellitus type 2,Percent,2009,0.0,0.0,0.0
All Population,Prevalence,New York,Both,15-19 years,Diabetes mellitus type 2,Percent,2009,0.0045730863613651,0.0060694643042423,0.0032183910729211
All Population,Prevalence,New York,Both,20-24 years,Diabetes mellitus type 2,Percent,2009,0.0075711150692336,0.0092895475261926,0.0059188195609856
All Population,Prevalence,New York,Both,25-29 years,Diabetes mellitus type 2,Percent,2009,0.0111903757656185,0.0132102912577961,0.0094535844790294
All Population,Prevalence,New York,Both,30-34 years,Diabetes mellitus type 2,Percent,2009,0.0194910173733737,0.0222673592334455,0.0166167164178937
All Population,Prevalence,New York,Both,35-39 years,Diabetes mellitus type 2,Percent,2009,0.0352248803724791,0.0391974530717922,0.0315706486589683
All Population,Prevalence,New York,Both,40-44 years,Diabetes mellitus type 2,Percent,2009,0.0594758100612189,0.0665493767115938,0.053293964493172
All Population,Prevalence,New York,Both,45-49 years,Diabetes mellitus type 2,Percent,2009,0.0948946026944598,0.1025352668721821,0.0871473649921186
All Population,Prevalence,New York,Both,50-54 years,Diabetes mellitus type 2,Percent,2009,0.1394189671888948,0.1535454480223425,0.1250652344607737
All Population,Prevalence,New York,Both,55-59 years,Diabetes mellitus type 2,Percent,2009,0.1863765674382109,0.2029414207416496,0.1703397177443871
All Population,Prevalence,New York,Both,60-64 years,Diabetes mellitus type 2,Percent,2009,0.2311631997748374,0.2492557245334637,0.2155346472720555
All Population,Prevalence,New York,Both,65-69 years,Diabetes mellitus type 2,Percent,2009,0.2646612899356694,0.2822616025935366,0.2464781979669524
All Population,Prevalence,New York,Both,70-74 years,Diabetes mellitus type 2,Percent,2009,0.2854801425331075,0.3064321504805972,0.2664754615304774
All Population,Prevalence,New York,Both,75-79 years,Diabetes mellitus type 2,Percent,2009,0.2911709606961403,0.3124929429215862,0.2703451055954661
All Population,Prevalence,New York,Both,80+ years,Diabetes mellitus type 2,Percent,2009,0.2710574199603801,0.2923438403026903,0.2492250732577319
All Population,Prevalence,New York,Both,<5 years,Chronic kidney disease,Percent,2010,0.0004598516875449,0.0005816514870201,0.0003712795030814
All Population,Prevalence,New York,Both,5-9 years,Chronic kidney disease,Percent,2010,0.0024614112222801,0.0033700858517332,0.0017351224641101
All Population,Prevalence,New York,Both,10-14 years,Chronic kidney disease,Percent,2010,0.0126064607270197,0.0161075338209007,0.0097717551120752
All Population,Prevalence,New York,Both,15-19 years,Chronic kidney disease,Percent,2010,0.031778602565563,0.0414131577023864,0.0238538933068648
All Population,Prevalence,New York,Both,20-24 years,Chronic kidney disease,Percent,2010,0.0454214287177711,0.0574717834370554,0.0356245453735825
All Population,Prevalence,New York,Both,25-29 years,Chronic kidney disease,Percent,2010,0.0497155246713543,0.0631389250733259,0.0387953298614355
All Population,Prevalence,New York,Both,30-34 years,Chronic kidney disease,Percent,2010,0.0569075421287746,0.0730626463188494,0.0441859305128046
All Population,Prevalence,New York,Both,35-39 years,Chronic kidney disease,Percent,2010,0.0645171915041011,0.0806717826225025,0.0506511738960262
All Population,Prevalence,New York,Both,40-44 years,Chronic kidney disease,Percent,2010,0.0681360666627493,0.0857390416160227,0.0541739395101527
All Population,Prevalence,New York,Both,45-49 years,Chronic kidney disease,Percent,2010,0.0758375450329657,0.0912838057477303,0.0607442104165747
All Population,Prevalence,New York,Both,50-54 years,Chronic kidney disease,Percent,2010,0.0934816149150936,0.114107326590066,0.0750552202644909
All Population,Prevalence,New York,Both,55-59 years,Chronic kidney disease,Percent,2010,0.1167875263628969,0.1400204846581392,0.0959539611469655
All Population,Prevalence,New York,Both,60-64 years,Chronic kidney disease,Percent,2010,0.1544227332110687,0.1840434315908863,0.1276519377968621
All Population,Prevalence,New York,Both,65-69 years,Chronic kidney disease,Percent,2010,0.2272383056879161,0.2659528009711941,0.190015619257958
All Population,Prevalence,New York,Both,70-74 years,Chronic kidney disease,Percent,2010,0.3201543492531211,0.3655216609271762,0.2730680425774616
All Population,Prevalence,New York,Both,75-79 years,Chronic kidney disease,Percent,2010,0.4239603158695079,0.4764252673454522,0.3700374166805574
All Population,Prevalence,New York,Both,80+ years,Chronic kidney disease,Percent,2010,0.5968030341713867,0.6536684667149237,0.5511945824565915
All Population,Prevalence,New York,Both,<5 years,HIV/AIDS,Percent,2010,0.0001238582423521,0.0002093943743159,6.70443552456e-05
All Population,Prevalence,New York,Both,5-9 years,HIV/AIDS,Percent,2010,0.0001355402753065,0.0002055770726417,8.30403205777e-05
All Population,Prevalence,New York,Both,10-14 years,HIV/AIDS,Percent,2010,0.0001340646946906,0.0002006589226985,8.73166384795e-05
All Population,Prevalence,New York,Both,15-19 years,HIV/AIDS,Percent,2010,0.000597865856381,0.0009016444287311,0.0003895651400772
All Population,Prevalence,New York,Both,20-24 years,HIV/AIDS,Percent,2010,0.0017755380596226,0.0027364126648601,0.0010923410235733
All Population,Prevalence,New York,Both,25-29 years,HIV/AIDS,Percent,2010,0.0031990076551985,0.0050573621520729,0.0019127125010453
All Population,Prevalence,New York,Both,30-34 years,HIV/AIDS,Percent,2010,0.0052936966127746,0.0079368919694124,0.0031314766205128
All Population,Prevalence,New York,Both,35-39 years,HIV/AIDS,Percent,2010,0.0087741196331234,0.0129829295782913,0.00526675675523
All Population,Prevalence,New York,Both,40-44 years,HIV/AIDS,Percent,2010,0.0140213098223754,0.0213322495493533,0.0083542564220133
All Population,Prevalence,New York,Both,45-49 years,HIV/AIDS,Percent,2010,0.0195537530902831,0.0306024226803224,0.0113210184613829
All Population,Prevalence,New York,Both,50-54 years,HIV/AIDS,Percent,2010,0.0218611226110424,0.0344475930505247,0.0122208859127712
All Population,Prevalence,New York,Both,55-59 years,HIV/AIDS,Percent,2010,0.0199223401706723,0.0319873708572764,0.0113817540743639
All Population,Prevalence,New York,Both,60-64 years,HIV/AIDS,Percent,2010,0.0135805682972969,0.0221740499649833,0.0074803144712999
All Population,Prevalence,New York,Both,65-69 years,HIV/AIDS,Percent,2010,0.0081116408958466,0.0125893126758173,0.0045941269768972
All Population,Prevalence,New York,Both,70-74 years,HIV/AIDS,Percent,2010,0.0049318133580149,0.0076101246174453,0.002866577758596
All Population,Prevalence,New York,Both,75-79 years,HIV/AIDS,Percent,2010,0.0032317634112276,0.0051364610192389,0.0018573730070311
All Population,Prevalence,New York,Both,80+ years,HIV/AIDS,Percent,2010,0.0013345959985007,0.0023029872537597,0.0007192380463737
All Population,Prevalence,New York,Both,<5 years,Alcohol use disorders,Percent,2010,0.0007063245904203,0.0011149310265105,0.0003494049395547
All Population,Prevalence,New York,Both,5-9 years,Alcohol use disorders,Percent,2010,0.0005742197362129,0.0008784273093697,0.0002977070102481
All Population,Prevalence,New York,Both,10-14 years,Alcohol use disorders,Percent,2010,0.0028345486825764,0.0042213200115106,0.0018123774096961
All Population,Prevalence,New York,Both,15-19 years,Alcohol use disorders,Percent,2010,0.0239939243855113,0.0318854361611978,0.0174399263013974
All Population,Prevalence,New York,Both,20-24 years,Alcohol use disorders,Percent,2010,0.0538834917035338,0.0723013771673338,0.0388397068568591
All Population,Prevalence,New York,Both,25-29 years,Alcohol use disorders,Percent,2010,0.0498015609622897,0.0641226588842001,0.0384769260012926
All Population,Prevalence,New York,Both,30-34 years,Alcohol use disorders,Percent,2010,0.0408450545339527,0.0535821819237901,0.0285268909377826
All Population,Prevalence,New York,Both,35-39 years,Alcohol use disorders,Percent,2010,0.0358916915604194,0.0459049879593747,0.026315486957711
All Population,Prevalence,New York,Both,40-44 years,Alcohol use disorders,Percent,2010,0.0321773529925451,0.0435210236415451,0.0235236163215572
All Population,Prevalence,New York,Both,45-49 years,Alcohol use disorders,Percent,2010,0.03019951163215,0.0384629883777584,0.0236729017372966
All Population,Prevalence,New York,Both,50-54 years,Alcohol use disorders,Percent,2010,0.0280561669808705,0.0382434539945541,0.0203020441498331
All Population,Prevalence,New York,Both,55-59 years,Alcohol use disorders,Percent,2010,0.0244394274915576,0.0309703465275529,0.0189213654191594
All Population,Prevalence,New York,Both,60-64 years,Alcohol use disorders,Percent,2010,0.0203154855183399,0.0269775881998969,0.0146889317980111
All Population,Prevalence,New York,Both,65-69 years,Alcohol use disorders,Percent,2010,0.01633160158892,0.021305268258625,0.0123466627730485
All Population,Prevalence,New York,Both,70-74 years,Alcohol use disorders,Percent,2010,0.0128660528459732,0.0168316034836693,0.0094103662326796
All Population,Prevalence,New York,Both,75-79 years,Alcohol use disorders,Percent,2010,0.0111711716099959,0.0144729837368912,0.0083325807677084
All Population,Prevalence,New York,Both,80+ years,Alcohol use disorders,Percent,2010,0.0122219513262263,0.0156428110143211,0.0093459561379458
All Population,Prevalence,New York,Both,<5 years,Drug use disorders,Percent,2010,0.0,0.0,0.0
All Population,Prevalence,New York,Both,5-9 years,Drug use disorders,Percent,2010,0.0,0.0,0.0
All Population,Prevalence,New York,Both,10-14 years,Drug use disorders,Percent,2010,0.0052366275805236,0.0098840115112491,0.002128326365784
All Population,Prevalence,New York,Both,15-19 years,Drug use disorders,Percent,2010,0.0601618648153819,0.0943192263686123,0.0350610095873111
All Population,Prevalence,New York,Both,20-24 years,Drug use disorders,Percent,2010,0.069939142661633,0.0869997049122067,0.0557665519021043
All Population,Prevalence,New York,Both,25-29 years,Drug use disorders,Percent,2010,0.0602851714623368,0.0709552713203769,0.0514955287655577
All Population,Prevalence,New York,Both,30-34 years,Drug use disorders,Percent,2010,0.0489217832122989,0.056126369271933,0.043051136537995
All Population,Prevalence,New York,Both,35-39 years,Drug use disorders,Percent,2010,0.0397718259481145,0.0466050967595651,0.0343267387184857
All Population,Prevalence,New York,Both,40-44 years,Drug use disorders,Percent,2010,0.0316785416269803,0.0367287177366944,0.0273495502937495
All Population,Prevalence,New York,Both,45-49 years,Drug use disorders,Percent,2010,0.0246030871850118,0.0289543100398928,0.021195106721443
All Population,Prevalence,New York,Both,50-54 years,Drug use disorders,Percent,2010,0.0188990303662361,0.0217831707249063,0.0161618256284411
All Population,Prevalence,New York,Both,55-59 years,Drug use disorders,Percent,2010,0.0132497352338369,0.0151292146452726,0.0113604907917309
All Population,Prevalence,New York,Both,60-64 years,Drug use disorders,Percent,2010,0.0083719338949183,0.0096151562789487,0.0070450650502426
All Population,Prevalence,New York,Both,65-69 years,Drug use disorders,Percent,2010,0.0054848751889396,0.0064472333448716,0.0046113978418194
All Population,Prevalence,New York,Both,70-74 years,Drug use disorders,Percent,2010,0.003803471260505,0.0044954067994378,0.003181078498093
All Population,Prevalence,New York,Both,75-79 years,Drug use disorders,Percent,2010,0.0029261093987376,0.0034564462052265,0.0024871771521023
All Population,Prevalence,New York,Both,80+ years,Drug use disorders,Percent,2010,0.0023858596481877,0.0028829836118864,0.0020139320838043
All Population,Prevalence,New York,Both,<5 years,Depressive disorders,Percent,2010,7.0672352647e-06,1.35399616385e-05,2.6494435045e-06
All Population,Prevalence,New York,Both,5-9 years,Depressive disorders,Percent,2010,0.0085910830551288,0.0117746954250668,0.0054989481990405
All Population,Prevalence,New York,Both,10-14 years,Depressive disorders,Percent,2010,0.0376076116902321,0.046236212952503,0.0292079951699873
All Population,Prevalence,New York,Both,15-19 years,Depressive disorders,Percent,2010,0.0550096830525383,0.0667143703186956,0.0440003947397951
All Population,Prevalence,New York,Both,20-24 years,Depressive disorders,Percent,2010,0.0529162021672157,0.0623357812271261,0.0435139192989978
All Population,Prevalence,New York,Both,25-29 years,Depressive disorders,Percent,2010,0.0543665421013042,0.0637948514081983,0.0459998099920575
All Population,Prevalence,New York,Both,30-34 years,Depressive disorders,Percent,2010,0.054020225944663,0.0633042639929606,0.0467184378096494
All Population,Prevalence,New York,Both,35-39 years,Depressive disorders,Percent,2010,0.0540559011583103,0.0628793941072337,0.0470094520082291
All Population,Prevalence,New York,Both,40-44 years,Depressive disorders,Percent,2010,0.0530015242975499,0.0624514487261682,0.0456543233568386
All Population,Prevalence,New York,Both,45-49 years,Depressive disorders,Percent,2010,0.0507309840711949,0.0597367937874279,0.0430417269237402
All Population,Prevalence,New York,Both,50-54 years,Depressive disorders,Percent,2010,0.0482591766346932,0.0571708788807461,0.0405524647215648
All Population,Prevalence,New York,Both,55-59 years,Depressive disorders,Percent,2010,0.0442664813842491,0.0509647219730151,0.0378769073877793
All Population,Prevalence,New York,Both,60-64 years,Depressive disorders,Percent,2010,0.0413438348273716,0.0489765769435993,0.0343827896868155
All Population,Prevalence,New York,Both,65-69 years,Depressive disorders,Percent,2010,0.0398130269436496,0.0474710472674826,0.0331372680159834
All Population,Prevalence,New York,Both,70-74 years,Depressive disorders,Percent,2010,0.0380138566354663,0.0456778883396563,0.0315235414136574
All Population,Prevalence,New York,Both,75-79 years,Depressive disorders,Percent,2010,0.0375745311000747,0.0442979555344678,0.0311635296764574
All Population,Prevalence,New York,Both,80+ years,Depressive disorders,Percent,2010,0.0378067431784895,0.0452884388314148,0.0312816625313034
All Population,Prevalence,New York,Both,<5 years,Anxiety disorders,Percent,2010,0.0014129672696934,0.003319974200375,0.0004699907139513
All Population,Prevalence,New York,Both,5-9 years,Anxiety disorders,Percent,2010,0.0200809445783359,0.0429610464547494,0.0085836381922381
All Population,Prevalence,New York,Both,10-14 years,Anxiety disorders,Percent,2010,0.0281721331370146,0.0410330671871687,0.0176487862430082
All Population,Prevalence,New York,Both,15-19 years,Anxiety disorders,Percent,2010,0.0596035814122052,0.0810231896070171,0.0418298470501172
All Population,Prevalence,New York,Both,20-24 years,Anxiety disorders,Percent,2010,0.069256503822809,0.0836122633095234,0.0536327301425988
All Population,Prevalence,New York,Both,25-29 years,Anxiety disorders,Percent,2010,0.0720212200850536,0.086396257682887,0.0581163582891138
All Population,Prevalence,New York,Both,30-34 years,Anxiety disorders,Percent,2010,0.0741059596208124,0.0903168328764146,0.0622607847051944
All Population,Prevalence,New York,Both,35-39 years,Anxiety disorders,Percent,2010,0.076054300183001,0.0886317612747653,0.0648064572524738
All Population,Prevalence,New York,Both,40-44 years,Anxiety disorders,Percent,2010,0.0761236908891359,0.0895860866410324,0.0657136524555533
All Population,Prevalence,New York,Both,45-49 years,Anxiety disorders,Percent,2010,0.0769828117653404,0.0880898027823094,0.0672897285540924
All Population,Prevalence,New York,Both,50-54 years,Anxiety disorders,Percent,2010,0.0783676491296123,0.0930461390386165,0.0661901871102512
All Population,Prevalence,New York,Both,55-59 years,Anxiety disorders,Percent,2010,0.0770220801867043,0.0914455294181087,0.0654044764100614
All Population,Prevalence,New York,Both,60-64 years,Anxiety disorders,Percent,2010,0.0703690210638546,0.0863308671522427,0.0587180637070978
All Population,Prevalence,New York,Both,65-69 years,Anxiety disorders,Percent,2010,0.0617166856781894,0.0741176047484054,0.0517081532945197
All Population,Prevalence,New York,Both,70-74 years,Anxiety disorders,Percent,2010,0.0553075845873708,0.0736975604551653,0.0444604789610849
All Population,Prevalence,New York,Both,75-79 years,Anxiety disorders,Percent,2010,0.0510226943178045,0.0656503194057062,0.0401996033421226
All Population,Prevalence,New York,Both,80+ years,Anxiety disorders,Percent,2010,0.0483018595219794,0.0600788510819127,0.038442117711741
All Population,Prevalence,New York,Both,<5 years,Diabetes mellitus type 1,Percent,2010,0.000590708935348,0.0007452824866422,0.0004606279658233
All Population,Prevalence,New York,Both,5-9 years,Diabetes mellitus type 1,Percent,2010,0.0028669169836119,0.0033466553405777,0.0024836109340225
All Population,Prevalence,New York,Both,10-14 years,Diabetes mellitus type 1,Percent,2010,0.0047815216431988,0.0053218015094998,0.0042790776182526
All Population,Prevalence,New York,Both,15-19 years,Diabetes mellitus type 1,Percent,2010,0.0044651141930252,0.0055181857058296,0.0034749012387087
All Population,Prevalence,New York,Both,20-24 years,Diabetes mellitus type 1,Percent,2010,0.0042088820798777,0.0052352029200231,0.0033072725485231
All Population,Prevalence,New York,Both,25-29 years,Diabetes mellitus type 1,Percent,2010,0.0042093086926537,0.0054495001729219,0.0033571023907424
All Population,Prevalence,New York,Both,30-34 years,Diabetes mellitus type 1,Percent,2010,0.004431106145794,0.0055560206117577,0.0035902418325959
All Population,Prevalence,New York,Both,35-39 years,Diabetes mellitus type 1,Percent,2010,0.0047582148098006,0.0058435673191805,0.0039323813675809
All Population,Prevalence,New York,Both,40-44 years,Diabetes mellitus type 1,Percent,2010,0.0049814082446547,0.0063455958146494,0.0040112747993473
All Population,Prevalence,New York,Both,45-49 years,Diabetes mellitus type 1,Percent,2010,0.0050602323769882,0.0063428608414641,0.0040855916474849
All Population,Prevalence,New York,Both,50-54 years,Diabetes mellitus type 1,Percent,2010,0.0049988382374203,0.0060706822447727,0.0039824021458996
All Population,Prevalence,New York,Both,55-59 years,Diabetes mellitus type 1,Percent,2010,0.0047850222742528,0.0056463205215086,0.0038818843027623
All Population,Prevalence,New York,Both,60-64 years,Diabetes mellitus type 1,Percent,2010,0.0044632526967363,0.0055194944609272,0.0035350920032946
All Population,Prevalence,New York,Both,65-69 years,Diabetes mellitus type 1,Percent,2010,0.0040736777618202,0.0052111756062088,0.0030977887471234
All Population,Prevalence,New York,Both,70-74 years,Diabetes mellitus type 1,Percent,2010,0.0036260195782526,0.004709788662566,0.0026580603736726
All Population,Prevalence,New York,Both,75-79 years,Diabetes mellitus type 1,Percent,2010,0.0031283693135672,0.0040498205371258,0.0021812400243392
All Population,Prevalence,New York,Both,80+ years,Diabetes mellitus type 1,Percent,2010,0.0023197195682472,0.0033368709908149,0.0015585018393256
All Population,Prevalence,New York,Both,<5 years,Diabetes mellitus type 2,Percent,2010,0.0,0.0,0.0
All Population,Prevalence,New York,Both,5-9 years,Diabetes mellitus type 2,Percent,2010,0.0,0.0,0.0
All Population,Prevalence,New York,Both,10-14 years,Diabetes mellitus type 2,Percent,2010,0.0,0.0,0.0
All Population,Prevalence,New York,Both,15-19 years,Diabetes mellitus type 2,Percent,2010,0.0045814966654481,0.0060783766075143,0.0031274772203592
All Population,Prevalence,New York,Both,20-24 years,Diabetes mellitus type 2,Percent,2010,0.0076766202267741,0.0094656102647848,0.0059736535732433
All Population,Prevalence,New York,Both,25-29 years,Diabetes mellitus type 2,Percent,2010,0.0113953947302997,0.0134962069349539,0.009545792037025
All Population,Prevalence,New York,Both,30-34 years,Diabetes mellitus type 2,Percent,2010,0.0198036929163982,0.0225529530835312,0.0168365717678506
All Population,Prevalence,New York,Both,35-39 years,Diabetes mellitus type 2,Percent,2010,0.0358295306609896,0.0396770191087686,0.0319787933506348
All Population,Prevalence,New York,Both,40-44 years,Diabetes mellitus type 2,Percent,2010,0.0605984484490021,0.0673570953003712,0.0542494739920165
All Population,Prevalence,New York,Both,45-49 years,Diabetes mellitus type 2,Percent,2010,0.0965964308118228,0.1042807378286182,0.0886824748859306
All Population,Prevalence,New York,Both,50-54 years,Diabetes mellitus type 2,Percent,2010,0.141615605187078,0.1565338964315249,0.1275465538613626
All Population,Prevalence,New York,Both,55-59 years,Diabetes mellitus type 2,Percent,2010,0.1890562055836179,0.2062421880497341,0.1727910907274149
All Population,Prevalence,New York,Both,60-64 years,Diabetes mellitus type 2,Percent,2010,0.234207462889889,0.2531750689194587,0.2172319835475326
All Population,Prevalence,New York,Both,65-69 years,Diabetes mellitus type 2,Percent,2010,0.2682376837647339,0.2870432167989583,0.2494183712156414
All Population,Prevalence,New York,Both,70-74 years,Diabetes mellitus type 2,Percent,2010,0.2897454337706592,0.3108298570379537,0.2704420733596812
All Population,Prevalence,New York,Both,75-79 years,Diabetes mellitus type 2,Percent,2010,0.2958569344040264,0.3170016156078545,0.2742220256694037
All Population,Prevalence,New York,Both,80+ years,Diabetes mellitus type 2,Percent,2010,0.2751524249802001,0.2967970676658253,0.2523038983804725
All Population,Prevalence,New York,Both,<5 years,Chronic kidney disease,Percent,2011,0.0004651414289354,0.0005853112903526,0.0003742735505981
All Population,Prevalence,New York,Both,5-9 years,Chronic kidney disease,Percent,2011,0.0024653323058191,0.0033952844356932,0.0017407014632639
All Population,Prevalence,New York,Both,10-14 years,Chronic kidney disease,Percent,2011,0.0125910274294376,0.0160696201435851,0.0097422266718724
All Population,Prevalence,New York,Both,15-19 years,Chronic kidney disease,Percent,2011,0.031735655434776,0.0411724903051608,0.0238671207377605
All Population,Prevalence,New York,Both,20-24 years,Chronic kidney disease,Percent,2011,0.0453877893678843,0.0575605897202164,0.0357229746208496
All Population,Prevalence,New York,Both,25-29 years,Chronic kidney disease,Percent,2011,0.0496724166407527,0.0626134523555895,0.0385877200604705
All Population,Prevalence,New York,Both,30-34 years,Chronic kidney disease,Percent,2011,0.056869700837719,0.073413110575165,0.0440112019998524
All Population,Prevalence,New York,Both,35-39 years,Chronic kidney disease,Percent,2011,0.0644662599619226,0.0804147892649049,0.0505300452802244
All Population,Prevalence,New York,Both,40-44 years,Chronic kidney disease,Percent,2011,0.0681223565507699,0.085581187277209,0.054231772474725
All Population,Prevalence,New York,Both,45-49 years,Chronic kidney disease,Percent,2011,0.0759276235195299,0.091106775858017,0.0611828302776067
All Population,Prevalence,New York,Both,50-54 years,Chronic kidney disease,Percent,2011,0.0935978627664222,0.1130839417172478,0.0753330234645929
All Population,Prevalence,New York,Both,55-59 years,Chronic kidney disease,Percent,2011,0.1169761598831687,0.1405752150893996,0.0960802407077129
All Population,Prevalence,New York,Both,60-64 years,Chronic kidney disease,Percent,2011,0.1548253505201107,0.1851810659385723,0.1280324912126091
All Population,Prevalence,New York,Both,65-69 years,Chronic kidney disease,Percent,2011,0.2281373145225934,0.2667665506821532,0.1900663783313588
All Population,Prevalence,New York,Both,70-74 years,Chronic kidney disease,Percent,2011,0.3212696291674428,0.3656273828837815,0.2756927000644132
All Population,Prevalence,New York,Both,75-79 years,Chronic kidney disease,Percent,2011,0.4255910953508854,0.4791574540915345,0.3724541100254219
All Population,Prevalence,New York,Both,80+ years,Chronic kidney disease,Percent,2011,0.5996429393026311,0.6559114385376325,0.5554682076910075
All Population,Prevalence,New York,Both,<5 years,HIV/AIDS,Percent,2011,0.0001218856751859,0.0002172623847914,5.96255211865e-05
All Population,Prevalence,New York,Both,5-9 years,HIV/AIDS,Percent,2011,0.000127210310264,0.0001937284530785,7.83421123977e-05
All Population,Prevalence,New York,Both,10-14 years,HIV/AIDS,Percent,2011,0.0001320504093799,0.0001998847421511,8.31660396554e-05
All Population,Prevalence,New York,Both,15-19 years,HIV/AIDS,Percent,2011,0.0006050497765233,0.0008814336008852,0.0003930388737408
All Population,Prevalence,New York,Both,20-24 years,HIV/AIDS,Percent,2011,0.0018895565073203,0.0028132119103035,0.001214624232522
All Population,Prevalence,New York,Both,25-29 years,HIV/AIDS,Percent,2011,0.0032711428024436,0.0048236390206453,0.0019419726647192
All Population,Prevalence,New York,Both,30-34 years,HIV/AIDS,Percent,2011,0.0051517363120981,0.0077795216575503,0.0028441431982812
All Population,Prevalence,New York,Both,35-39 years,HIV/AIDS,Percent,2011,0.0081574639894439,0.0125915189191236,0.004686598746279
All Population,Prevalence,New York,Both,40-44 years,HIV/AIDS,Percent,2011,0.0130521080704193,0.0199559396613398,0.0074579324350667
All Population,Prevalence,New York,Both,45-49 years,HIV/AIDS,Percent,2011,0.0186522837224961,0.0286717388111868,0.0103072703163121
All Population,Prevalence,New York,Both,50-54 years,HIV/AIDS,Percent,2011,0.0215575565217624,0.0330382457757012,0.0114388898784755
All Population,Prevalence,New York,Both,55-59 years,HIV/AIDS,Percent,2011,0.0207496918800097,0.0321028810916528,0.0111101523292935
All Population,Prevalence,New York,Both,60-64 years,HIV/AIDS,Percent,2011,0.0148010831536189,0.0234357866737057,0.0079557496269596
All Population,Prevalence,New York,Both,65-69 years,HIV/AIDS,Percent,2011,0.0090002662244249,0.0144904586130266,0.0049154560123577
All Population,Prevalence,New York,Both,70-74 years,HIV/AIDS,Percent,2011,0.0053678346989692,0.0083674622258699,0.0030258901305192
All Population,Prevalence,New York,Both,75-79 years,HIV/AIDS,Percent,2011,0.0034971046019918,0.0056111328168465,0.0019700361579738
All Population,Prevalence,New York,Both,80+ years,HIV/AIDS,Percent,2011,0.0014728243195562,0.0025499517061202,0.0007815743405521
All Population,Prevalence,New York,Both,<5 years,Alcohol use disorders,Percent,2011,0.0007126325959009,0.0011323404809431,0.000347437149986
All Population,Prevalence,New York,Both,5-9 years,Alcohol use disorders,Percent,2011,0.000578865384778,0.0008751178944747,0.0003089907175903
All Population,Prevalence,New York,Both,10-14 years,Alcohol use disorders,Percent,2011,0.0027378678229962,0.0040685414361587,0.0017704272404574
All Population,Prevalence,New York,Both,15-19 years,Alcohol use disorders,Percent,2011,0.0233366829604537,0.0310154191962012,0.0170686164505021
All Population,Prevalence,New York,Both,20-24 years,Alcohol use disorders,Percent,2011,0.0531941577840257,0.0707647505731058,0.0390073783417789
All Population,Prevalence,New York,Both,25-29 years,Alcohol use disorders,Percent,2011,0.0498177460982326,0.0641135369989235,0.038663439678755
All Population,Prevalence,New York,Both,30-34 years,Alcohol use disorders,Percent,2011,0.0414943848749996,0.0547136394045345,0.0293068699541465
All Population,Prevalence,New York,Both,35-39 years,Alcohol use disorders,Percent,2011,0.0362178604830181,0.0459445090755624,0.0265117994450036
All Population,Prevalence,New York,Both,40-44 years,Alcohol use disorders,Percent,2011,0.0322695032402197,0.0434435136278766,0.0235150384144621
All Population,Prevalence,New York,Both,45-49 years,Alcohol use disorders,Percent,2011,0.0303433325896067,0.0382007772366159,0.0237837330094861
All Population,Prevalence,New York,Both,50-54 years,Alcohol use disorders,Percent,2011,0.0283248036500221,0.0376520890290386,0.0207752910421143
All Population,Prevalence,New York,Both,55-59 years,Alcohol use disorders,Percent,2011,0.0247728020803846,0.0309538511475747,0.0192955125951498
All Population,Prevalence,New York,Both,60-64 years,Alcohol use disorders,Percent,2011,0.0206814044313597,0.0274144016836142,0.0148795015120586
All Population,Prevalence,New York,Both,65-69 years,Alcohol use disorders,Percent,2011,0.0166689418608538,0.0216409953412538,0.012692169059984
All Population,Prevalence,New York,Both,70-74 years,Alcohol use disorders,Percent,2011,0.0131704836699837,0.0171306047511018,0.0097465499657076
All Population,Prevalence,New York,Both,75-79 years,Alcohol use disorders,Percent,2011,0.0114456905775443,0.0147677828494785,0.0084804039229623
All Population,Prevalence,New York,Both,80+ years,Alcohol use disorders,Percent,2011,0.0124301583821359,0.0158927230932454,0.0095799416421248
All Population,Prevalence,New York,Both,<5 years,Drug use disorders,Percent,2011,0.0,0.0,0.0
All Population,Prevalence,New York,Both,5-9 years,Drug use disorders,Percent,2011,0.0,0.0,0.0
All Population,Prevalence,New York,Both,10-14 years,Drug use disorders,Percent,2011,0.0052065660356732,0.009890367966738,0.0020052245758144
All Population,Prevalence,New York,Both,15-19 years,Drug use disorders,Percent,2011,0.0601106118199324,0.0952190972311454,0.0352226420823622
All Population,Prevalence,New York,Both,20-24 years,Drug use disorders,Percent,2011,0.0711500304906732,0.0880512614589059,0.0573181739947345
All Population,Prevalence,New York,Both,25-29 years,Drug use disorders,Percent,2011,0.0618253025871465,0.0725539206910288,0.053132692311088
All Population,Prevalence,New York,Both,30-34 years,Drug use disorders,Percent,2011,0.0499811574523398,0.0573221511571538,0.0439118038609591
All Population,Prevalence,New York,Both,35-39 years,Drug use disorders,Percent,2011,0.0405260770530196,0.0475012226302701,0.0351078691117423
All Population,Prevalence,New York,Both,40-44 years,Drug use disorders,Percent,2011,0.0324360354673743,0.0374186047891551,0.0278874371956353
All Population,Prevalence,New York,Both,45-49 years,Drug use disorders,Percent,2011,0.0253997718050035,0.029823518552888,0.0219980285390106
All Population,Prevalence,New York,Both,50-54 years,Drug use disorders,Percent,2011,0.0196626616964619,0.0225573169058135,0.0168289273328923
All Population,Prevalence,New York,Both,55-59 years,Drug use disorders,Percent,2011,0.0138150832106128,0.0156962349284367,0.0118908750160643
All Population,Prevalence,New York,Both,60-64 years,Drug use disorders,Percent,2011,0.0086862190028343,0.0099871811856457,0.0073066023369723
All Population,Prevalence,New York,Both,65-69 years,Drug use disorders,Percent,2011,0.0056060453060685,0.0065616000222814,0.004691781966032
All Population,Prevalence,New York,Both,70-74 years,Drug use disorders,Percent,2011,0.0038108132994955,0.0044935392614392,0.0031923293227795
All Population,Prevalence,New York,Both,75-79 years,Drug use disorders,Percent,2011,0.0029189177377847,0.0034344441862956,0.0024727397698625
All Population,Prevalence,New York,Both,80+ years,Drug use disorders,Percent,2011,0.0023748431520146,0.0028717895173418,0.0020090407116241
All Population,Prevalence,New York,Both,<5 years,Depressive disorders,Percent,2011,7.0737226734e-06,1.34017955692e-05,2.6500679058e-06
All Population,Prevalence,New York,Both,5-9 years,Depressive disorders,Percent,2011,0.0086071840486924,0.0117472015434047,0.005786456584953
All Population,Prevalence,New York,Both,10-14 years,Depressive disorders,Percent,2011,0.0374371424062223,0.0459851078368136,0.0289915709842073
All Population,Prevalence,New York,Both,15-19 years,Depressive disorders,Percent,2011,0.0550297504235266,0.0670091017167526,0.0433336960118205
All Population,Prevalence,New York,Both,20-24 years,Depressive disorders,Percent,2011,0.0530138170403693,0.0625780033908344,0.0441224201086283
All Population,Prevalence,New York,Both,25-29 years,Depressive disorders,Percent,2011,0.0545456996609126,0.0637756612797468,0.0462980107272151
All Population,Prevalence,New York,Both,30-34 years,Depressive disorders,Percent,2011,0.0542541133247142,0.06360423378719,0.0470650158844863
All Population,Prevalence,New York,Both,35-39 years,Depressive disorders,Percent,2011,0.0544307355763155,0.0628932595988497,0.0476146095220127
All Population,Prevalence,New York,Both,40-44 years,Depressive disorders,Percent,2011,0.0534340479504876,0.0628670104854327,0.0452765477914575
All Population,Prevalence,New York,Both,45-49 years,Depressive disorders,Percent,2011,0.0511308759012107,0.0594059064752311,0.0433859819007511
All Population,Prevalence,New York,Both,50-54 years,Depressive disorders,Percent,2011,0.0486928151311659,0.0569311949684107,0.0410260631941763
All Population,Prevalence,New York,Both,55-59 years,Depressive disorders,Percent,2011,0.0446520910122071,0.0515603146501769,0.0381924860979029
All Population,Prevalence,New York,Both,60-64 years,Depressive disorders,Percent,2011,0.0416859788245575,0.0489662504294894,0.0344960512414896
All Population,Prevalence,New York,Both,65-69 years,Depressive disorders,Percent,2011,0.0401193697517681,0.0474037652803659,0.0337801782057907
All Population,Prevalence,New York,Both,70-74 years,Depressive disorders,Percent,2011,0.038282680718127,0.0455813924028542,0.0319742715341727
All Population,Prevalence,New York,Both,75-79 years,Depressive disorders,Percent,2011,0.0378201596167455,0.044450744958054,0.031201633503379
All Population,Prevalence,New York,Both,80+ years,Depressive disorders,Percent,2011,0.037998680993781,0.0459633036547924,0.0314038660226237
All Population,Prevalence,New York,Both,<5 years,Anxiety disorders,Percent,2011,0.0014770089968998,0.0033705006262044,0.0004938145680512
All Population,Prevalence,New York,Both,5-9 years,Anxiety disorders,Percent,2011,0.0209381168710709,0.0453795914159705,0.0090598615722289
All Population,Prevalence,New York,Both,10-14 years,Anxiety disorders,Percent,2011,0.0290576838123236,0.0425585561370214,0.0176511555192199
All Population,Prevalence,New York,Both,15-19 years,Anxiety disorders,Percent,2011,0.0593367543821701,0.0833149847428469,0.0400957605393338
All Population,Prevalence,New York,Both,20-24 years,Anxiety disorders,Percent,2011,0.0673578217184846,0.0829996221558784,0.0512189989968231
All Population,Prevalence,New York,Both,25-29 years,Anxiety disorders,Percent,2011,0.069984182001165,0.0847373893874318,0.0555257665441258
All Population,Prevalence,New York,Both,30-34 years,Anxiety disorders,Percent,2011,0.0712137678589505,0.0887372807130959,0.0579511713982792
All Population,Prevalence,New York,Both,35-39 years,Anxiety disorders,Percent,2011,0.0727151356899168,0.0847467072221897,0.0614061610426605
All Population,Prevalence,New York,Both,40-44 years,Anxiety disorders,Percent,2011,0.0729445521600345,0.0864983961057754,0.0615447765342469
All Population,Prevalence,New York,Both,45-49 years,Anxiety disorders,Percent,2011,0.0738601710038407,0.086017169361755,0.0640084621889375
All Population,Prevalence,New York,Both,50-54 years,Anxiety disorders,Percent,2011,0.0752593512800033,0.0902359562728083,0.0626573091525669
All Population,Prevalence,New York,Both,55-59 years,Anxiety disorders,Percent,2011,0.0746754701737595,0.0883627425015192,0.062673943709522
All Population,Prevalence,New York,Both,60-64 years,Anxiety disorders,Percent,2011,0.0694950018009276,0.0867335710132167,0.0569136873205473
All Population,Prevalence,New York,Both,65-69 years,Anxiety disorders,Percent,2011,0.0616305641445315,0.0754025070196838,0.0514802404851701
All Population,Prevalence,New York,Both,70-74 years,Anxiety disorders,Percent,2011,0.0553337040684647,0.0746314936179207,0.045396660324407
All Population,Prevalence,New York,Both,75-79 years,Anxiety disorders,Percent,2011,0.0511423057253203,0.0665630223151886,0.0397993021883429
All Population,Prevalence,New York,Both,80+ years,Anxiety disorders,Percent,2011,0.0484807467430711,0.0608775121448245,0.0381670888489465
All Population,Prevalence,New York,Both,<5 years,Diabetes mellitus type 1,Percent,2011,0.000597060359815,0.000724447271843,0.0004942974032503
All Population,Prevalence,New York,Both,5-9 years,Diabetes mellitus type 1,Percent,2011,0.0028896332780915,0.0033443780666941,0.0025261901358433
All Population,Prevalence,New York,Both,10-14 years,Diabetes mellitus type 1,Percent,2011,0.0048075188995477,0.0052772264502012,0.0043684416006865
All Population,Prevalence,New York,Both,15-19 years,Diabetes mellitus type 1,Percent,2011,0.0046649631106519,0.0055595557456573,0.0038422844321032
All Population,Prevalence,New York,Both,20-24 years,Diabetes mellitus type 1,Percent,2011,0.0043436901082774,0.0052819646499704,0.0034447103644099
All Population,Prevalence,New York,Both,25-29 years,Diabetes mellitus type 1,Percent,2011,0.0042779151134341,0.0055205847773333,0.0034584703720352
All Population,Prevalence,New York,Both,30-34 years,Diabetes mellitus type 1,Percent,2011,0.0044509864370154,0.0055172518083814,0.0036325577559229
All Population,Prevalence,New York,Both,35-39 years,Diabetes mellitus type 1,Percent,2011,0.0047622912984539,0.0058531231089323,0.0039246308839418
All Population,Prevalence,New York,Both,40-44 years,Diabetes mellitus type 1,Percent,2011,0.0049892772687058,0.0062722500403804,0.0040302637840731
All Population,Prevalence,New York,Both,45-49 years,Diabetes mellitus type 1,Percent,2011,0.0050696641932955,0.0063241979395748,0.0041041125988549
All Population,Prevalence,New York,Both,50-54 years,Diabetes mellitus type 1,Percent,2011,0.0050117979468523,0.0060929618946911,0.0040602125127477
All Population,Prevalence,New York,Both,55-59 years,Diabetes mellitus type 1,Percent,2011,0.0048052778081187,0.00562362368877,0.003872182160112
All Population,Prevalence,New York,Both,60-64 years,Diabetes mellitus type 1,Percent,2011,0.0044847421089934,0.0055029611214414,0.0035729913323101
All Population,Prevalence,New York,Both,65-69 years,Diabetes mellitus type 1,Percent,2011,0.0040933093385697,0.0052430288627365,0.0031175587516125
All Population,Prevalence,New York,Both,70-74 years,Diabetes mellitus type 1,Percent,2011,0.0036489363698546,0.0047237542633654,0.0027213412694219
All Population,Prevalence,New York,Both,75-79 years,Diabetes mellitus type 1,Percent,2011,0.003152391333131,0.0040685451453717,0.0022223062015286
All Population,Prevalence,New York,Both,80+ years,Diabetes mellitus type 1,Percent,2011,0.0023281225001044,0.0032792650308057,0.0015440074904431
All Population,Prevalence,New York,Both,<5 years,Diabetes mellitus type 2,Percent,2011,0.0,0.0,0.0
All Population,Prevalence,New York,Both,5-9 years,Diabetes mellitus type 2,Percent,2011,0.0,0.0,0.0
All Population,Prevalence,New York,Both,10-14 years,Diabetes mellitus type 2,Percent,2011,0.0,0.0,0.0
All Population,Prevalence,New York,Both,15-19 years,Diabetes mellitus type 2,Percent,2011,0.0045556348658425,0.0060290920312873,0.0031363309473593
All Population,Prevalence,New York,Both,20-24 years,Diabetes mellitus type 2,Percent,2011,0.0077347724573293,0.0095417728584354,0.0060468498203398
All Population,Prevalence,New York,Both,25-29 years,Diabetes mellitus type 2,Percent,2011,0.0115758307791156,0.0136690727348422,0.0097289905810035
All Population,Prevalence,New York,Both,30-34 years,Diabetes mellitus type 2,Percent,2011,0.0201636571652953,0.0229004823590067,0.0172246173935811
All Population,Prevalence,New York,Both,35-39 years,Diabetes mellitus type 2,Percent,2011,0.0365441388385705,0.0402818210021681,0.0327855198990487
All Population,Prevalence,New York,Both,40-44 years,Diabetes mellitus type 2,Percent,2011,0.0617927936187935,0.0685784473652678,0.0554721245449278
All Population,Prevalence,New York,Both,45-49 years,Diabetes mellitus type 2,Percent,2011,0.0981402534838168,0.1056647730412554,0.0904839835307518
All Population,Prevalence,New York,Both,50-54 years,Diabetes mellitus type 2,Percent,2011,0.1433459320486063,0.1576439675162086,0.1289605911001188
All Population,Prevalence,New York,Both,55-59 years,Diabetes mellitus type 2,Percent,2011,0.191383503406062,0.208495883122806,0.1752120941058612
All Population,Prevalence,New York,Both,60-64 years,Diabetes mellitus type 2,Percent,2011,0.2373596799151245,0.2555735292521074,0.2205069478592643
All Population,Prevalence,New York,Both,65-69 years,Diabetes mellitus type 2,Percent,2011,0.272190661786923,0.2912129647344574,0.2538926907667398
All Population,Prevalence,New York,Both,70-74 years,Diabetes mellitus type 2,Percent,2011,0.2945194742127681,0.3154519630094641,0.2760409597733526
All Population,Prevalence,New York,Both,75-79 years,Diabetes mellitus type 2,Percent,2011,0.3009006636650521,0.3228214433537048,0.2789479979032338
All Population,Prevalence,New York,Both,80+ years,Diabetes mellitus type 2,Percent,2011,0.279675817769616,0.3020833900289022,0.2574147800772388
All Population,Prevalence,New York,Both,<5 years,Chronic kidney disease,Percent,2012,0.000471464151945,0.0005912691481333,0.0003792433393497
All Population,Prevalence,New York,Both,5-9 years,Chronic kidney disease,Percent,2012,0.0024696510722173,0.0034230141903335,0.0017495458953947
All Population,Prevalence,New York,Both,10-14 years,Chronic kidney disease,Percent,2012,0.0125625823328251,0.0160640996509134,0.0097255205953258
All Population,Prevalence,New York,Both,15-19 years,Chronic kidney disease,Percent,2012,0.0316333391149701,0.0411970220269737,0.0238575817237839
All Population,Prevalence,New York,Both,20-24 years,Chronic kidney disease,Percent,2012,0.0453302357167892,0.0577098554178207,0.0358314858028738
All Population,Prevalence,New York,Both,25-29 years,Chronic kidney disease,Percent,2012,0.0496287520418722,0.0624908853952589,0.0386117017311968
All Population,Prevalence,New York,Both,30-34 years,Chronic kidney disease,Percent,2012,0.0568055581627362,0.0731226135181155,0.0438325912183886
All Population,Prevalence,New York,Both,35-39 years,Chronic kidney disease,Percent,2012,0.0643866896697741,0.0802878368678105,0.050392163401846
All Population,Prevalence,New York,Both,40-44 years,Chronic kidney disease,Percent,2012,0.0680603630270791,0.0847380905362688,0.0544108905825866
All Population,Prevalence,New York,Both,45-49 years,Chronic kidney disease,Percent,2012,0.0760221186771249,0.0913723273819155,0.0613119142819602
All Population,Prevalence,New York,Both,50-54 years,Chronic kidney disease,Percent,2012,0.0938022311635853,0.1128177087485729,0.0756508146732599
All Population,Prevalence,New York,Both,55-59 years,Chronic kidney disease,Percent,2012,0.1172804086337659,0.1408849812138053,0.0962849001630669
All Population,Prevalence,New York,Both,60-64 years,Chronic kidney disease,Percent,2012,0.1554859360955581,0.1861568482590413,0.1287573423210305
All Population,Prevalence,New York,Both,65-69 years,Chronic kidney disease,Percent,2012,0.2294319336037897,0.2680147113387823,0.1903700765039818
All Population,Prevalence,New York,Both,70-74 years,Chronic kidney disease,Percent,2012,0.3228838429923896,0.367417657454669,0.2786259162131047
All Population,Prevalence,New York,Both,75-79 years,Chronic kidney disease,Percent,2012,0.4275605435247037,0.4822797512338455,0.3762481498027827
All Population,Prevalence,New York,Both,80+ years,Chronic kidney disease,Percent,2012,0.6021750671995264,0.6594257651718203,0.5599184037263119
All Population,Prevalence,New York,Both,<5 years,HIV/AIDS,Percent,2012,0.0001256302713354,0.0002242555246747,5.53526477262e-05
All Population,Prevalence,New York,Both,5-9 years,HIV/AIDS,Percent,2012,0.0001172783607791,0.000183081183976,7.2151954275e-05
All Population,Prevalence,New York,Both,10-14 years,HIV/AIDS,Percent,2012,0.0001263184501197,0.0001931128537304,7.7582905502e-05
All Population,Prevalence,New York,Both,15-19 years,HIV/AIDS,Percent,2012,0.0006023408152995,0.0008856856903475,0.0003978205764617
All Population,Prevalence,New York,Both,20-24 years,HIV/AIDS,Percent,2012,0.0019907766913878,0.002894308969144,0.0012912201281836
All Population,Prevalence,New York,Both,25-29 years,HIV/AIDS,Percent,2012,0.0033755493586168,0.0050512604510986,0.0019810373276319
All Population,Prevalence,New York,Both,30-34 years,HIV/AIDS,Percent,2012,0.0050570677892513,0.0079357078043923,0.002806054200233
All Population,Prevalence,New York,Both,35-39 years,HIV/AIDS,Percent,2012,0.0077354103214208,0.0122540844393818,0.0043697101459477
All Population,Prevalence,New York,Both,40-44 years,HIV/AIDS,Percent,2012,0.0122493519103371,0.0189351991244113,0.0068960122917006
All Population,Prevalence,New York,Both,45-49 years,HIV/AIDS,Percent,2012,0.0176589149232187,0.0270269127109105,0.009767744174348
All Population,Prevalence,New York,Both,50-54 years,HIV/AIDS,Percent,2012,0.0211485969216083,0.0333569436265684,0.0111477372896267
All Population,Prevalence,New York,Both,55-59 years,HIV/AIDS,Percent,2012,0.0212635675407136,0.0328507852580949,0.0112400597399147
All Population,Prevalence,New York,Both,60-64 years,HIV/AIDS,Percent,2012,0.0160341474930509,0.0254585605072966,0.0085409696103594
All Population,Prevalence,New York,Both,65-69 years,HIV/AIDS,Percent,2012,0.0099787654849196,0.0162060373253073,0.0053600846136059
All Population,Prevalence,New York,Both,70-74 years,HIV/AIDS,Percent,2012,0.0058597502195289,0.0092258382163431,0.003222879625604
All Population,Prevalence,New York,Both,75-79 years,HIV/AIDS,Percent,2012,0.0037791923645607,0.0060128475388067,0.0021506588305312
All Population,Prevalence,New York,Both,80+ years,HIV/AIDS,Percent,2012,0.0016215483033238,0.0027901727598253,0.0008422071444322
All Population,Prevalence,New York,Both,<5 years,Alcohol use disorders,Percent,2012,0.000728729239892,0.0011662008010882,0.0003542603514972
All Population,Prevalence,New York,Both,5-9 years,Alcohol use disorders,Percent,2012,0.0005915900488932,0.0009081135169844,0.0003177484010167
All Population,Prevalence,New York,Both,10-14 years,Alcohol use disorders,Percent,2012,0.0026512380732167,0.0038788931588273,0.0017286793173244
All Population,Prevalence,New York,Both,15-19 years,Alcohol use disorders,Percent,2012,0.0226244694281802,0.0301836719185242,0.0164936464217161
All Population,Prevalence,New York,Both,20-24 years,Alcohol use disorders,Percent,2012,0.0522106919016438,0.0689905361567677,0.037998087746292
All Population,Prevalence,New York,Both,25-29 years,Alcohol use disorders,Percent,2012,0.0497548660487845,0.0639550330122827,0.0385446296179657
All Population,Prevalence,New York,Both,30-34 years,Alcohol use disorders,Percent,2012,0.0422493966034555,0.055244744504605,0.0301429643209871
All Population,Prevalence,New York,Both,35-39 years,Alcohol use disorders,Percent,2012,0.0366651770723525,0.0465373186797753,0.0268160162866094
All Population,Prevalence,New York,Both,40-44 years,Alcohol use disorders,Percent,2012,0.0324220630630727,0.0438317370535466,0.0235149599238569
All Population,Prevalence,New York,Both,45-49 years,Alcohol use disorders,Percent,2012,0.0305346827304365,0.03855744041469,0.0241786019046654
All Population,Prevalence,New York,Both,50-54 years,Alcohol use disorders,Percent,2012,0.0286188076377154,0.038105263030751,0.0213320376328866
All Population,Prevalence,New York,Both,55-59 years,Alcohol use disorders,Percent,2012,0.0250833408106512,0.0312397426176265,0.0195555787541188
All Population,Prevalence,New York,Both,60-64 years,Alcohol use disorders,Percent,2012,0.0210203816221975,0.027996495801502,0.0151770682233071
All Population,Prevalence,New York,Both,65-69 years,Alcohol use disorders,Percent,2012,0.0170310078806357,0.0219820007290317,0.0128922088233152
All Population,Prevalence,New York,Both,70-74 years,Alcohol use disorders,Percent,2012,0.0135321650470214,0.0175364343184848,0.0099552048646203
All Population,Prevalence,New York,Both,75-79 years,Alcohol use disorders,Percent,2012,0.0118242716013273,0.0151790718136505,0.0086776502744223
All Population,Prevalence,New York,Both,80+ years,Alcohol use disorders,Percent,2012,0.0127035294967585,0.0161469563732553,0.0098361356662247
All Population,Prevalence,New York,Both,<5 years,Drug use disorders,Percent,2012,0.0,0.0,0.0
All Population,Prevalence,New York,Both,5-9 years,Drug use disorders,Percent,2012,0.0,0.0,0.0
All Population,Prevalence,New York,Both,10-14 years,Drug use disorders,Percent,2012,0.0051223994178957,0.0095209631211663,0.001935693492316
All Population,Prevalence,New York,Both,15-19 years,Drug use disorders,Percent,2012,0.0596905354416768,0.0939843981619969,0.0353184013936822
All Population,Prevalence,New York,Both,20-24 years,Drug use disorders,Percent,2012,0.0726639999501786,0.0896807331077611,0.0588340349852922
All Population,Prevalence,New York,Both,25-29 years,Drug use disorders,Percent,2012,0.0637621398412584,0.0743208420117917,0.0549208628635026
All Population,Prevalence,New York,Both,30-34 years,Drug use disorders,Percent,2012,0.051260114025832,0.0589031199381409,0.0447932406801427
All Population,Prevalence,New York,Both,35-39 years,Drug use disorders,Percent,2012,0.0414117480624247,0.0484930242300003,0.0360308101004808
All Population,Prevalence,New York,Both,40-44 years,Drug use disorders,Percent,2012,0.033362440996133,0.0383446037153767,0.0286873474226025
All Population,Prevalence,New York,Both,45-49 years,Drug use disorders,Percent,2012,0.0263664992360041,0.0308877805153175,0.02291180391045
All Population,Prevalence,New York,Both,50-54 years,Drug use disorders,Percent,2012,0.0205631864112626,0.0235270553412147,0.0175953930149341
All Population,Prevalence,New York,Both,55-59 years,Drug use disorders,Percent,2012,0.0144574732741401,0.0164317782572351,0.0124028956595146
All Population,Prevalence,New York,Both,60-64 years,Drug use disorders,Percent,2012,0.0090423573137247,0.0103998425993538,0.0076155497531363
All Population,Prevalence,New York,Both,65-69 years,Drug use disorders,Percent,2012,0.0057387535781075,0.0067281568968984,0.0047765409999651
All Population,Prevalence,New York,Both,70-74 years,Drug use disorders,Percent,2012,0.0038144031848185,0.0045027276289527,0.0032019867522837
All Population,Prevalence,New York,Both,75-79 years,Drug use disorders,Percent,2012,0.0028975172079159,0.0033675371679076,0.0024600965529034
All Population,Prevalence,New York,Both,80+ years,Drug use disorders,Percent,2012,0.0023537728440722,0.00284853005575,0.001992442838979
All Population,Prevalence,New York,Both,<5 years,Depressive disorders,Percent,2012,7.0428027751e-06,1.32417516397e-05,2.5572178359e-06
All Population,Prevalence,New York,Both,5-9 years,Depressive disorders,Percent,2012,0.0085918169254879,0.0118748242355861,0.0058633826676488
All Population,Prevalence,New York,Both,10-14 years,Depressive disorders,Percent,2012,0.0372372806807073,0.0457085369801607,0.0289444797541579
All Population,Prevalence,New York,Both,15-19 years,Depressive disorders,Percent,2012,0.0550372983547294,0.0670952852484498,0.0428114344935516
All Population,Prevalence,New York,Both,20-24 years,Depressive disorders,Percent,2012,0.0531372107570144,0.0629295027787297,0.0442204061966779
All Population,Prevalence,New York,Both,25-29 years,Depressive disorders,Percent,2012,0.0547427920964527,0.0634945775673757,0.0463139117269727
All Population,Prevalence,New York,Both,30-34 years,Depressive disorders,Percent,2012,0.0545098333035508,0.0641452520520937,0.0473244643291526
All Population,Prevalence,New York,Both,35-39 years,Depressive disorders,Percent,2012,0.0548474118838938,0.0636646292963822,0.0478889640875078
All Population,Prevalence,New York,Both,40-44 years,Depressive disorders,Percent,2012,0.0539509420431348,0.0632283396209254,0.0456243212121051
All Population,Prevalence,New York,Both,45-49 years,Depressive disorders,Percent,2012,0.051641669511238,0.0599512401924489,0.0438968164121664
All Population,Prevalence,New York,Both,50-54 years,Depressive disorders,Percent,2012,0.0491818951421785,0.0575615843058162,0.0418462605811485
All Population,Prevalence,New York,Both,55-59 years,Depressive disorders,Percent,2012,0.0451021597277477,0.0521007142382133,0.0384967441512774
All Population,Prevalence,New York,Both,60-64 years,Depressive disorders,Percent,2012,0.042057695532485,0.0491664949870274,0.0349223955618357
All Population,Prevalence,New York,Both,65-69 years,Depressive disorders,Percent,2012,0.0404127860221345,0.0477122514918172,0.0342503922029221
All Population,Prevalence,New York,Both,70-74 years,Depressive disorders,Percent,2012,0.0385773830841539,0.0461487951144011,0.0320171456129341
All Population,Prevalence,New York,Both,75-79 years,Depressive disorders,Percent,2012,0.0380789106991873,0.0448420873430603,0.031823764182208
All Population,Prevalence,New York,Both,80+ years,Depressive disorders,Percent,2012,0.0381918538982641,0.0462545047045291,0.0315305279283932
All Population,Prevalence,New York,Both,<5 years,Anxiety disorders,Percent,2012,0.0015156571452824,0.0034740176201742,0.0004928302468422
All Population,Prevalence,New York,Both,5-9 years,Anxiety disorders,Percent,2012,0.0217326993057191,0.0469851045218264,0.0091863942141623
All Population,Prevalence,New York,Both,10-14 years,Anxiety disorders,Percent,2012,0.0297653855894187,0.0432697027096123,0.0175956693059664
All Population,Prevalence,New York,Both,15-19 years,Anxiety disorders,Percent,2012,0.0587388753174488,0.0846513792684588,0.0372012735165807
All Population,Prevalence,New York,Both,20-24 years,Anxiety disorders,Percent,2012,0.0652875732470224,0.082259169905861,0.0486271822954909
All Population,Prevalence,New York,Both,25-29 years,Anxiety disorders,Percent,2012,0.0678018826105757,0.0842185719938442,0.052377669699106
All Population,Prevalence,New York,Both,30-34 years,Anxiety disorders,Percent,2012,0.0681721133036441,0.086361121861175,0.0538790621944911
All Population,Prevalence,New York,Both,35-39 years,Anxiety disorders,Percent,2012,0.0692572800281162,0.0826686280371706,0.0586204515622035
All Population,Prevalence,New York,Both,40-44 years,Anxiety disorders,Percent,2012,0.069632228855244,0.0845179167207335,0.0574145413540628
All Population,Prevalence,New York,Both,45-49 years,Anxiety disorders,Percent,2012,0.0706216040367995,0.0831224093738142,0.0600073369361878
All Population,Prevalence,New York,Both,50-54 years,Anxiety disorders,Percent,2012,0.0719848275261199,0.0879017540277377,0.0588222280707199
All Population,Prevalence,New York,Both,55-59 years,Anxiety disorders,Percent,2012,0.0722265904026072,0.0867533859783594,0.0596679955751443
All Population,Prevalence,New York,Both,60-64 years,Anxiety disorders,Percent,2012,0.068513395565483,0.0855101074058332,0.0553819160357648
All Population,Prevalence,New York,Both,65-69 years,Anxiety disorders,Percent,2012,0.0613791526903528,0.0765066953983468,0.0504538528965253
All Population,Prevalence,New York,Both,70-74 years,Anxiety disorders,Percent,2012,0.0552655576228344,0.0751381014194299,0.044144514223422
All Population,Prevalence,New York,Both,75-79 years,Anxiety disorders,Percent,2012,0.0511623587467484,0.0672570291828739,0.0390816601489606
All Population,Prevalence,New York,Both,80+ years,Anxiety disorders,Percent,2012,0.0485444071795105,0.061119426374893,0.0377370892477003
All Population,Prevalence,New York,Both,<5 years,Diabetes mellitus type 1,Percent,2012,0.0005987512766318,0.0007048692979928,0.0005139122092473
All Population,Prevalence,New York,Both,5-9 years,Diabetes mellitus type 1,Percent,2012,0.0029065049810189,0.0032866244286188,0.0025610908576321
All Population,Prevalence,New York,Both,10-14 years,Diabetes mellitus type 1,Percent,2012,0.0048207438496813,0.0052414929489206,0.0044164244916097
All Population,Prevalence,New York,Both,15-19 years,Diabetes mellitus type 1,Percent,2012,0.0048887144569176,0.0056465415207902,0.0041860128921288
All Population,Prevalence,New York,Both,20-24 years,Diabetes mellitus type 1,Percent,2012,0.0044960458804129,0.0053875092596307,0.0035917324234729
All Population,Prevalence,New York,Both,25-29 years,Diabetes mellitus type 1,Percent,2012,0.0043648570980838,0.0055837123872796,0.0035857413955632
All Population,Prevalence,New York,Both,30-34 years,Diabetes mellitus type 1,Percent,2012,0.0044856088617439,0.0055298725022626,0.0036809841741523
All Population,Prevalence,New York,Both,35-39 years,Diabetes mellitus type 1,Percent,2012,0.0047659158912228,0.0058608828060065,0.0039139302211689
All Population,Prevalence,New York,Both,40-44 years,Diabetes mellitus type 1,Percent,2012,0.0049987739095031,0.0061842133191762,0.0040544917332523
All Population,Prevalence,New York,Both,45-49 years,Diabetes mellitus type 1,Percent,2012,0.0050805014529236,0.0063678237078536,0.0041212563264308
All Population,Prevalence,New York,Both,50-54 years,Diabetes mellitus type 1,Percent,2012,0.0050265120067827,0.0061250141394844,0.0040914310351216
All Population,Prevalence,New York,Both,55-59 years,Diabetes mellitus type 1,Percent,2012,0.004827569199593,0.0057020696978291,0.0038653407296069
All Population,Prevalence,New York,Both,60-64 years,Diabetes mellitus type 1,Percent,2012,0.004509012791033,0.0054543550272662,0.003613758123646
All Population,Prevalence,New York,Both,65-69 years,Diabetes mellitus type 1,Percent,2012,0.0041167887123536,0.0052522523497036,0.0031405113667125
All Population,Prevalence,New York,Both,70-74 years,Diabetes mellitus type 1,Percent,2012,0.0036732202750062,0.0047472814361248,0.0027446179710816
All Population,Prevalence,New York,Both,75-79 years,Diabetes mellitus type 1,Percent,2012,0.0031804715444501,0.0040994774683543,0.0022651016610996
All Population,Prevalence,New York,Both,80+ years,Diabetes mellitus type 1,Percent,2012,0.0023426606864634,0.0032477822143461,0.001541455626116
All Population,Prevalence,New York,Both,<5 years,Diabetes mellitus type 2,Percent,2012,0.0,0.0,0.0
All Population,Prevalence,New York,Both,5-9 years,Diabetes mellitus type 2,Percent,2012,0.0,0.0,0.0
All Population,Prevalence,New York,Both,10-14 years,Diabetes mellitus type 2,Percent,2012,0.0,0.0,0.0
All Population,Prevalence,New York,Both,15-19 years,Diabetes mellitus type 2,Percent,2012,0.0044973189101571,0.0058946942299825,0.003110404983885
All Population,Prevalence,New York,Both,20-24 years,Diabetes mellitus type 2,Percent,2012,0.0077784875863707,0.0095814632339405,0.0060584876177607
All Population,Prevalence,New York,Both,25-29 years,Diabetes mellitus type 2,Percent,2012,0.0117571285904268,0.0138504182766387,0.0098908569902642
All Population,Prevalence,New York,Both,30-34 years,Diabetes mellitus type 2,Percent,2012,0.0205776419783421,0.0233853957199017,0.0175758812367237
All Population,Prevalence,New York,Both,35-39 years,Diabetes mellitus type 2,Percent,2012,0.0373458412375177,0.0412133399169552,0.0335389896652988
All Population,Prevalence,New York,Both,40-44 years,Diabetes mellitus type 2,Percent,2012,0.0630339569944368,0.0701524898015469,0.056730429980532
All Population,Prevalence,New York,Both,45-49 years,Diabetes mellitus type 2,Percent,2012,0.0995728004781194,0.1073295969429357,0.0920293487293977
All Population,Prevalence,New York,Both,50-54 years,Diabetes mellitus type 2,Percent,2012,0.1448797177513311,0.1593189527648572,0.1306376932209887
All Population,Prevalence,New York,Both,55-59 years,Diabetes mellitus type 2,Percent,2012,0.1934729426825212,0.2104468695895522,0.1766626899866224
All Population,Prevalence,New York,Both,60-64 years,Diabetes mellitus type 2,Percent,2012,0.2404937164870673,0.2586595791405431,0.2234480862126221
All Population,Prevalence,New York,Both,65-69 years,Diabetes mellitus type 2,Percent,2012,0.2764315520439939,0.2959600871425907,0.2587101127810691
All Population,Prevalence,New York,Both,70-74 years,Diabetes mellitus type 2,Percent,2012,0.2995278214651126,0.3203739833037324,0.2802517985995882
All Population,Prevalence,New York,Both,75-79 years,Diabetes mellitus type 2,Percent,2012,0.306163169004133,0.3274998334789184,0.2833794470613918
All Population,Prevalence,New York,Both,80+ years,Diabetes mellitus type 2,Percent,2012,0.2845590734546519,0.3074687233115533,0.2625679469153404
All Population,Prevalence,New York,Both,<5 years,Chronic kidney disease,Percent,2013,0.0004782396058714,0.0005980834538715,0.0003862872712673
All Population,Prevalence,New York,Both,5-9 years,Chronic kidney disease,Percent,2013,0.0024746719987729,0.0034552396722483,0.0017584363964542
All Population,Prevalence,New York,Both,10-14 years,Chronic kidney disease,Percent,2013,0.0125326352026689,0.0160421609890222,0.0096907520897252
All Population,Prevalence,New York,Both,15-19 years,Chronic kidney disease,Percent,2013,0.0315217311265344,0.0408952901909293,0.0238443780572524
All Population,Prevalence,New York,Both,20-24 years,Chronic kidney disease,Percent,2013,0.0452746223419673,0.0579550435371591,0.0358026815396874
All Population,Prevalence,New York,Both,25-29 years,Chronic kidney disease,Percent,2013,0.04956962574295,0.0634653084237012,0.0386067928284954
All Population,Prevalence,New York,Both,30-34 years,Chronic kidney disease,Percent,2013,0.0567496080359867,0.0726686757122321,0.0436562023649216
All Population,Prevalence,New York,Both,35-39 years,Chronic kidney disease,Percent,2013,0.0643016448720555,0.080336153430122,0.0495445986071736
All Population,Prevalence,New York,Both,40-44 years,Chronic kidney disease,Percent,2013,0.0679985108621307,0.0843081123176759,0.0545309762259276
All Population,Prevalence,New York,Both,45-49 years,Chronic kidney disease,Percent,2013,0.0761344852452658,0.0917357746699044,0.061340142772807
All Population,Prevalence,New York,Both,50-54 years,Chronic kidney disease,Percent,2013,0.0940880162093985,0.113187704548462,0.0761993370280106
All Population,Prevalence,New York,Both,55-59 years,Chronic kidney disease,Percent,2013,0.1176803099625453,0.1413439824043257,0.0965455259460422
All Population,Prevalence,New York,Both,60-64 years,Chronic kidney disease,Percent,2013,0.1562956453766378,0.187262774535452,0.1294841120467967
All Population,Prevalence,New York,Both,65-69 years,Chronic kidney disease,Percent,2013,0.2308400223746249,0.2705605615228698,0.1910334299460353
All Population,Prevalence,New York,Both,70-74 years,Chronic kidney disease,Percent,2013,0.3246358178592931,0.3707680880674857,0.2810863978798739
All Population,Prevalence,New York,Both,75-79 years,Chronic kidney disease,Percent,2013,0.4295594353611729,0.4834470440504275,0.3774926059307346
All Population,Prevalence,New York,Both,80+ years,Chronic kidney disease,Percent,2013,0.6051876580112234,0.6634225854159648,0.563961949589241
All Population,Prevalence,New York,Both,<5 years,HIV/AIDS,Percent,2013,0.0001292569540065,0.0002375353446767,5.86726569173e-05
All Population,Prevalence,New York,Both,5-9 years,HIV/AIDS,Percent,2013,0.0001064777613806,0.0001690629460369,6.35807712016e-05
All Population,Prevalence,New York,Both,10-14 years,HIV/AIDS,Percent,2013,0.0001177884532909,0.0001823370628682,7.20180710086e-05
All Population,Prevalence,New York,Both,15-19 years,HIV/AIDS,Percent,2013,0.0005979373732057,0.0008972638871016,0.0003894364397654
All Population,Prevalence,New York,Both,20-24 years,HIV/AIDS,Percent,2013,0.0020650757131028,0.0029968436782415,0.0013549524230229
All Population,Prevalence,New York,Both,25-29 years,HIV/AIDS,Percent,2013,0.0034888129270932,0.0051659927822671,0.0020866293957082
All Population,Prevalence,New York,Both,30-34 years,HIV/AIDS,Percent,2013,0.005008709997321,0.0077979899685501,0.0028060982837879
All Population,Prevalence,New York,Both,35-39 years,HIV/AIDS,Percent,2013,0.0074188414497421,0.011651439244664,0.004145759308181
All Population,Prevalence,New York,Both,40-44 years,HIV/AIDS,Percent,2013,0.0115057669293636,0.017913978744131,0.0065777757508193
All Population,Prevalence,New York,Both,45-49 years,HIV/AIDS,Percent,2013,0.0166241309100058,0.0253948015016839,0.0092511455994298
All Population,Prevalence,New York,Both,50-54 years,HIV/AIDS,Percent,2013,0.0206538252447308,0.0327686938091221,0.0109062197585698
All Population,Prevalence,New York,Both,55-59 years,HIV/AIDS,Percent,2013,0.0215268090333523,0.034187059365764,0.0112109246213682
All Population,Prevalence,New York,Both,60-64 years,HIV/AIDS,Percent,2013,0.0172722104795183,0.0272543172059835,0.0091103229384935
All Population,Prevalence,New York,Both,65-69 years,HIV/AIDS,Percent,2013,0.0110127719757041,0.0178117614894028,0.0057776838850242
All Population,Prevalence,New York,Both,70-74 years,HIV/AIDS,Percent,2013,0.0064233435139644,0.0102592051336735,0.0034930372158599
All Population,Prevalence,New York,Both,75-79 years,HIV/AIDS,Percent,2013,0.0040782750038188,0.0065346014503238,0.0022860372144083
All Population,Prevalence,New York,Both,80+ years,HIV/AIDS,Percent,2013,0.0017706659462738,0.0030301402585592,0.0009215096372261
All Population,Prevalence,New York,Both,<5 years,Alcohol use disorders,Percent,2013,0.0007482456525433,0.001222723169451,0.0003512733977754
All Population,Prevalence,New York,Both,5-9 years,Alcohol use disorders,Percent,2013,0.0006072198775474,0.0009514255191888,0.0003210837287513
All Population,Prevalence,New York,Both,10-14 years,Alcohol use disorders,Percent,2013,0.0025733553468393,0.0037371610766255,0.0016791149393088
All Population,Prevalence,New York,Both,15-19 years,Alcohol use disorders,Percent,2013,0.0218815030053637,0.0294484574543096,0.0158514406232971
All Population,Prevalence,New York,Both,20-24 years,Alcohol use disorders,Percent,2013,0.0510227742854005,0.0679500979323396,0.036842041620169
All Population,Prevalence,New York,Both,25-29 years,Alcohol use disorders,Percent,2013,0.0496553887504556,0.0637855723669841,0.0383488226618011
All Population,Prevalence,New York,Both,30-34 years,Alcohol use disorders,Percent,2013,0.042986377260799,0.0565028742546608,0.0309872321129828
All Population,Prevalence,New York,Both,35-39 years,Alcohol use disorders,Percent,2013,0.0371628078574421,0.0468379046413575,0.0273651655190893
All Population,Prevalence,New York,Both,40-44 years,Alcohol use disorders,Percent,2013,0.0325894104846359,0.043932704249599,0.0240316445967521
All Population,Prevalence,New York,Both,45-49 years,Alcohol use disorders,Percent,2013,0.0307439896758161,0.0387192774195073,0.024531231718059
All Population,Prevalence,New York,Both,50-54 years,Alcohol use disorders,Percent,2013,0.0288953430727487,0.0383858388520154,0.0215123609187917
All Population,Prevalence,New York,Both,55-59 years,Alcohol use disorders,Percent,2013,0.0253906445369324,0.0314383738635742,0.0198751916548433
All Population,Prevalence,New York,Both,60-64 years,Alcohol use disorders,Percent,2013,0.0213538450198949,0.0284953711272812,0.0153512912862554
All Population,Prevalence,New York,Both,65-69 years,Alcohol use disorders,Percent,2013,0.0173912472283195,0.0222390103871296,0.0132504513071615
All Population,Prevalence,New York,Both,70-74 years,Alcohol use disorders,Percent,2013,0.0139089821124532,0.0179211721268305,0.0102927000537638
All Population,Prevalence,New York,Both,75-79 years,Alcohol use disorders,Percent,2013,0.0122267405691481,0.0156017201394895,0.0089617217733971
All Population,Prevalence,New York,Both,80+ years,Alcohol use disorders,Percent,2013,0.0129960247092497,0.0163990382813815,0.010035332751396
All Population,Prevalence,New York,Both,<5 years,Drug use disorders,Percent,2013,0.0,0.0,0.0
All Population,Prevalence,New York,Both,5-9 years,Drug use disorders,Percent,2013,0.0,0.0,0.0
All Population,Prevalence,New York,Both,10-14 years,Drug use disorders,Percent,2013,0.0050155350664184,0.0092279527146817,0.0018133753781249
All Population,Prevalence,New York,Both,15-19 years,Drug use disorders,Percent,2013,0.0591407224326742,0.0926530006362687,0.0349745860526543
All Population,Prevalence,New York,Both,20-24 years,Drug use disorders,Percent,2013,0.0744235639562067,0.0917694652033226,0.0607061258143714
All Population,Prevalence,New York,Both,25-29 years,Drug use disorders,Percent,2013,0.0660688546406235,0.0765649685303966,0.0572519721969573
All Population,Prevalence,New York,Both,30-34 years,Drug use disorders,Percent,2013,0.0527345317885256,0.060632629627966,0.0462095866069783
All Population,Prevalence,New York,Both,35-39 years,Drug use disorders,Percent,2013,0.0424504924476423,0.0496262322182358,0.0372251174286228
All Population,Prevalence,New York,Both,40-44 years,Drug use disorders,Percent,2013,0.0344102019724889,0.0395680351811687,0.0294730554351264
All Population,Prevalence,New York,Both,45-49 years,Drug use disorders,Percent,2013,0.0274520131661684,0.0319549997321418,0.0239712866903596
All Population,Prevalence,New York,Both,50-54 years,Drug use disorders,Percent,2013,0.0215416914249519,0.0246112009765306,0.0184303296275411
All Population,Prevalence,New York,Both,55-59 years,Drug use disorders,Percent,2013,0.0151381085261714,0.0170812468952119,0.0129499928204493
All Population,Prevalence,New York,Both,60-64 years,Drug use disorders,Percent,2013,0.0094013370196639,0.0108312697644132,0.0079155674902481
All Population,Prevalence,New York,Both,65-69 years,Drug use disorders,Percent,2013,0.0058645823106626,0.0068585213975119,0.0048801377764595
All Population,Prevalence,New York,Both,70-74 years,Drug use disorders,Percent,2013,0.0038155954853294,0.0045270468835159,0.0032159633732761
All Population,Prevalence,New York,Both,75-79 years,Drug use disorders,Percent,2013,0.0028666646114726,0.0033404053064627,0.0024260168022196
All Population,Prevalence,New York,Both,80+ years,Drug use disorders,Percent,2013,0.0023261184300955,0.0028180381338747,0.0019724588721072
All Population,Prevalence,New York,Both,<5 years,Depressive disorders,Percent,2013,7.0039990238e-06,1.31518988853e-05,2.4168474446e-06
All Population,Prevalence,New York,Both,5-9 years,Depressive disorders,Percent,2013,0.008531650564828,0.0121628250345453,0.0057286322243118
All Population,Prevalence,New York,Both,10-14 years,Depressive disorders,Percent,2013,0.0369265800626564,0.0456454906803259,0.0286719736080745
All Population,Prevalence,New York,Both,15-19 years,Depressive disorders,Percent,2013,0.0547067676656886,0.0665635366865925,0.0421474095702409
All Population,Prevalence,New York,Both,20-24 years,Depressive disorders,Percent,2013,0.0530941317479045,0.0632591834786575,0.0440762496679149
All Population,Prevalence,New York,Both,25-29 years,Depressive disorders,Percent,2013,0.0547452864173752,0.0637778256946745,0.046266933817894
All Population,Prevalence,New York,Both,30-34 years,Depressive disorders,Percent,2013,0.0546082943981761,0.0639637098126128,0.0472767316487826
All Population,Prevalence,New York,Both,35-39 years,Depressive disorders,Percent,2013,0.0550735431136208,0.0628745107396634,0.0481910774243921
All Population,Prevalence,New York,Both,40-44 years,Depressive disorders,Percent,2013,0.0543265159799769,0.0633200328080938,0.0462300093024977
All Population,Prevalence,New York,Both,45-49 years,Depressive disorders,Percent,2013,0.0520225568511696,0.0604062476993854,0.0441923218027292
All Population,Prevalence,New York,Both,50-54 years,Depressive disorders,Percent,2013,0.0495669784623606,0.0586916262710935,0.0420308049374059
All Population,Prevalence,New York,Both,55-59 years,Depressive disorders,Percent,2013,0.0454427879345756,0.0525167127973555,0.039170075929796
All Population,Prevalence,New York,Both,60-64 years,Depressive disorders,Percent,2013,0.042344790730418,0.0493769834693714,0.0349721222556256
All Population,Prevalence,New York,Both,65-69 years,Depressive disorders,Percent,2013,0.0406099304866947,0.0478784934653893,0.0345803381519234
All Population,Prevalence,New York,Both,70-74 years,Depressive disorders,Percent,2013,0.0387504260184633,0.0462184632719611,0.0325105145086586
All Population,Prevalence,New York,Both,75-79 years,Depressive disorders,Percent,2013,0.0382470775048585,0.0448956082784887,0.0321125565169126
All Population,Prevalence,New York,Both,80+ years,Depressive disorders,Percent,2013,0.0383385466571001,0.0461835254681093,0.0314646828841888
All Population,Prevalence,New York,Both,<5 years,Anxiety disorders,Percent,2013,0.0015516660897742,0.0037565750425779,0.0004964698560684
All Population,Prevalence,New York,Both,5-9 years,Anxiety disorders,Percent,2013,0.0225020508975403,0.0476666262918036,0.0092852969243321
All Population,Prevalence,New York,Both,10-14 years,Anxiety disorders,Percent,2013,0.030542489173586,0.0452227264618019,0.0180236795269119
All Population,Prevalence,New York,Both,15-19 years,Anxiety disorders,Percent,2013,0.0591144017036966,0.0879286176007127,0.0361866613923126
All Population,Prevalence,New York,Both,20-24 years,Anxiety disorders,Percent,2013,0.0642096870893786,0.0827184929429654,0.0463858953330193
All Population,Prevalence,New York,Both,25-29 years,Anxiety disorders,Percent,2013,0.0663014009134052,0.0827397971407917,0.0500030318329315
All Population,Prevalence,New York,Both,30-34 years,Anxiety disorders,Percent,2013,0.0662002165521808,0.0840304384176713,0.051590657806672
All Population,Prevalence,New York,Both,35-39 years,Anxiety disorders,Percent,2013,0.0667968160033881,0.0806574169519186,0.0559466601818735
All Population,Prevalence,New York,Both,40-44 years,Anxiety disorders,Percent,2013,0.0671421705332659,0.0819505560134767,0.0554223080592221
All Population,Prevalence,New York,Both,45-49 years,Anxiety disorders,Percent,2013,0.068116817224877,0.0816738058355948,0.0572317809077898
All Population,Prevalence,New York,Both,50-54 years,Anxiety disorders,Percent,2013,0.069451456618856,0.0852218320397223,0.0551992543132307
All Population,Prevalence,New York,Both,55-59 years,Anxiety disorders,Percent,2013,0.0700574860995266,0.0852774133665051,0.0570144871016746
All Population,Prevalence,New York,Both,60-64 years,Anxiety disorders,Percent,2013,0.067387504120692,0.0852227214510268,0.0538723174337998
All Population,Prevalence,New York,Both,65-69 years,Anxiety disorders,Percent,2013,0.0611208635772013,0.0785130330812809,0.04911639304607
All Population,Prevalence,New York,Both,70-74 years,Anxiety disorders,Percent,2013,0.0553495297793502,0.075738221199152,0.0435924992088062
All Population,Prevalence,New York,Both,75-79 years,Anxiety disorders,Percent,2013,0.0513379546731509,0.068017582070089,0.0388034025846043
All Population,Prevalence,New York,Both,80+ years,Anxiety disorders,Percent,2013,0.0487930837680262,0.0618682021512502,0.0376013052410467
All Population,Prevalence,New York,Both,<5 years,Diabetes mellitus type 1,Percent,2013,0.0005988419759165,0.0006967481733955,0.0005156567858555
All Population,Prevalence,New York,Both,5-9 years,Diabetes mellitus type 1,Percent,2013,0.0029205796133358,0.0032646693247598,0.0025778034503821
All Population,Prevalence,New York,Both,10-14 years,Diabetes mellitus type 1,Percent,2013,0.0048256748641858,0.0052683943751987,0.0044152932167199
All Population,Prevalence,New York,Both,15-19 years,Diabetes mellitus type 1,Percent,2013,0.0051022207727279,0.0058184118359682,0.004459842934294
All Population,Prevalence,New York,Both,20-24 years,Diabetes mellitus type 1,Percent,2013,0.0046599861437994,0.0055476753898698,0.0037317846084318
All Population,Prevalence,New York,Both,25-29 years,Diabetes mellitus type 1,Percent,2013,0.0044665089561489,0.0056165610183064,0.0036428214122488
All Population,Prevalence,New York,Both,30-34 years,Diabetes mellitus type 1,Percent,2013,0.0045309078268932,0.0055988358535334,0.0037304588660088
All Population,Prevalence,New York,Both,35-39 years,Diabetes mellitus type 1,Percent,2013,0.0047711716821301,0.0058220680243512,0.0039263000789725
All Population,Prevalence,New York,Both,40-44 years,Diabetes mellitus type 1,Percent,2013,0.0050086751560582,0.0060720058934038,0.0040814010192799
All Population,Prevalence,New York,Both,45-49 years,Diabetes mellitus type 1,Percent,2013,0.0050926233345125,0.0063465635914989,0.0041247843218565
All Population,Prevalence,New York,Both,50-54 years,Diabetes mellitus type 1,Percent,2013,0.0050414016769587,0.0061667684401193,0.0041241455719518
All Population,Prevalence,New York,Both,55-59 years,Diabetes mellitus type 1,Percent,2013,0.0048518460808682,0.0057963380264037,0.0038844770923146
All Population,Prevalence,New York,Both,60-64 years,Diabetes mellitus type 1,Percent,2013,0.0045353745924592,0.005406047270501,0.0036534663636991
All Population,Prevalence,New York,Both,65-69 years,Diabetes mellitus type 1,Percent,2013,0.0041410502620342,0.0052155536492384,0.003152812203622
All Population,Prevalence,New York,Both,70-74 years,Diabetes mellitus type 1,Percent,2013,0.0036984848333965,0.0048010025334005,0.00272284511073
All Population,Prevalence,New York,Both,75-79 years,Diabetes mellitus type 1,Percent,2013,0.0032100242540125,0.0041325878818129,0.0023063477828099
All Population,Prevalence,New York,Both,80+ years,Diabetes mellitus type 1,Percent,2013,0.0023538139776457,0.0032008762752678,0.001549341703574
All Population,Prevalence,New York,Both,<5 years,Diabetes mellitus type 2,Percent,2013,0.0,0.0,0.0
All Population,Prevalence,New York,Both,5-9 years,Diabetes mellitus type 2,Percent,2013,0.0,0.0,0.0
All Population,Prevalence,New York,Both,10-14 years,Diabetes mellitus type 2,Percent,2013,0.0,0.0,0.0
All Population,Prevalence,New York,Both,15-19 years,Diabetes mellitus type 2,Percent,2013,0.0044288093681258,0.0057761419936761,0.0030560681867666
All Population,Prevalence,New York,Both,20-24 years,Diabetes mellitus type 2,Percent,2013,0.0078144004495744,0.009568862621026,0.0061276404024546
All Population,Prevalence,New York,Both,25-29 years,Diabetes mellitus type 2,Percent,2013,0.011935237785328,0.0140648453484565,0.0100173360339468
All Population,Prevalence,New York,Both,30-34 years,Diabetes mellitus type 2,Percent,2013,0.0210147444185805,0.0238931614766391,0.0179880191157963
All Population,Prevalence,New York,Both,35-39 years,Diabetes mellitus type 2,Percent,2013,0.0381860997277851,0.0422313667511528,0.0343697959537913
All Population,Prevalence,New York,Both,40-44 years,Diabetes mellitus type 2,Percent,2013,0.064269986916947,0.0716880886045451,0.0578190075559156
All Population,Prevalence,New York,Both,45-49 years,Diabetes mellitus type 2,Percent,2013,0.100938010188554,0.10904940560075,0.0923731522928343
All Population,Prevalence,New York,Both,50-54 years,Diabetes mellitus type 2,Percent,2013,0.146278354240159,0.1605844909539926,0.1317900015193193
All Population,Prevalence,New York,Both,55-59 years,Diabetes mellitus type 2,Percent,2013,0.1954648362351902,0.212020107050579,0.1783193287605635
All Population,Prevalence,New York,Both,60-64 years,Diabetes mellitus type 2,Percent,2013,0.2436070957700777,0.2621096439588755,0.2266054721097471
All Population,Prevalence,New York,Both,65-69 years,Diabetes mellitus type 2,Percent,2013,0.2807194022632411,0.2996299103888696,0.2635559740723108
All Population,Prevalence,New York,Both,70-74 years,Diabetes mellitus type 2,Percent,2013,0.3046073709773839,0.3264869442628797,0.2844805850778796
All Population,Prevalence,New York,Both,75-79 years,Diabetes mellitus type 2,Percent,2013,0.3114523084115706,0.3330482576020731,0.2885402165374025
All Population,Prevalence,New York,Both,80+ years,Diabetes mellitus type 2,Percent,2013,0.2892343070310735,0.312142065160806,0.265854611356439
All Population,Prevalence,New York,Both,<5 years,Chronic kidney disease,Percent,2014,0.0004843370184582,0.0006045985767967,0.0003875849899536
All Population,Prevalence,New York,Both,5-9 years,Chronic kidney disease,Percent,2014,0.0024803729946522,0.0034799133670887,0.0017591282585153
All Population,Prevalence,New York,Both,10-14 years,Chronic kidney disease,Percent,2014,0.0125129780392914,0.0160820214297693,0.0096592057698297
All Population,Prevalence,New York,Both,15-19 years,Chronic kidney disease,Percent,2014,0.03144015445365,0.0406811247790307,0.0238703346978018
All Population,Prevalence,New York,Both,20-24 years,Chronic kidney disease,Percent,2014,0.0452494535349645,0.0582520088023668,0.0358860277686605
All Population,Prevalence,New York,Both,25-29 years,Chronic kidney disease,Percent,2014,0.0495092231239621,0.0638192702441747,0.0382267392280648
All Population,Prevalence,New York,Both,30-34 years,Chronic kidney disease,Percent,2014,0.0567269441039345,0.0723054677586928,0.0436076635152689
All Population,Prevalence,New York,Both,35-39 years,Chronic kidney disease,Percent,2014,0.0642569125066906,0.0807733649186846,0.0500378069043621
All Population,Prevalence,New York,Both,40-44 years,Chronic kidney disease,Percent,2014,0.0679742348895288,0.0845814725466009,0.0546450049638482
All Population,Prevalence,New York,Both,45-49 years,Chronic kidney disease,Percent,2014,0.0762809523983345,0.0921604640861983,0.0613148273318826
All Population,Prevalence,New York,Both,50-54 years,Chronic kidney disease,Percent,2014,0.0944425432943015,0.1134922923087939,0.0763114010137365
All Population,Prevalence,New York,Both,55-59 years,Chronic kidney disease,Percent,2014,0.1181659977646483,0.1422700594304219,0.096408452701845
All Population,Prevalence,New York,Both,60-64 years,Chronic kidney disease,Percent,2014,0.1571471140366102,0.1883925867329521,0.1300302432628571
All Population,Prevalence,New York,Both,65-69 years,Chronic kidney disease,Percent,2014,0.2320801163575398,0.2728991251482851,0.1924068442296342
All Population,Prevalence,New York,Both,70-74 years,Chronic kidney disease,Percent,2014,0.3261645566406578,0.3721182945493234,0.2829817470204748
All Population,Prevalence,New York,Both,75-79 years,Chronic kidney disease,Percent,2014,0.4312800330274394,0.4874548334334293,0.3801582213743936
All Population,Prevalence,New York,Both,80+ years,Chronic kidney disease,Percent,2014,0.6070860202842943,0.6668556311558396,0.5660735851451548
All Population,Prevalence,New York,Both,<5 years,HIV/AIDS,Percent,2014,0.000132756932141,0.0002462031627331,5.8679998822e-05
All Population,Prevalence,New York,Both,5-9 years,HIV/AIDS,Percent,2014,9.74192585947e-05,0.000162471496168,5.58770530807e-05
All Population,Prevalence,New York,Both,10-14 years,HIV/AIDS,Percent,2014,0.0001108613716976,0.00017215127224,6.73338024497e-05
All Population,Prevalence,New York,Both,15-19 years,HIV/AIDS,Percent,2014,0.0005941430787466,0.0008695674839282,0.0003930624793909
All Population,Prevalence,New York,Both,20-24 years,HIV/AIDS,Percent,2014,0.0020899545853261,0.0030251704157239,0.0013569945972706
All Population,Prevalence,New York,Both,25-29 years,HIV/AIDS,Percent,2014,0.0036016949957474,0.0053335926061585,0.0022247661268698
All Population,Prevalence,New York,Both,30-34 years,HIV/AIDS,Percent,2014,0.0050012773333685,0.0077697221774016,0.0028434646887772
All Population,Prevalence,New York,Both,35-39 years,HIV/AIDS,Percent,2014,0.0071656494369051,0.0112249733979568,0.0040357697172028
All Population,Prevalence,New York,Both,40-44 years,HIV/AIDS,Percent,2014,0.0107755697860088,0.0169878065873527,0.0061089438665586
All Population,Prevalence,New York,Both,45-49 years,HIV/AIDS,Percent,2014,0.0155632074637934,0.0238908120717128,0.0087075688963198
All Population,Prevalence,New York,Both,50-54 years,HIV/AIDS,Percent,2014,0.0200723148326006,0.031899248483636,0.0105946112830773
All Population,Prevalence,New York,Both,55-59 years,HIV/AIDS,Percent,2014,0.0215877438201586,0.0343009568632036,0.0111780410575572
All Population,Prevalence,New York,Both,60-64 years,HIV/AIDS,Percent,2014,0.018492316865313,0.0287185573258865,0.0097387463684122
All Population,Prevalence,New York,Both,65-69 years,HIV/AIDS,Percent,2014,0.0120888263534935,0.020028032107977,0.0062673280495257
All Population,Prevalence,New York,Both,70-74 years,HIV/AIDS,Percent,2014,0.0070698268841445,0.0114768305679444,0.0038424009434785
All Population,Prevalence,New York,Both,75-79 years,HIV/AIDS,Percent,2014,0.0043938861989298,0.007073095416926,0.002442550197936
All Population,Prevalence,New York,Both,80+ years,HIV/AIDS,Percent,2014,0.0019306060326489,0.0032480352723989,0.0010011812270211
All Population,Prevalence,New York,Both,<5 years,Alcohol use disorders,Percent,2014,0.00076457398192,0.0012855829800832,0.0003373934981297
All Population,Prevalence,New York,Both,5-9 years,Alcohol use disorders,Percent,2014,0.0006206830177977,0.0009906253270988,0.0003136761289289
All Population,Prevalence,New York,Both,10-14 years,Alcohol use disorders,Percent,2014,0.0025025643366222,0.0036055912081292,0.00162197062567
All Population,Prevalence,New York,Both,15-19 years,Alcohol use disorders,Percent,2014,0.0211307976224094,0.0287612267607342,0.015114412967297
All Population,Prevalence,New York,Both,20-24 years,Alcohol use disorders,Percent,2014,0.0497163051926575,0.0674515040216414,0.0356855634529424
All Population,Prevalence,New York,Both,25-29 years,Alcohol use disorders,Percent,2014,0.0495292352545716,0.0636611480119353,0.0380985517906345
All Population,Prevalence,New York,Both,30-34 years,Alcohol use disorders,Percent,2014,0.0435969131367764,0.0576754546509146,0.0316460577290406
All Population,Prevalence,New York,Both,35-39 years,Alcohol use disorders,Percent,2014,0.0376034097904271,0.0475123642631688,0.0277589784779733
All Population,Prevalence,New York,Both,40-44 years,Alcohol use disorders,Percent,2014,0.0327384792883843,0.044323782162327,0.023908656137177
All Population,Prevalence,New York,Both,45-49 years,Alcohol use disorders,Percent,2014,0.0309380778756278,0.0388908681924843,0.0249238267123475
All Population,Prevalence,New York,Both,50-54 years,Alcohol use disorders,Percent,2014,0.029132366153165,0.0386190540374528,0.0215696840490282
All Population,Prevalence,New York,Both,55-59 years,Alcohol use disorders,Percent,2014,0.0256838790190226,0.0317167517611316,0.0201525971467741
All Population,Prevalence,New York,Both,60-64 years,Alcohol use disorders,Percent,2014,0.0217006047480225,0.0291479163599426,0.0155407735651722
All Population,Prevalence,New York,Both,65-69 years,Alcohol use disorders,Percent,2014,0.017733205332319,0.0224977866609964,0.0135064339839807
All Population,Prevalence,New York,Both,70-74 years,Alcohol use disorders,Percent,2014,0.0142544415266941,0.0183800074875106,0.0105148102434818
All Population,Prevalence,New York,Both,75-79 years,Alcohol use disorders,Percent,2014,0.0125711200225382,0.0159420052851089,0.0092537037713591
All Population,Prevalence,New York,Both,80+ years,Alcohol use disorders,Percent,2014,0.0132460850148274,0.0165952106696527,0.0101797146481272
All Population,Prevalence,New York,Both,<5 years,Drug use disorders,Percent,2014,0.0,0.0,0.0
All Population,Prevalence,New York,Both,5-9 years,Drug use disorders,Percent,2014,0.0,0.0,0.0
All Population,Prevalence,New York,Both,10-14 years,Drug use disorders,Percent,2014,0.0049146648691923,0.0093673625601756,0.001574159207662
All Population,Prevalence,New York,Both,15-19 years,Drug use disorders,Percent,2014,0.058747722047589,0.0910819036082463,0.034849821818641
All Population,Prevalence,New York,Both,20-24 years,Drug use disorders,Percent,2014,0.0763660153291732,0.0943733338417303,0.0624033553460804
All Population,Prevalence,New York,Both,25-29 years,Drug use disorders,Percent,2014,0.0686543286100562,0.079118386800434,0.0596882907497632
All Population,Prevalence,New York,Both,30-34 years,Drug use disorders,Percent,2014,0.0544039151163065,0.0625394586097308,0.0475382492916727
All Population,Prevalence,New York,Both,35-39 years,Drug use disorders,Percent,2014,0.0436198207754979,0.0509926375936933,0.0378166786441737
All Population,Prevalence,New York,Both,40-44 years,Drug use disorders,Percent,2014,0.0355452540414813,0.0408245834252777,0.0302842097395205
All Population,Prevalence,New York,Both,45-49 years,Drug use disorders,Percent,2014,0.0286017744521435,0.0331261263400939,0.0247778714250049
All Population,Prevalence,New York,Both,50-54 years,Drug use disorders,Percent,2014,0.0225506046797303,0.0257849634740989,0.019217979170331
All Population,Prevalence,New York,Both,55-59 years,Drug use disorders,Percent,2014,0.0158069317744379,0.0177749098057658,0.0134740555260333
All Population,Prevalence,New York,Both,60-64 years,Drug use disorders,Percent,2014,0.0097231988908888,0.0112343349034759,0.0081959375500577
All Population,Prevalence,New York,Both,65-69 years,Drug use disorders,Percent,2014,0.0059674460529899,0.007002266710671,0.0049663754434648
All Population,Prevalence,New York,Both,70-74 years,Drug use disorders,Percent,2014,0.0038151129198836,0.0045287757117573,0.0032155456292903
All Population,Prevalence,New York,Both,75-79 years,Drug use disorders,Percent,2014,0.0028310079507708,0.0033376197507214,0.0023819813802518
All Population,Prevalence,New York,Both,80+ years,Drug use disorders,Percent,2014,0.0022964554716864,0.0027747130459908,0.0019442925812684
All Population,Prevalence,New York,Both,<5 years,Depressive disorders,Percent,2014,6.9709929517e-06,1.31139178958e-05,2.3772353795e-06
All Population,Prevalence,New York,Both,5-9 years,Depressive disorders,Percent,2014,0.0084857959382651,0.0124327861667644,0.005715915058286
All Population,Prevalence,New York,Both,10-14 years,Depressive disorders,Percent,2014,0.0366508188867752,0.0464340857864773,0.0285750135644423
All Population,Prevalence,New York,Both,15-19 years,Depressive disorders,Percent,2014,0.0541583013895422,0.0652309420983445,0.0415186820636335
All Population,Prevalence,New York,Both,20-24 years,Depressive disorders,Percent,2014,0.0529965050687423,0.0621444507398766,0.0440954158220968
All Population,Prevalence,New York,Both,25-29 years,Depressive disorders,Percent,2014,0.0546533272158732,0.0633977846352134,0.046074538833664
All Population,Prevalence,New York,Both,30-34 years,Depressive disorders,Percent,2014,0.0546135083735398,0.0635084240899852,0.0468016120497545
All Population,Prevalence,New York,Both,35-39 years,Depressive disorders,Percent,2014,0.0551714170917551,0.0629452542561844,0.0477806637576521
All Population,Prevalence,New York,Both,40-44 years,Depressive disorders,Percent,2014,0.0545558004788698,0.0635905153190645,0.0465739716862056
All Population,Prevalence,New York,Both,45-49 years,Depressive disorders,Percent,2014,0.0522533912990348,0.0611944037952228,0.0448635294620995
All Population,Prevalence,New York,Both,50-54 years,Depressive disorders,Percent,2014,0.0498322993360193,0.0593726035890875,0.0424660863492427
All Population,Prevalence,New York,Both,55-59 years,Depressive disorders,Percent,2014,0.0457053961799425,0.053186956341327,0.0394107011489927
All Population,Prevalence,New York,Both,60-64 years,Depressive disorders,Percent,2014,0.0425765286278488,0.0497324900334932,0.0360146292310012
All Population,Prevalence,New York,Both,65-69 years,Depressive disorders,Percent,2014,0.0407620641618551,0.0476130932080911,0.0345148016944745
All Population,Prevalence,New York,Both,70-74 years,Depressive disorders,Percent,2014,0.0388480328856325,0.0460388049398606,0.0329220934500229
All Population,Prevalence,New York,Both,75-79 years,Depressive disorders,Percent,2014,0.038374842970401,0.0449215013430059,0.0320850246596831
All Population,Prevalence,New York,Both,80+ years,Depressive disorders,Percent,2014,0.0384191147122422,0.0456597412081435,0.03151060346185
All Population,Prevalence,New York,Both,<5 years,Anxiety disorders,Percent,2014,0.0015911140498761,0.0038854957793043,0.0004966792618775
All Population,Prevalence,New York,Both,5-9 years,Anxiety disorders,Percent,2014,0.023242655185995,0.0479774612669543,0.0094029582528516
All Population,Prevalence,New York,Both,10-14 years,Anxiety disorders,Percent,2014,0.0314039816237498,0.0470511786370465,0.0184788192892682
All Population,Prevalence,New York,Both,15-19 years,Anxiety disorders,Percent,2014,0.0605595778479061,0.0931892822975397,0.0377027953721205
All Population,Prevalence,New York,Both,20-24 years,Anxiety disorders,Percent,2014,0.0641846186859965,0.0829873762420083,0.0464680374101496
All Population,Prevalence,New York,Both,25-29 years,Anxiety disorders,Percent,2014,0.0655292328343608,0.0824649863552678,0.0488238522203341
All Population,Prevalence,New York,Both,30-34 years,Anxiety disorders,Percent,2014,0.0653149609529877,0.0825336731083321,0.0506588423440226
All Population,Prevalence,New York,Both,35-39 years,Anxiety disorders,Percent,2014,0.0653903824225283,0.0799159630877035,0.0538453382849826
All Population,Prevalence,New York,Both,40-44 years,Anxiety disorders,Percent,2014,0.0654878168487485,0.0789272471585915,0.0537371816408236
All Population,Prevalence,New York,Both,45-49 years,Anxiety disorders,Percent,2014,0.0663913393316983,0.0807507605837936,0.0556607194998759
All Population,Prevalence,New York,Both,50-54 years,Anxiety disorders,Percent,2014,0.0676969131924889,0.0829347625074413,0.0539531815907822
All Population,Prevalence,New York,Both,55-59 years,Anxiety disorders,Percent,2014,0.0682359591001427,0.0841257499681912,0.055340967046318
All Population,Prevalence,New York,Both,60-64 years,Anxiety disorders,Percent,2014,0.0661236214936538,0.0850684691801243,0.0523551377961502
All Population,Prevalence,New York,Both,65-69 years,Anxiety disorders,Percent,2014,0.0609044653192487,0.0788308918068568,0.0485432754823359
All Population,Prevalence,New York,Both,70-74 years,Anxiety disorders,Percent,2014,0.0555933163994647,0.0762233294649635,0.0438089781330166
All Population,Prevalence,New York,Both,75-79 years,Anxiety disorders,Percent,2014,0.051699754231507,0.0686879017561063,0.0391842060779323
All Population,Prevalence,New York,Both,80+ years,Anxiety disorders,Percent,2014,0.0491592127244902,0.0626369979585671,0.0373741623177258
All Population,Prevalence,New York,Both,<5 years,Diabetes mellitus type 1,Percent,2014,0.0005989202484181,0.0007181271463089,0.0004939577498175
All Population,Prevalence,New York,Both,5-9 years,Diabetes mellitus type 1,Percent,2014,0.0029346848698876,0.0033014534487657,0.0025695250500741
All Population,Prevalence,New York,Both,10-14 years,Diabetes mellitus type 1,Percent,2014,0.0048264502775879,0.0052879037623577,0.0043743953424931
All Population,Prevalence,New York,Both,15-19 years,Diabetes mellitus type 1,Percent,2014,0.0052729478729933,0.0059728058590587,0.0046618249164009
All Population,Prevalence,New York,Both,20-24 years,Diabetes mellitus type 1,Percent,2014,0.0048296675499904,0.0057928986735601,0.0038631633936709
All Population,Prevalence,New York,Both,25-29 years,Diabetes mellitus type 1,Percent,2014,0.0045785804808282,0.0057421037628604,0.0036998657944591
All Population,Prevalence,New York,Both,30-34 years,Diabetes mellitus type 1,Percent,2014,0.0045833109028275,0.0056919860308584,0.0037096526716928
All Population,Prevalence,New York,Both,35-39 years,Diabetes mellitus type 1,Percent,2014,0.0047787379668147,0.0058098448508543,0.0039443111023881
All Population,Prevalence,New York,Both,40-44 years,Diabetes mellitus type 1,Percent,2014,0.0050183776474416,0.0059460109154345,0.0040721039655179
All Population,Prevalence,New York,Both,45-49 years,Diabetes mellitus type 1,Percent,2014,0.0051056842584381,0.0063533804030984,0.0041378625954054
All Population,Prevalence,New York,Both,50-54 years,Diabetes mellitus type 1,Percent,2014,0.0050563716205439,0.0062043151304253,0.0041502250874557
All Population,Prevalence,New York,Both,55-59 years,Diabetes mellitus type 1,Percent,2014,0.004875598903054,0.0058425482034073,0.0038944613271465
All Population,Prevalence,New York,Both,60-64 years,Diabetes mellitus type 1,Percent,2014,0.0045628908991916,0.0053647176920166,0.0036866542180948
All Population,Prevalence,New York,Both,65-69 years,Diabetes mellitus type 1,Percent,2014,0.0041645174848881,0.0051746202900363,0.0031636326707027
All Population,Prevalence,New York,Both,70-74 years,Diabetes mellitus type 1,Percent,2014,0.0037236079422948,0.0048125490451998,0.0027418827070025
All Population,Prevalence,New York,Both,75-79 years,Diabetes mellitus type 1,Percent,2014,0.0032383502651528,0.0041957703099287,0.0023154809772285
All Population,Prevalence,New York,Both,80+ years,Diabetes mellitus type 1,Percent,2014,0.0023712900581327,0.0031640469383927,0.0015628978314594
All Population,Prevalence,New York,Both,<5 years,Diabetes mellitus type 2,Percent,2014,0.0,0.0,0.0
All Population,Prevalence,New York,Both,5-9 years,Diabetes mellitus type 2,Percent,2014,0.0,0.0,0.0
All Population,Prevalence,New York,Both,10-14 years,Diabetes mellitus type 2,Percent,2014,0.0,0.0,0.0
All Population,Prevalence,New York,Both,15-19 years,Diabetes mellitus type 2,Percent,2014,0.0043723529757707,0.0057782379012653,0.0030162082314775
All Population,Prevalence,New York,Both,20-24 years,Diabetes mellitus type 2,Percent,2014,0.0078492498735075,0.0096273922269641,0.0061551731285755
All Population,Prevalence,New York,Both,25-29 years,Diabetes mellitus type 2,Percent,2014,0.0121068782983994,0.0142699223799889,0.0100375380596283
All Population,Prevalence,New York,Both,30-34 years,Diabetes mellitus type 2,Percent,2014,0.021445444861157,0.0244080303792279,0.0184692048220374
All Population,Prevalence,New York,Both,35-39 years,Diabetes mellitus type 2,Percent,2014,0.0390048040775405,0.0433751867658851,0.0350947688767295
All Population,Prevalence,New York,Both,40-44 years,Diabetes mellitus type 2,Percent,2014,0.0654593896198757,0.0729545695478093,0.0588604202802859
All Population,Prevalence,New York,Both,45-49 years,Diabetes mellitus type 2,Percent,2014,0.1022758962861751,0.1107702654478848,0.0930858869283063
All Population,Prevalence,New York,Both,50-54 years,Diabetes mellitus type 2,Percent,2014,0.1476457211810786,0.1627073728153809,0.1312466779814869
All Population,Prevalence,New York,Both,55-59 years,Diabetes mellitus type 2,Percent,2014,0.1974184903553593,0.2142784029467802,0.1800363696114393
All Population,Prevalence,New York,Both,60-64 years,Diabetes mellitus type 2,Percent,2014,0.2466903545636907,0.2658567496124742,0.2296605001341255
All Population,Prevalence,New York,Both,65-69 years,Diabetes mellitus type 2,Percent,2014,0.2848601123532576,0.3045841572843925,0.2666185615827052
All Population,Prevalence,New York,Both,70-74 years,Diabetes mellitus type 2,Percent,2014,0.3095645468321396,0.3320232249166615,0.2887734368683288
All Population,Prevalence,New York,Both,75-79 years,Diabetes mellitus type 2,Percent,2014,0.3165655837993315,0.3386809686458783,0.292738133586941
All Population,Prevalence,New York,Both,80+ years,Diabetes mellitus type 2,Percent,2014,0.2940467228837208,0.3173421615127283,0.2704560792900776
All Population,Prevalence,New York,Both,<5 years,Chronic kidney disease,Percent,2015,0.0004889442005396,0.0006086482580071,0.00038906968427
All Population,Prevalence,New York,Both,5-9 years,Chronic kidney disease,Percent,2015,0.0024870270940583,0.0034992763918658,0.0017621476798669
All Population,Prevalence,New York,Both,10-14 years,Chronic kidney disease,Percent,2015,0.0125149382668352,0.0160947104889248,0.0096995604819726
All Population,Prevalence,New York,Both,15-19 years,Chronic kidney disease,Percent,2015,0.0314337070666479,0.0406913836554576,0.0239448692006638
All Population,Prevalence,New York,Both,20-24 years,Chronic kidney disease,Percent,2015,0.045268312385519,0.0581496476858645,0.0357235406343364
All Population,Prevalence,New York,Both,25-29 years,Chronic kidney disease,Percent,2015,0.0494644107659155,0.0639250910106951,0.0379444681986448
All Population,Prevalence,New York,Both,30-34 years,Chronic kidney disease,Percent,2015,0.0567686382914219,0.0723764987162081,0.0435701578389607
All Population,Prevalence,New York,Both,35-39 years,Chronic kidney disease,Percent,2015,0.0642878809702956,0.0815236353011965,0.0491801109405806
All Population,Prevalence,New York,Both,40-44 years,Chronic kidney disease,Percent,2015,0.0680310066472822,0.0839810294706613,0.0539443302017394
All Population,Prevalence,New York,Both,45-49 years,Chronic kidney disease,Percent,2015,0.0764870368251679,0.092669670422148,0.0617198530884381
All Population,Prevalence,New York,Both,50-54 years,Chronic kidney disease,Percent,2015,0.0948538435467447,0.113976482553818,0.076034766628073
All Population,Prevalence,New York,Both,55-59 years,Chronic kidney disease,Percent,2015,0.1187221622873411,0.1415051230487282,0.0963458789544557
All Population,Prevalence,New York,Both,60-64 years,Chronic kidney disease,Percent,2015,0.1579335262968354,0.1896573045301353,0.1304815936595922
All Population,Prevalence,New York,Both,65-69 years,Chronic kidney disease,Percent,2015,0.2328860278018058,0.2742829245692445,0.1941308015421053
All Population,Prevalence,New York,Both,70-74 years,Chronic kidney disease,Percent,2015,0.3271090953155744,0.3732429346961101,0.2845342872430489
All Population,Prevalence,New York,Both,75-79 years,Chronic kidney disease,Percent,2015,0.4323845092519344,0.4918761197558624,0.3805655470244666
All Population,Prevalence,New York,Both,80+ years,Chronic kidney disease,Percent,2015,0.6090291935525709,0.6682474835486742,0.5684023527726482
All Population,Prevalence,New York,Both,<5 years,HIV/AIDS,Percent,2015,0.0001365836255351,0.0002528148583885,6.22767349634e-05
All Population,Prevalence,New York,Both,5-9 years,HIV/AIDS,Percent,2015,9.16070801582e-05,0.000157362892713,4.85612828615e-05
All Population,Prevalence,New York,Both,10-14 years,HIV/AIDS,Percent,2015,0.0001050112876544,0.000162482230011,6.39848129372e-05
All Population,Prevalence,New York,Both,15-19 years,HIV/AIDS,Percent,2015,0.000592426796813,0.0008698219796721,0.0003860982364591
All Population,Prevalence,New York,Both,20-24 years,HIV/AIDS,Percent,2015,0.0020557387084328,0.0030037771608567,0.0013164430384165
All Population,Prevalence,New York,Both,25-29 years,HIV/AIDS,Percent,2015,0.0037050758966299,0.0054761117561726,0.0022492069041249
All Population,Prevalence,New York,Both,30-34 years,HIV/AIDS,Percent,2015,0.0050335535627861,0.0077947857628602,0.0029376345875552
All Population,Prevalence,New York,Both,35-39 years,HIV/AIDS,Percent,2015,0.0069655061132582,0.0109071061276094,0.0040236507501465
All Population,Prevalence,New York,Both,40-44 years,HIV/AIDS,Percent,2015,0.0100614232011676,0.0159798839042187,0.0057551098024516
All Population,Prevalence,New York,Both,45-49 years,HIV/AIDS,Percent,2015,0.0145247473831956,0.022234869550726,0.0082299192722692
All Population,Prevalence,New York,Both,50-54 years,HIV/AIDS,Percent,2015,0.0193936882287342,0.0304895129509847,0.0104166449773494
All Population,Prevalence,New York,Both,55-59 years,HIV/AIDS,Percent,2015,0.0214866792813744,0.0334324705621131,0.0111141595693472
All Population,Prevalence,New York,Both,60-64 years,HIV/AIDS,Percent,2015,0.0195740939807568,0.0303027612387233,0.010287058648622
All Population,Prevalence,New York,Both,65-69 years,HIV/AIDS,Percent,2015,0.013214031004697,0.0218778027185284,0.0068177446150746
All Population,Prevalence,New York,Both,70-74 years,HIV/AIDS,Percent,2015,0.0078133961133673,0.01276527926655,0.0042512669756513
All Population,Prevalence,New York,Both,75-79 years,HIV/AIDS,Percent,2015,0.0047433064878707,0.0076299835107836,0.002639871592174
All Population,Prevalence,New York,Both,80+ years,HIV/AIDS,Percent,2015,0.0020943721646172,0.0035283944479335,0.0011050898586082
All Population,Prevalence,New York,Both,<5 years,Alcohol use disorders,Percent,2015,0.0007714576325928,0.0013157365772768,0.0003218185012164
All Population,Prevalence,New York,Both,5-9 years,Alcohol use disorders,Percent,2015,0.000626931078787,0.0010162678495958,0.0003072148074453
All Population,Prevalence,New York,Both,10-14 years,Alcohol use disorders,Percent,2015,0.0024369318103616,0.0034952040177818,0.0015672349972379
All Population,Prevalence,New York,Both,15-19 years,Alcohol use disorders,Percent,2015,0.0203918954331846,0.0279943513298422,0.0144020389924206
All Population,Prevalence,New York,Both,20-24 years,Alcohol use disorders,Percent,2015,0.0483920055673466,0.0665596078831906,0.0345850757389189
All Population,Prevalence,New York,Both,25-29 years,Alcohol use disorders,Percent,2015,0.0493838316043094,0.0635887668308441,0.0379684272853479
All Population,Prevalence,New York,Both,30-34 years,Alcohol use disorders,Percent,2015,0.0439649426391441,0.058210835396414,0.0314066093816824
All Population,Prevalence,New York,Both,35-39 years,Alcohol use disorders,Percent,2015,0.0378971017492366,0.0483263486047052,0.0280774857187563
All Population,Prevalence,New York,Both,40-44 years,Alcohol use disorders,Percent,2015,0.032828273631484,0.0449515886151183,0.0236754148627699
All Population,Prevalence,New York,Both,45-49 years,Alcohol use disorders,Percent,2015,0.0310670558372752,0.039105303687534,0.0247094716069177
All Population,Prevalence,New York,Both,50-54 years,Alcohol use disorders,Percent,2015,0.0293073600045135,0.0388041097994692,0.0216400633156609
All Population,Prevalence,New York,Both,55-59 years,Alcohol use disorders,Percent,2015,0.0259663758880499,0.0323403836416872,0.0203563452964272
All Population,Prevalence,New York,Both,60-64 years,Alcohol use disorders,Percent,2015,0.0220668185740129,0.0299304043739614,0.0157618452847887
All Population,Prevalence,New York,Both,65-69 years,Alcohol use disorders,Percent,2015,0.0180700223100599,0.0228842598584304,0.0136868028171658
All Population,Prevalence,New York,Both,70-74 years,Alcohol use disorders,Percent,2015,0.0145253025643105,0.0189454705236623,0.0106534137811196
All Population,Prevalence,New York,Both,75-79 years,Alcohol use disorders,Percent,2015,0.0127855893177389,0.0162389870658888,0.0093992218748155
All Population,Prevalence,New York,Both,80+ years,Alcohol use disorders,Percent,2015,0.0134310589176716,0.0168045130284212,0.010312537803484
All Population,Prevalence,New York,Both,<5 years,Drug use disorders,Percent,2015,0.0,0.0,0.0
All Population,Prevalence,New York,Both,5-9 years,Drug use disorders,Percent,2015,0.0,0.0,0.0
All Population,Prevalence,New York,Both,10-14 years,Drug use disorders,Percent,2015,0.0048497343029282,0.0093237376866746,0.0013355772926796
All Population,Prevalence,New York,Both,15-19 years,Drug use disorders,Percent,2015,0.0587632757763826,0.0909214015864508,0.0349409981467658
All Population,Prevalence,New York,Both,20-24 years,Drug use disorders,Percent,2015,0.0784881254477374,0.0973038859615857,0.0641575485221239
All Population,Prevalence,New York,Both,25-29 years,Drug use disorders,Percent,2015,0.0714251924907555,0.0823906863835036,0.061915600799083
All Population,Prevalence,New York,Both,30-34 years,Drug use disorders,Percent,2015,0.0562577645016216,0.0646614430977028,0.0490134597770595
All Population,Prevalence,New York,Both,35-39 years,Drug use disorders,Percent,2015,0.0449205487371914,0.0528633043260001,0.038684558308323
All Population,Prevalence,New York,Both,40-44 years,Drug use disorders,Percent,2015,0.0367266325601825,0.0422279017188742,0.0314165950534219
All Population,Prevalence,New York,Both,45-49 years,Drug use disorders,Percent,2015,0.0297506249341418,0.0345707273929189,0.0254054325559507
All Population,Prevalence,New York,Both,50-54 years,Drug use disorders,Percent,2015,0.0235419275461363,0.0269455628433281,0.019995026309965
All Population,Prevalence,New York,Both,55-59 years,Drug use disorders,Percent,2015,0.0164191470003293,0.0185414166655604,0.0139858093084028
All Population,Prevalence,New York,Both,60-64 years,Drug use disorders,Percent,2015,0.0099643893478918,0.011497875637713,0.0083972618333243
All Population,Prevalence,New York,Both,65-69 years,Drug use disorders,Percent,2015,0.0060369699214141,0.0070522116804909,0.0049982298707431
All Population,Prevalence,New York,Both,70-74 years,Drug use disorders,Percent,2015,0.0038142272947801,0.0045670544840814,0.0032286028216652
All Population,Prevalence,New York,Both,75-79 years,Drug use disorders,Percent,2015,0.0027962667815778,0.0033299472843313,0.0023442795419169
All Population,Prevalence,New York,Both,80+ years,Drug use disorders,Percent,2015,0.0022666164044927,0.0027260499096555,0.0019144239854123
All Population,Prevalence,New York,Both,<5 years,Depressive disorders,Percent,2015,6.9531444148e-06,1.3104321461e-05,2.3438870208e-06
All Population,Prevalence,New York,Both,5-9 years,Depressive disorders,Percent,2015,0.0084264449234168,0.012810256651906,0.0054973877712276
All Population,Prevalence,New York,Both,10-14 years,Depressive disorders,Percent,2015,0.0363418406282095,0.0474155214833592,0.0280121305675965
All Population,Prevalence,New York,Both,15-19 years,Depressive disorders,Percent,2015,0.0535156849090317,0.0649599185713781,0.0410286524735924
All Population,Prevalence,New York,Both,20-24 years,Depressive disorders,Percent,2015,0.0528027567000947,0.0616924257287956,0.0435360008696433
All Population,Prevalence,New York,Both,25-29 years,Depressive disorders,Percent,2015,0.0544286851916183,0.0633787238488709,0.044950366436908
All Population,Prevalence,New York,Both,30-34 years,Depressive disorders,Percent,2015,0.0544724693906244,0.0638784616034761,0.0457970739487074
All Population,Prevalence,New York,Both,35-39 years,Depressive disorders,Percent,2015,0.0550510283477407,0.0635060727259938,0.0474996545363182
All Population,Prevalence,New York,Both,40-44 years,Depressive disorders,Percent,2015,0.0545081167484748,0.0636257398566753,0.0468785569511006
All Population,Prevalence,New York,Both,45-49 years,Depressive disorders,Percent,2015,0.0522129358533043,0.0617674501155015,0.0449885908348131
All Population,Prevalence,New York,Both,50-54 years,Depressive disorders,Percent,2015,0.0498374071428372,0.0601702269905265,0.0425546888623284
All Population,Prevalence,New York,Both,55-59 years,Depressive disorders,Percent,2015,0.0457659848565736,0.0542200789825765,0.0392670998602734
All Population,Prevalence,New York,Both,60-64 years,Depressive disorders,Percent,2015,0.0426395833162633,0.0505719590984033,0.036363422146354
All Population,Prevalence,New York,Both,65-69 years,Depressive disorders,Percent,2015,0.0407560060116122,0.0481139860635303,0.0352509384042662
All Population,Prevalence,New York,Both,70-74 years,Depressive disorders,Percent,2015,0.0388028158777196,0.045767574899704,0.0324118051182704
All Population,Prevalence,New York,Both,75-79 years,Depressive disorders,Percent,2015,0.038367530594842,0.044877891795441,0.0320377266378984
All Population,Prevalence,New York,Both,80+ years,Depressive disorders,Percent,2015,0.0383723899165594,0.0458145147344148,0.0312020895522454
All Population,Prevalence,New York,Both,<5 years,Anxiety disorders,Percent,2015,0.0016080551826793,0.0041233793382299,0.0005035083344849
All Population,Prevalence,New York,Both,5-9 years,Anxiety disorders,Percent,2015,0.0238310615173498,0.0501353818430442,0.0095102899550797
All Population,Prevalence,New York,Both,10-14 years,Anxiety disorders,Percent,2015,0.0321231351133604,0.0487911271420301,0.0193410370080842
All Population,Prevalence,New York,Both,15-19 years,Anxiety disorders,Percent,2015,0.0617483302937242,0.0986215928993881,0.0393738605702294
All Population,Prevalence,New York,Both,20-24 years,Anxiety disorders,Percent,2015,0.0641150602344896,0.0863551264700652,0.046386120086414
All Population,Prevalence,New York,Both,25-29 years,Anxiety disorders,Percent,2015,0.0646769373843697,0.0818824076833386,0.0475795244369585
All Population,Prevalence,New York,Both,30-34 years,Anxiety disorders,Percent,2015,0.0643371813866556,0.0811866312724611,0.0491312114959904
All Population,Prevalence,New York,Both,35-39 years,Anxiety disorders,Percent,2015,0.0639030888472663,0.0782961599182914,0.0519916841778889
All Population,Prevalence,New York,Both,40-44 years,Anxiety disorders,Percent,2015,0.0637517325240301,0.0778499431223571,0.0524993845928217
All Population,Prevalence,New York,Both,45-49 years,Anxiety disorders,Percent,2015,0.0645753107563852,0.0795934942231833,0.0540809319086727
All Population,Prevalence,New York,Both,50-54 years,Anxiety disorders,Percent,2015,0.0658341395570156,0.0807978303393221,0.0525789565540063
All Population,Prevalence,New York,Both,55-59 years,Anxiety disorders,Percent,2015,0.0663239229757624,0.0832263169692719,0.0528598626011437
All Population,Prevalence,New York,Both,60-64 years,Anxiety disorders,Percent,2015,0.0647653241500119,0.0826880741964577,0.0504687664373066
All Population,Prevalence,New York,Both,65-69 years,Anxiety disorders,Percent,2015,0.0605639707808522,0.0792750328885926,0.0479380020449359
All Population,Prevalence,New York,Both,70-74 years,Anxiety disorders,Percent,2015,0.0557392094677899,0.0757726079621672,0.0436936773150812
All Population,Prevalence,New York,Both,75-79 years,Anxiety disorders,Percent,2015,0.0519563823891934,0.069524833701541,0.0396922898246336
All Population,Prevalence,New York,Both,80+ years,Anxiety disorders,Percent,2015,0.049433723976941,0.0645651594897807,0.0372044387528775
All Population,Prevalence,New York,Both,<5 years,Diabetes mellitus type 1,Percent,2015,0.0006008622252347,0.0007532743535465,0.0004619065517283
All Population,Prevalence,New York,Both,5-9 years,Diabetes mellitus type 1,Percent,2015,0.0029519706106169,0.0033764358131744,0.0025239683982238
All Population,Prevalence,New York,Both,10-14 years,Diabetes mellitus type 1,Percent,2015,0.0048275370124429,0.0053918391051106,0.004332800154226
All Population,Prevalence,New York,Both,15-19 years,Diabetes mellitus type 1,Percent,2015,0.0053691022391112,0.0060227095722155,0.0047699069755957
All Population,Prevalence,New York,Both,20-24 years,Diabetes mellitus type 1,Percent,2015,0.0050000840218167,0.0059927473197481,0.0039689208384817
All Population,Prevalence,New York,Both,25-29 years,Diabetes mellitus type 1,Percent,2015,0.004696837480614,0.0059000357339793,0.0037765251148859
All Population,Prevalence,New York,Both,30-34 years,Diabetes mellitus type 1,Percent,2015,0.0046390739852682,0.0059335776074356,0.0037723627376593
All Population,Prevalence,New York,Both,35-39 years,Diabetes mellitus type 1,Percent,2015,0.004790012293446,0.0058392896504078,0.0039658634414694
All Population,Prevalence,New York,Both,40-44 years,Diabetes mellitus type 1,Percent,2015,0.0050268877758079,0.0059623158912573,0.0040383164821427
All Population,Prevalence,New York,Both,45-49 years,Diabetes mellitus type 1,Percent,2015,0.0051183222486799,0.0063602406963437,0.0041496479019751
All Population,Prevalence,New York,Both,50-54 years,Diabetes mellitus type 1,Percent,2015,0.005071307567319,0.0062418906232056,0.0041064312169962
All Population,Prevalence,New York,Both,55-59 years,Diabetes mellitus type 1,Percent,2015,0.0048974683938435,0.0059364503405861,0.0039254906141155
All Population,Prevalence,New York,Both,60-64 years,Diabetes mellitus type 1,Percent,2015,0.0045894577612491,0.0053991346950999,0.0036661294665295
All Population,Prevalence,New York,Both,65-69 years,Diabetes mellitus type 1,Percent,2015,0.0041891830427062,0.0051246958776898,0.0031767252974381
All Population,Prevalence,New York,Both,70-74 years,Diabetes mellitus type 1,Percent,2015,0.0037481048076436,0.004820213181088,0.0027310236069868
All Population,Prevalence,New York,Both,75-79 years,Diabetes mellitus type 1,Percent,2015,0.0032649245737462,0.004255450696194,0.0023203578634693
All Population,Prevalence,New York,Both,80+ years,Diabetes mellitus type 1,Percent,2015,0.0023849181174462,0.0031949385132636,0.0015747483610973
All Population,Prevalence,New York,Both,<5 years,Diabetes mellitus type 2,Percent,2015,0.0,0.0,0.0
All Population,Prevalence,New York,Both,5-9 years,Diabetes mellitus type 2,Percent,2015,0.0,0.0,0.0
All Population,Prevalence,New York,Both,10-14 years,Diabetes mellitus type 2,Percent,2015,0.0,0.0,0.0
All Population,Prevalence,New York,Both,15-19 years,Diabetes mellitus type 2,Percent,2015,0.0043497780223911,0.0058246619116875,0.0030239410852154
All Population,Prevalence,New York,Both,20-24 years,Diabetes mellitus type 2,Percent,2015,0.0078900878768217,0.009788765990491,0.0061829201518214
All Population,Prevalence,New York,Both,25-29 years,Diabetes mellitus type 2,Percent,2015,0.0122690465844581,0.0145282675941403,0.0101018616225798
All Population,Prevalence,New York,Both,30-34 years,Diabetes mellitus type 2,Percent,2015,0.0218401390844042,0.0249924191210418,0.0186776587696618
All Population,Prevalence,New York,Both,35-39 years,Diabetes mellitus type 2,Percent,2015,0.039747802886707,0.0442849151735382,0.0355714273709562
All Population,Prevalence,New York,Both,40-44 years,Diabetes mellitus type 2,Percent,2015,0.0665543390723593,0.0743812207974312,0.0596345933283624
All Population,Prevalence,New York,Both,45-49 years,Diabetes mellitus type 2,Percent,2015,0.1036011227932096,0.112685707830668,0.0935284227935408
All Population,Prevalence,New York,Both,50-54 years,Diabetes mellitus type 2,Percent,2015,0.149086290720633,0.1641247974252858,0.1328300192983502
All Population,Prevalence,New York,Both,55-59 years,Diabetes mellitus type 2,Percent,2015,0.1994305497916383,0.2173231821911418,0.1819403683589579
All Population,Prevalence,New York,Both,60-64 years,Diabetes mellitus type 2,Percent,2015,0.2496906881932336,0.2699876404189324,0.2323318574310822
All Population,Prevalence,New York,Both,65-69 years,Diabetes mellitus type 2,Percent,2015,0.288798901239908,0.3098141981938521,0.2694641976468566
All Population,Prevalence,New York,Both,70-74 years,Diabetes mellitus type 2,Percent,2015,0.3142313895789984,0.3368141414681747,0.2916054051362518
All Population,Prevalence,New York,Both,75-79 years,Diabetes mellitus type 2,Percent,2015,0.3213996763153849,0.3445218879255163,0.2972965592867318
All Population,Prevalence,New York,Both,80+ years,Diabetes mellitus type 2,Percent,2015,0.2984239654899438,0.3222819762264097,0.2748355765001047
All Population,Prevalence,New York,Both,<5 years,Chronic kidney disease,Percent,2016,0.0004924459817978,0.0006147343024682,0.0003970522306902
All Population,Prevalence,New York,Both,5-9 years,Chronic kidney disease,Percent,2016,0.0024947628780676,0.0034738108174836,0.0017673068213475
All Population,Prevalence,New York,Both,10-14 years,Chronic kidney disease,Percent,2016,0.0125278075285932,0.0160977100791595,0.0096958888249496
All Population,Prevalence,New York,Both,15-19 years,Chronic kidney disease,Percent,2016,0.0315911036805522,0.0407416523912715,0.0241171009667464
All Population,Prevalence,New York,Both,20-24 years,Chronic kidney disease,Percent,2016,0.0453352188660386,0.058044333172138,0.0359691862758205
All Population,Prevalence,New York,Both,25-29 years,Chronic kidney disease,Percent,2016,0.0494332794633477,0.0633579780401284,0.0375597632039387
All Population,Prevalence,New York,Both,30-34 years,Chronic kidney disease,Percent,2016,0.057557567551352,0.0734275019347522,0.0441763124072588
All Population,Prevalence,New York,Both,35-39 years,Chronic kidney disease,Percent,2016,0.0656162680516361,0.0827298264952719,0.0503003991452697
All Population,Prevalence,New York,Both,40-44 years,Chronic kidney disease,Percent,2016,0.0692336414838466,0.0864393423446668,0.0556639496881835
All Population,Prevalence,New York,Both,45-49 years,Chronic kidney disease,Percent,2016,0.0777227254147138,0.0942599965087983,0.0625982894320972
All Population,Prevalence,New York,Both,50-54 years,Chronic kidney disease,Percent,2016,0.0962818421596954,0.1163016283110458,0.0776044651952063
All Population,Prevalence,New York,Both,55-59 years,Chronic kidney disease,Percent,2016,0.1202766816434391,0.143562345668863,0.0977676563858501
All Population,Prevalence,New York,Both,60-64 years,Chronic kidney disease,Percent,2016,0.1590741526078917,0.189426905374251,0.1314871809821172
All Population,Prevalence,New York,Both,65-69 years,Chronic kidney disease,Percent,2016,0.2332682431649013,0.2745246885384694,0.1947491538318955
All Population,Prevalence,New York,Both,70-74 years,Chronic kidney disease,Percent,2016,0.3272839841640846,0.37256567966115,0.2852827600396566
All Population,Prevalence,New York,Both,75-79 years,Chronic kidney disease,Percent,2016,0.4326473150377589,0.4916450950912707,0.3815013393189841
All Population,Prevalence,New York,Both,80+ years,Chronic kidney disease,Percent,2016,0.6084909689388895,0.668054361077191,0.5674406960933905
All Population,Prevalence,New York,Both,<5 years,HIV/AIDS,Percent,2016,0.0001380318987467,0.0002513356180663,6.40547500453e-05
All Population,Prevalence,New York,Both,5-9 years,HIV/AIDS,Percent,2016,9.09139176287e-05,0.0001609432056695,4.50781793538e-05
All Population,Prevalence,New York,Both,10-14 years,HIV/AIDS,Percent,2016,9.85869014246e-05,0.0001521911698087,6.08126295665e-05
All Population,Prevalence,New York,Both,15-19 years,HIV/AIDS,Percent,2016,0.0005991143652667,0.000880124052967,0.0003913827299532
All Population,Prevalence,New York,Both,20-24 years,HIV/AIDS,Percent,2016,0.002018661088923,0.0029119077999615,0.0012783121311412
All Population,Prevalence,New York,Both,25-29 years,HIV/AIDS,Percent,2016,0.0038027484889391,0.0057880123915883,0.0023275997155661
All Population,Prevalence,New York,Both,30-34 years,HIV/AIDS,Percent,2016,0.0051084716297919,0.0078423822774157,0.0030202958131845
All Population,Prevalence,New York,Both,35-39 years,HIV/AIDS,Percent,2016,0.0068253976886194,0.0108793642520348,0.0039048388788113
All Population,Prevalence,New York,Both,40-44 years,HIV/AIDS,Percent,2016,0.0095009442781205,0.0153474079290658,0.0054355954547819
All Population,Prevalence,New York,Both,45-49 years,HIV/AIDS,Percent,2016,0.0136399515401187,0.0214217010705861,0.007610993561267
All Population,Prevalence,New York,Both,50-54 years,HIV/AIDS,Percent,2016,0.0186030019257555,0.0288810247441696,0.0099922494611515
All Population,Prevalence,New York,Both,55-59 years,HIV/AIDS,Percent,2016,0.0212445350256491,0.0331755968750485,0.0109118696714799
All Population,Prevalence,New York,Both,60-64 years,HIV/AIDS,Percent,2016,0.0203989536434132,0.0319626353464564,0.0107032414315492
All Population,Prevalence,New York,Both,65-69 years,HIV/AIDS,Percent,2016,0.0143855332388705,0.0237477584214899,0.0074939284588806
All Population,Prevalence,New York,Both,70-74 years,HIV/AIDS,Percent,2016,0.0086489887520933,0.0142041436994198,0.0046850030064169
All Population,Prevalence,New York,Both,75-79 years,HIV/AIDS,Percent,2016,0.0051481404232096,0.008358180535722,0.0028469582578591
All Population,Prevalence,New York,Both,80+ years,HIV/AIDS,Percent,2016,0.0022712143629411,0.0037914467714503,0.0012156825167052
All Population,Prevalence,New York,Both,<5 years,Alcohol use disorders,Percent,2016,0.0007677250339977,0.0013101673025077,0.0003133615106255
All Population,Prevalence,New York,Both,5-9 years,Alcohol use disorders,Percent,2016,0.0006255911434467,0.0010259965442271,0.0003043432027053
All Population,Prevalence,New York,Both,10-14 years,Alcohol use disorders,Percent,2016,0.0023714713713861,0.0033761232564937,0.0015311256621947
All Population,Prevalence,New York,Both,15-19 years,Alcohol use disorders,Percent,2016,0.0196661673106472,0.0267264057722075,0.0139774641727095
All Population,Prevalence,New York,Both,20-24 years,Alcohol use disorders,Percent,2016,0.0468417049754204,0.0633696420756407,0.0340245376727157
All Population,Prevalence,New York,Both,25-29 years,Alcohol use disorders,Percent,2016,0.0489122318355732,0.0626038665878038,0.0375468616522198
All Population,Prevalence,New York,Both,30-34 years,Alcohol use disorders,Percent,2016,0.0441046906743852,0.0575911513794576,0.0321068164116126
All Population,Prevalence,New York,Both,35-39 years,Alcohol use disorders,Percent,2016,0.0380493365294065,0.0479855999941599,0.0286524540982241
All Population,Prevalence,New York,Both,40-44 years,Alcohol use disorders,Percent,2016,0.032874538267069,0.0447767472196661,0.0238506694077919
All Population,Prevalence,New York,Both,45-49 years,Alcohol use disorders,Percent,2016,0.0311206753513304,0.0390268009402563,0.0252425955484546
All Population,Prevalence,New York,Both,50-54 years,Alcohol use disorders,Percent,2016,0.0294407137596355,0.0383792387140911,0.0216659411645234
All Population,Prevalence,New York,Both,55-59 years,Alcohol use disorders,Percent,2016,0.0262803658105793,0.0325861497568126,0.0206830262579679
All Population,Prevalence,New York,Both,60-64 years,Alcohol use disorders,Percent,2016,0.0225142524909916,0.0298715954079202,0.016168468050713
All Population,Prevalence,New York,Both,65-69 years,Alcohol use disorders,Percent,2016,0.0184524796196772,0.0232724687983295,0.0141184906255792
All Population,Prevalence,New York,Both,70-74 years,Alcohol use disorders,Percent,2016,0.0147485232196419,0.0189107108292113,0.0107657644312023
All Population,Prevalence,New York,Both,75-79 years,Alcohol use disorders,Percent,2016,0.0129115031508985,0.016410471994747,0.0095839515588121
All Population,Prevalence,New York,Both,80+ years,Alcohol use disorders,Percent,2016,0.0135127217519713,0.0168839781470617,0.0104953569171203
All Population,Prevalence,New York,Both,<5 years,Drug use disorders,Percent,2016,0.0,0.0,0.0
All Population,Prevalence,New York,Both,5-9 years,Drug use disorders,Percent,2016,0.0,0.0,0.0
All Population,Prevalence,New York,Both,10-14 years,Drug use disorders,Percent,2016,0.0048195753954065,0.0093303408907221,0.0012964005941167
All Population,Prevalence,New York,Both,15-19 years,Drug use disorders,Percent,2016,0.0594405375920402,0.0920369169474022,0.0359979128326613
All Population,Prevalence,New York,Both,20-24 years,Drug use disorders,Percent,2016,0.08164439963993,0.099920314568222,0.0671475450931005
All Population,Prevalence,New York,Both,25-29 years,Drug use disorders,Percent,2016,0.0752320926990632,0.0866251522684921,0.0658854280075892
All Population,Prevalence,New York,Both,30-34 years,Drug use disorders,Percent,2016,0.0589209900796315,0.0678434605426993,0.0513424704735342
All Population,Prevalence,New York,Both,35-39 years,Drug use disorders,Percent,2016,0.0467768202340572,0.0551773999422245,0.0404131165049157
All Population,Prevalence,New York,Both,40-44 years,Drug use disorders,Percent,2016,0.0382502231648274,0.0442805973275971,0.0326395520076656
All Population,Prevalence,New York,Both,45-49 years,Drug use disorders,Percent,2016,0.0311245783935106,0.0363629301505527,0.0269091363313556
All Population,Prevalence,New York,Both,50-54 years,Drug use disorders,Percent,2016,0.0247190382768579,0.0281611605658586,0.0210895127108104
All Population,Prevalence,New York,Both,55-59 years,Drug use disorders,Percent,2016,0.0170982528503958,0.0193856057954215,0.0146919580643365
All Population,Prevalence,New York,Both,60-64 years,Drug use disorders,Percent,2016,0.0101717021520347,0.0117200830690856,0.0085809257735058
All Population,Prevalence,New York,Both,65-69 years,Drug use disorders,Percent,2016,0.0060637198012109,0.0070762043350434,0.0050698835452682
All Population,Prevalence,New York,Both,70-74 years,Drug use disorders,Percent,2016,0.0037867126027149,0.0044858726703183,0.0032314294296051
All Population,Prevalence,New York,Both,75-79 years,Drug use disorders,Percent,2016,0.0027485549591744,0.0032202150747895,0.0023229011894223
All Population,Prevalence,New York,Both,80+ years,Drug use disorders,Percent,2016,0.0022309461291152,0.0026820863720995,0.0018879039009926
All Population,Prevalence,New York,Both,<5 years,Depressive disorders,Percent,2016,6.985264977e-06,1.31752401626e-05,2.4581590671e-06
All Population,Prevalence,New York,Both,5-9 years,Depressive disorders,Percent,2016,0.0085102729872971,0.0126172562936182,0.0056157130026627
All Population,Prevalence,New York,Both,10-14 years,Depressive disorders,Percent,2016,0.036449098029697,0.0476211583751474,0.0280557425491185
All Population,Prevalence,New York,Both,15-19 years,Depressive disorders,Percent,2016,0.053375541006097,0.0657106309369916,0.0406344558633805
All Population,Prevalence,New York,Both,20-24 years,Depressive disorders,Percent,2016,0.0529901723210638,0.062436050624145,0.0436695474147032
All Population,Prevalence,New York,Both,25-29 years,Depressive disorders,Percent,2016,0.0545804175864319,0.06355133634008,0.045365795302111
All Population,Prevalence,New York,Both,30-34 years,Depressive disorders,Percent,2016,0.0546332045112135,0.0635689208496934,0.0455179658566476
All Population,Prevalence,New York,Both,35-39 years,Depressive disorders,Percent,2016,0.055210157503342,0.063635200697568,0.0474112818291417
All Population,Prevalence,New York,Both,40-44 years,Depressive disorders,Percent,2016,0.0546531382144316,0.0641297137569328,0.0468203511624396
All Population,Prevalence,New York,Both,45-49 years,Depressive disorders,Percent,2016,0.0523082479490306,0.0622656481679083,0.0447869806987817
All Population,Prevalence,New York,Both,50-54 years,Depressive disorders,Percent,2016,0.0499408406439749,0.0597867469119326,0.0425564072582717
All Population,Prevalence,New York,Both,55-59 years,Depressive disorders,Percent,2016,0.0459075248086386,0.05454421526828,0.0394922270378814
All Population,Prevalence,New York,Both,60-64 years,Depressive disorders,Percent,2016,0.042839279402767,0.050828470672153,0.0362764956472738
All Population,Prevalence,New York,Both,65-69 years,Depressive disorders,Percent,2016,0.0409501975053783,0.0481965867736903,0.0353591370874745
All Population,Prevalence,New York,Both,70-74 years,Depressive disorders,Percent,2016,0.0389535430757598,0.045903454641427,0.0333006743305133
All Population,Prevalence,New York,Both,75-79 years,Depressive disorders,Percent,2016,0.0384898506177469,0.0450408889748959,0.0325002740853057
All Population,Prevalence,New York,Both,80+ years,Depressive disorders,Percent,2016,0.0384395775479569,0.0457182090961433,0.031715682436511
All Population,Prevalence,New York,Both,<5 years,Anxiety disorders,Percent,2016,0.0016216966601879,0.0043492835405478,0.0004867385855585
All Population,Prevalence,New York,Both,5-9 years,Anxiety disorders,Percent,2016,0.0243722139720805,0.0559290899294844,0.0095215495155042
All Population,Prevalence,New York,Both,10-14 years,Anxiety disorders,Percent,2016,0.0330147600284999,0.0496033548543955,0.0196331476397941
All Population,Prevalence,New York,Both,15-19 years,Anxiety disorders,Percent,2016,0.0630813079717223,0.0976603293789255,0.0411735368306551
All Population,Prevalence,New York,Both,20-24 years,Anxiety disorders,Percent,2016,0.0643482249719281,0.0899276070659307,0.0459949572818961
All Population,Prevalence,New York,Both,25-29 years,Anxiety disorders,Percent,2016,0.0640342506420045,0.0828449864572508,0.0465137667326261
All Population,Prevalence,New York,Both,30-34 years,Anxiety disorders,Percent,2016,0.0635305804709316,0.0810122081284756,0.0473375176437849
All Population,Prevalence,New York,Both,35-39 years,Anxiety disorders,Percent,2016,0.0625814226552474,0.0785077012860805,0.0500091416236557
All Population,Prevalence,New York,Both,40-44 years,Anxiety disorders,Percent,2016,0.0621728994903858,0.0773639502370217,0.0507759015733889
All Population,Prevalence,New York,Both,45-49 years,Anxiety disorders,Percent,2016,0.0629379595342125,0.0794367009586547,0.0518609298130153
All Population,Prevalence,New York,Both,50-54 years,Anxiety disorders,Percent,2016,0.0641429454852973,0.0805371252743512,0.0505663421524856
All Population,Prevalence,New York,Both,55-59 years,Anxiety disorders,Percent,2016,0.0645913213392431,0.0829202953737154,0.0504958446868948
All Population,Prevalence,New York,Both,60-64 years,Anxiety disorders,Percent,2016,0.063562103669628,0.0820071093348395,0.0488051295307717
All Population,Prevalence,New York,Both,65-69 years,Anxiety disorders,Percent,2016,0.0603658562317262,0.0791734877457809,0.0472542428522547
All Population,Prevalence,New York,Both,70-74 years,Anxiety disorders,Percent,2016,0.0560286089870541,0.0771895664917387,0.0434939274043115
All Population,Prevalence,New York,Both,75-79 years,Anxiety disorders,Percent,2016,0.0523141381242983,0.0703925321066481,0.039794052381854
All Population,Prevalence,New York,Both,80+ years,Anxiety disorders,Percent,2016,0.0498167358112649,0.065419236627821,0.037090861316362
All Population,Prevalence,New York,Both,<5 years,Diabetes mellitus type 1,Percent,2016,0.0006116943694935,0.0007680084275268,0.0004784459221784
All Population,Prevalence,New York,Both,5-9 years,Diabetes mellitus type 1,Percent,2016,0.002973751246223,0.0033800678616693,0.0025666838748003
All Population,Prevalence,New York,Both,10-14 years,Diabetes mellitus type 1,Percent,2016,0.00481007081503,0.0052768682369433,0.004357319878168
All Population,Prevalence,New York,Both,15-19 years,Diabetes mellitus type 1,Percent,2016,0.005414676377311,0.0059657971474322,0.004883398564049
All Population,Prevalence,New York,Both,20-24 years,Diabetes mellitus type 1,Percent,2016,0.0051818404896388,0.0060609572270211,0.00431523890138
All Population,Prevalence,New York,Both,25-29 years,Diabetes mellitus type 1,Percent,2016,0.0048245019765656,0.0059255620699698,0.0039055801805293
All Population,Prevalence,New York,Both,30-34 years,Diabetes mellitus type 1,Percent,2016,0.0047083111053195,0.0060090183768571,0.0038713590078704
All Population,Prevalence,New York,Both,35-39 years,Diabetes mellitus type 1,Percent,2016,0.0048114709294126,0.0058182113656944,0.0040091445327062
All Population,Prevalence,New York,Both,40-44 years,Diabetes mellitus type 1,Percent,2016,0.0050355461753562,0.0059302225474176,0.0040848542763224
All Population,Prevalence,New York,Both,45-49 years,Diabetes mellitus type 1,Percent,2016,0.0051325261051045,0.0062704718461084,0.0041645772519265
All Population,Prevalence,New York,Both,50-54 years,Diabetes mellitus type 1,Percent,2016,0.0050880882131686,0.0062885297208005,0.0041330396961262
All Population,Prevalence,New York,Both,55-59 years,Diabetes mellitus type 1,Percent,2016,0.0049191844468898,0.0059736768264947,0.0039805106730959
All Population,Prevalence,New York,Both,60-64 years,Diabetes mellitus type 1,Percent,2016,0.0046172572859511,0.0054680535685027,0.0036604566754118
All Population,Prevalence,New York,Both,65-69 years,Diabetes mellitus type 1,Percent,2016,0.0042157227977886,0.0051162702956742,0.0032467803729852
All Population,Prevalence,New York,Both,70-74 years,Diabetes mellitus type 1,Percent,2016,0.0037719438549909,0.0047939546728939,0.0027313981482589
All Population,Prevalence,New York,Both,75-79 years,Diabetes mellitus type 1,Percent,2016,0.0032921282368723,0.0042767048898981,0.0023119560986696
All Population,Prevalence,New York,Both,80+ years,Diabetes mellitus type 1,Percent,2016,0.0024114741088783,0.0032262667100968,0.0015896462584736
All Population,Prevalence,New York,Both,<5 years,Diabetes mellitus type 2,Percent,2016,0.0,0.0,0.0
All Population,Prevalence,New York,Both,5-9 years,Diabetes mellitus type 2,Percent,2016,0.0,0.0,0.0
All Population,Prevalence,New York,Both,10-14 years,Diabetes mellitus type 2,Percent,2016,0.0,0.0,0.0
All Population,Prevalence,New York,Both,15-19 years,Diabetes mellitus type 2,Percent,2016,0.0043933074995846,0.0058183248861579,0.0030212228704739
All Population,Prevalence,New York,Both,20-24 years,Diabetes mellitus type 2,Percent,2016,0.0079318263415804,0.0098355434126474,0.0061990719735294
All Population,Prevalence,New York,Both,25-29 years,Diabetes mellitus type 2,Percent,2016,0.0124172107972461,0.0146550722710332,0.010341546830936
All Population,Prevalence,New York,Both,30-34 years,Diabetes mellitus type 2,Percent,2016,0.0221894736931712,0.0253906597859028,0.0189823255035247
All Population,Prevalence,New York,Both,35-39 years,Diabetes mellitus type 2,Percent,2016,0.0403902117980487,0.0449927537852507,0.036123001949629
All Population,Prevalence,New York,Both,40-44 years,Diabetes mellitus type 2,Percent,2016,0.0675104383814694,0.0753008669022511,0.0610344881383844
All Population,Prevalence,New York,Both,45-49 years,Diabetes mellitus type 2,Percent,2016,0.1048305392259789,0.1139896658514016,0.095677747899061
All Population,Prevalence,New York,Both,50-54 years,Diabetes mellitus type 2,Percent,2016,0.1505601778452121,0.1657998236823264,0.1343236414994645
All Population,Prevalence,New York,Both,55-59 years,Diabetes mellitus type 2,Percent,2016,0.2014576766732127,0.2195440666990368,0.18438686401986
All Population,Prevalence,New York,Both,60-64 years,Diabetes mellitus type 2,Percent,2016,0.2525420161721678,0.2726354709138786,0.2351103687681341
All Population,Prevalence,New York,Both,65-69 years,Diabetes mellitus type 2,Percent,2016,0.2924386586826629,0.3124906895799481,0.2732034620121681
All Population,Prevalence,New York,Both,70-74 years,Diabetes mellitus type 2,Percent,2016,0.3185110703046304,0.3404116755082615,0.2971698223733405
All Population,Prevalence,New York,Both,75-79 years,Diabetes mellitus type 2,Percent,2016,0.325936583880758,0.3498748355938351,0.3011718849932595
All Population,Prevalence,New York,Both,80+ years,Diabetes mellitus type 2,Percent,2016,0.30296034796342,0.3267206604390454,0.2782745995888354
All Population,Prevalence,New York,Both,<5 years,Chronic kidney disease,Percent,2017,0.0004949764486789,0.0006188084011799,0.000399091507725
All Population,Prevalence,New York,Both,5-9 years,Chronic kidney disease,Percent,2017,0.0025015820305402,0.0034479725757269,0.0017644020645323
All Population,Prevalence,New York,Both,10-14 years,Chronic kidney disease,Percent,2017,0.0125360621969349,0.016091691769631,0.009731868519673
All Population,Prevalence,New York,Both,15-19 years,Chronic kidney disease,Percent,2017,0.0318964263640328,0.0412101206438768,0.0242386829700615
All Population,Prevalence,New York,Both,20-24 years,Chronic kidney disease,Percent,2017,0.0454403766058466,0.057834506053776,0.0361814423283412
All Population,Prevalence,New York,Both,25-29 years,Chronic kidney disease,Percent,2017,0.0493916598704494,0.0630619964008822,0.0376272078578315
All Population,Prevalence,New York,Both,30-34 years,Chronic kidney disease,Percent,2017,0.0593459690276034,0.0758291039154259,0.0458815516018551
All Population,Prevalence,New York,Both,35-39 years,Chronic kidney disease,Percent,2017,0.0686777896390909,0.0858723362367093,0.0528088649124187
All Population,Prevalence,New York,Both,40-44 years,Chronic kidney disease,Percent,2017,0.0719618883496338,0.0903416485108281,0.0580793184546813
All Population,Prevalence,New York,Both,45-49 years,Chronic kidney disease,Percent,2017,0.0803208924158973,0.0974411843844378,0.0645498295487538
All Population,Prevalence,New York,Both,50-54 years,Chronic kidney disease,Percent,2017,0.0990966374088278,0.1207022066616188,0.0801902263373169
All Population,Prevalence,New York,Both,55-59 years,Chronic kidney disease,Percent,2017,0.1231722938358705,0.1474405942077432,0.1000548759598693
All Population,Prevalence,New York,Both,60-64 years,Chronic kidney disease,Percent,2017,0.1607664945789328,0.1911070756874091,0.1327284593566285
All Population,Prevalence,New York,Both,65-69 years,Chronic kidney disease,Percent,2017,0.2334580209835587,0.2737623865534395,0.1950781587498953
All Population,Prevalence,New York,Both,70-74 years,Chronic kidney disease,Percent,2017,0.326903164808246,0.3730350878792623,0.2843745155146904
All Population,Prevalence,New York,Both,75-79 years,Chronic kidney disease,Percent,2017,0.4322280001689925,0.4891790896047372,0.3818693449590109
All Population,Prevalence,New York,Both,80+ years,Chronic kidney disease,Percent,2017,0.6078960960607124,0.663028754587607,0.5659255915193341
All Population,Prevalence,New York,Both,<5 years,HIV/AIDS,Percent,2017,0.0001380635673347,0.0002476575003377,6.7878204769e-05
All Population,Prevalence,New York,Both,5-9 years,HIV/AIDS,Percent,2017,9.39077173581e-05,0.0001727905029024,4.33600771753e-05
All Population,Prevalence,New York,Both,10-14 years,HIV/AIDS,Percent,2017,9.13651678542e-05,0.000146172728213,5.57383092589e-05
All Population,Prevalence,New York,Both,15-19 years,HIV/AIDS,Percent,2017,0.0006028962866649,0.000921438000363,0.000377340159205
All Population,Prevalence,New York,Both,20-24 years,HIV/AIDS,Percent,2017,0.0020044286233597,0.0029578938979512,0.0012382478025002
All Population,Prevalence,New York,Both,25-29 years,HIV/AIDS,Percent,2017,0.0038881887476548,0.0059695362254736,0.0022780075661461
All Population,Prevalence,New York,Both,30-34 years,HIV/AIDS,Percent,2017,0.0052131734397334,0.0081953132111473,0.0030783355146669
All Population,Prevalence,New York,Both,35-39 years,HIV/AIDS,Percent,2017,0.0067364113031275,0.0106960224595812,0.0037780405335407
All Population,Prevalence,New York,Both,40-44 years,HIV/AIDS,Percent,2017,0.0091179026630059,0.0146460937740519,0.0052156683679387
All Population,Prevalence,New York,Both,45-49 years,HIV/AIDS,Percent,2017,0.0129057487711592,0.0205958911722053,0.0072291478869124
All Population,Prevalence,New York,Both,50-54 years,HIV/AIDS,Percent,2017,0.0177252314279297,0.0274937944217036,0.009480280391689
All Population,Prevalence,New York,Both,55-59 years,HIV/AIDS,Percent,2017,0.0209119723219573,0.0329377492733288,0.0107812104720962
All Population,Prevalence,New York,Both,60-64 years,HIV/AIDS,Percent,2017,0.0209463427535258,0.0328586140549409,0.0109890367071066
All Population,Prevalence,New York,Both,65-69 years,HIV/AIDS,Percent,2017,0.0156001276280157,0.0253953760795015,0.0080827354414359
All Population,Prevalence,New York,Both,70-74 years,HIV/AIDS,Percent,2017,0.0095886174051458,0.0157518029526271,0.0051776192600484
All Population,Prevalence,New York,Both,75-79 years,HIV/AIDS,Percent,2017,0.0056130534691068,0.0090085031471229,0.0030959924512765
All Population,Prevalence,New York,Both,80+ years,HIV/AIDS,Percent,2017,0.0024480938878475,0.0040747791949284,0.0013254753340806
All Population,Prevalence,New York,Both,<5 years,Alcohol use disorders,Percent,2017,0.0007575497337345,0.0012602054831728,0.0002768506300912
All Population,Prevalence,New York,Both,5-9 years,Alcohol use disorders,Percent,2017,0.0006205109357315,0.00103567102307,0.0003008695778029
All Population,Prevalence,New York,Both,10-14 years,Alcohol use disorders,Percent,2017,0.0023018874459224,0.0032554096694954,0.0014669470905362
All Population,Prevalence,New York,Both,15-19 years,Alcohol use disorders,Percent,2017,0.018927802539227,0.0254083206096909,0.0136288618980877
All Population,Prevalence,New York,Both,20-24 years,Alcohol use disorders,Percent,2017,0.0449753696751226,0.0607322713258342,0.03269178065936
All Population,Prevalence,New York,Both,25-29 years,Alcohol use disorders,Percent,2017,0.0480269780882413,0.0613598884191756,0.0367957247231651
All Population,Prevalence,New York,Both,30-34 years,Alcohol use disorders,Percent,2017,0.0441300834179503,0.0574675080511026,0.0321104313138122
All Population,Prevalence,New York,Both,35-39 years,Alcohol use disorders,Percent,2017,0.0381420016562891,0.0482679007372389,0.0291894567686159
All Population,Prevalence,New York,Both,40-44 years,Alcohol use disorders,Percent,2017,0.0329059404079711,0.0444272287336685,0.0239717928557407
All Population,Prevalence,New York,Both,45-49 years,Alcohol use disorders,Percent,2017,0.031153624103242,0.0388661832200002,0.025178049490726
All Population,Prevalence,New York,Both,50-54 years,Alcohol use disorders,Percent,2017,0.0295718725557263,0.0380135724726483,0.0216543423939182
All Population,Prevalence,New York,Both,55-59 years,Alcohol use disorders,Percent,2017,0.0266501390568331,0.0327557556501249,0.0212910445551942
All Population,Prevalence,New York,Both,60-64 years,Alcohol use disorders,Percent,2017,0.0230458945350373,0.0302738821315235,0.0166569702379818
All Population,Prevalence,New York,Both,65-69 years,Alcohol use disorders,Percent,2017,0.0188956048989058,0.0240644177171082,0.0144418353041767
All Population,Prevalence,New York,Both,70-74 years,Alcohol use disorders,Percent,2017,0.0149899563196155,0.019027023883304,0.0111226328338229
All Population,Prevalence,New York,Both,75-79 years,Alcohol use disorders,Percent,2017,0.0130260238976831,0.0164898426750747,0.0097425516689329
All Population,Prevalence,New York,Both,80+ years,Alcohol use disorders,Percent,2017,0.0136154175411815,0.0170177442775544,0.0106611888182439
All Population,Prevalence,New York,Both,<5 years,Drug use disorders,Percent,2017,0.0,0.0,0.0
All Population,Prevalence,New York,Both,5-9 years,Drug use disorders,Percent,2017,0.0,0.0,0.0
All Population,Prevalence,New York,Both,10-14 years,Drug use disorders,Percent,2017,0.0048030618793784,0.0093541378371991,0.0012584584012153
All Population,Prevalence,New York,Both,15-19 years,Drug use disorders,Percent,2017,0.0607272633500204,0.0945892496386878,0.0366508518789208
All Population,Prevalence,New York,Both,20-24 years,Drug use disorders,Percent,2017,0.0861096813810061,0.1037477250511063,0.0713581820173749
All Population,Prevalence,New York,Both,25-29 years,Drug use disorders,Percent,2017,0.0804311395416969,0.0926095044434385,0.0709727809400416
All Population,Prevalence,New York,Both,30-34 years,Drug use disorders,Percent,2017,0.0625700605898834,0.0722638675079612,0.0544923082798418
All Population,Prevalence,New York,Both,35-39 years,Drug use disorders,Percent,2017,0.0493079761784454,0.0584649713850636,0.0427812405615814
All Population,Prevalence,New York,Both,40-44 years,Drug use disorders,Percent,2017,0.0401996312696028,0.0465352298318278,0.0348571912068211
All Population,Prevalence,New York,Both,45-49 years,Drug use disorders,Percent,2017,0.032809316540573,0.0386090285002611,0.0286813396632665
All Population,Prevalence,New York,Both,50-54 years,Drug use disorders,Percent,2017,0.0261460112025372,0.0299106987540792,0.0224479129004387
All Population,Prevalence,New York,Both,55-59 years,Drug use disorders,Percent,2017,0.0179059495571598,0.0203800865888433,0.0155206700955275
All Population,Prevalence,New York,Both,60-64 years,Drug use disorders,Percent,2017,0.0104013045150157,0.0118729297568479,0.0088077683093246
All Population,Prevalence,New York,Both,65-69 years,Drug use disorders,Percent,2017,0.0060624755431069,0.0071125780070772,0.0051169553791216
All Population,Prevalence,New York,Both,70-74 years,Drug use disorders,Percent,2017,0.0037260539887886,0.0044154950439052,0.0031916763366585
All Population,Prevalence,New York,Both,75-79 years,Drug use disorders,Percent,2017,0.0026813437091835,0.0031602706337658,0.0022627644197689
All Population,Prevalence,New York,Both,80+ years,Drug use disorders,Percent,2017,0.0021819132107908,0.0026073937192197,0.0018470811266086
All Population,Prevalence,New York,Both,<5 years,Depressive disorders,Percent,2017,7.0230072594e-06,1.32582070741e-05,2.5101774126e-06
All Population,Prevalence,New York,Both,5-9 years,Depressive disorders,Percent,2017,0.0085941264932597,0.0123844480278622,0.0055912341769984
All Population,Prevalence,New York,Both,10-14 years,Depressive disorders,Percent,2017,0.0365830416362006,0.0478859399160959,0.0287632919718443
All Population,Prevalence,New York,Both,15-19 years,Depressive disorders,Percent,2017,0.053286944155762,0.066568949047608,0.0406821187609617
All Population,Prevalence,New York,Both,20-24 years,Depressive disorders,Percent,2017,0.0532211703632302,0.0626851344683456,0.0440482079936905
All Population,Prevalence,New York,Both,25-29 years,Depressive disorders,Percent,2017,0.0547712359328106,0.06360556139547,0.0452963305169509
All Population,Prevalence,New York,Both,30-34 years,Depressive disorders,Percent,2017,0.0548132708368119,0.0643533531502196,0.0448594293802457
All Population,Prevalence,New York,Both,35-39 years,Depressive disorders,Percent,2017,0.055364660343357,0.0643772734493514,0.0473664316204995
All Population,Prevalence,New York,Both,40-44 years,Depressive disorders,Percent,2017,0.0547648875139612,0.0646504816239746,0.04666774437615
All Population,Prevalence,New York,Both,45-49 years,Depressive disorders,Percent,2017,0.0523523279450682,0.0627372753481084,0.0446123302179069
All Population,Prevalence,New York,Both,50-54 years,Depressive disorders,Percent,2017,0.0500042537404459,0.0600332668778631,0.0425036082148414
All Population,Prevalence,New York,Both,55-59 years,Depressive disorders,Percent,2017,0.0460059307192385,0.0546301956348485,0.0394377668446906
All Population,Prevalence,New York,Both,60-64 years,Depressive disorders,Percent,2017,0.0430267641448346,0.0515284582795232,0.0367510283945901
All Population,Prevalence,New York,Both,65-69 years,Depressive disorders,Percent,2017,0.0411183105018066,0.0487761041788944,0.0350399764612039
All Population,Prevalence,New York,Both,70-74 years,Depressive disorders,Percent,2017,0.0390376194885887,0.0461616430034752,0.0337097512471059
All Population,Prevalence,New York,Both,75-79 years,Depressive disorders,Percent,2017,0.0385542793574752,0.0455537590857415,0.0325914665853448
All Population,Prevalence,New York,Both,80+ years,Depressive disorders,Percent,2017,0.038464165638289,0.046023842615014,0.0319414714364811
All Population,Prevalence,New York,Both,<5 years,Anxiety disorders,Percent,2017,0.0016508599016683,0.0047871484769341,0.0004946300283883
All Population,Prevalence,New York,Both,5-9 years,Anxiety disorders,Percent,2017,0.0248761510365534,0.0578873724493037,0.0093525046455287
All Population,Prevalence,New York,Both,10-14 years,Anxiety disorders,Percent,2017,0.0340005143582803,0.0515871363027222,0.019397602311522
All Population,Prevalence,New York,Both,15-19 years,Anxiety disorders,Percent,2017,0.0642269716003921,0.0976058978504212,0.0422748132948676
All Population,Prevalence,New York,Both,20-24 years,Anxiety disorders,Percent,2017,0.0644205244494182,0.0918474305634157,0.0445541031997501
All Population,Prevalence,New York,Both,25-29 years,Anxiety disorders,Percent,2017,0.0632656464709174,0.0834806060483984,0.0448559714134361
All Population,Prevalence,New York,Both,30-34 years,Anxiety disorders,Percent,2017,0.0626176346277018,0.0805452454256209,0.0455097077604609
All Population,Prevalence,New York,Both,35-39 years,Anxiety disorders,Percent,2017,0.0611421303972554,0.0768962567448603,0.0477064626160516
All Population,Prevalence,New York,Both,40-44 years,Anxiety disorders,Percent,2017,0.0604973750741877,0.0768535865782187,0.0489562248122228
All Population,Prevalence,New York,Both,45-49 years,Anxiety disorders,Percent,2017,0.0611945774044708,0.079011846556676,0.0497764032650626
All Population,Prevalence,New York,Both,50-54 years,Anxiety disorders,Percent,2017,0.0623330434886617,0.0801218256598236,0.0482143678846411
All Population,Prevalence,New York,Both,55-59 years,Anxiety disorders,Percent,2017,0.0627075640600985,0.0809247207166486,0.0480147227792482
All Population,Prevalence,New York,Both,60-64 years,Anxiety disorders,Percent,2017,0.0622799323525817,0.0821800027714528,0.0470526295199664
All Population,Prevalence,New York,Both,65-69 years,Anxiety disorders,Percent,2017,0.060068281090243,0.0784619114046831,0.0463697281603663
All Population,Prevalence,New York,Both,70-74 years,Anxiety disorders,Percent,2017,0.0561428922170499,0.0779811543783369,0.0430986076335312
All Population,Prevalence,New York,Both,75-79 years,Anxiety disorders,Percent,2017,0.0525676243144212,0.0719217119961324,0.0393910205975186
All Population,Prevalence,New York,Both,80+ years,Anxiety disorders,Percent,2017,0.0501510407928076,0.067633043612017,0.0370018861570846
All Population,Prevalence,New York,Both,<5 years,Diabetes mellitus type 1,Percent,2017,0.0006323024521754,0.0008340171003407,0.0004822057346661
All Population,Prevalence,New York,Both,5-9 years,Diabetes mellitus type 1,Percent,2017,0.0029993792813117,0.0034417735237646,0.0025519422484614
All Population,Prevalence,New York,Both,10-14 years,Diabetes mellitus type 1,Percent,2017,0.0047616386775617,0.0053117583200443,0.0043227114132207
All Population,Prevalence,New York,Both,15-19 years,Diabetes mellitus type 1,Percent,2017,0.0054542451581196,0.0059874190527831,0.0049593782592751
All Population,Prevalence,New York,Both,20-24 years,Diabetes mellitus type 1,Percent,2017,0.005378928518945,0.0062024822078272,0.0046191935409669
All Population,Prevalence,New York,Both,25-29 years,Diabetes mellitus type 1,Percent,2017,0.0049674040371302,0.0060119984032395,0.0040326793984751
All Population,Prevalence,New York,Both,30-34 years,Diabetes mellitus type 1,Percent,2017,0.0047977117081434,0.0060589480854845,0.0039773321917727
All Population,Prevalence,New York,Both,35-39 years,Diabetes mellitus type 1,Percent,2017,0.0048458186671907,0.0058577129294824,0.0040475618457863
All Population,Prevalence,New York,Both,40-44 years,Diabetes mellitus type 1,Percent,2017,0.0050445504213578,0.0060011341604637,0.004128949489677
All Population,Prevalence,New York,Both,45-49 years,Diabetes mellitus type 1,Percent,2017,0.0051501150640718,0.0061945050227297,0.0041584787579067
All Population,Prevalence,New York,Both,50-54 years,Diabetes mellitus type 1,Percent,2017,0.0051077019832667,0.0063746710786409,0.0041539760188532
All Population,Prevalence,New York,Both,55-59 years,Diabetes mellitus type 1,Percent,2017,0.0049434207719927,0.0060524371510381,0.0040137172748591
All Population,Prevalence,New York,Both,60-64 years,Diabetes mellitus type 1,Percent,2017,0.0046481880937841,0.0055502427382058,0.003653887793113
All Population,Prevalence,New York,Both,65-69 years,Diabetes mellitus type 1,Percent,2017,0.0042455716946616,0.005151556490327,0.0032695848585176
All Population,Prevalence,New York,Both,70-74 years,Diabetes mellitus type 1,Percent,2017,0.0037995962419506,0.0047616194582435,0.0027384191626685
All Population,Prevalence,New York,Both,75-79 years,Diabetes mellitus type 1,Percent,2017,0.0033206594765811,0.0042964187386002,0.0023076562410337
All Population,Prevalence,New York,Both,80+ years,Diabetes mellitus type 1,Percent,2017,0.0024347936484208,0.0032625783681537,0.0016047792907979
All Population,Prevalence,New York,Both,<5 years,Diabetes mellitus type 2,Percent,2017,0.0,0.0,0.0
All Population,Prevalence,New York,Both,5-9 years,Diabetes mellitus type 2,Percent,2017,0.0,0.0,0.0
All Population,Prevalence,New York,Both,10-14 years,Diabetes mellitus type 2,Percent,2017,0.0,0.0,0.0
All Population,Prevalence,New York,Both,15-19 years,Diabetes mellitus type 2,Percent,2017,0.0045106465734887,0.0059461711745044,0.0031310869338513
All Population,Prevalence,New York,Both,20-24 years,Diabetes mellitus type 2,Percent,2017,0.0079714531813327,0.0098409968083226,0.006280482344703
All Population,Prevalence,New York,Both,25-29 years,Diabetes mellitus type 2,Percent,2017,0.0125545261895472,0.0148133998345727,0.0105699089927334
All Population,Prevalence,New York,Both,30-34 years,Diabetes mellitus type 2,Percent,2017,0.0225141819286865,0.0257529496933353,0.0192023326885419
All Population,Prevalence,New York,Both,35-39 years,Diabetes mellitus type 2,Percent,2017,0.0409703005096989,0.0453992768679889,0.0367448414886492
All Population,Prevalence,New York,Both,40-44 years,Diabetes mellitus type 2,Percent,2017,0.0683564546898234,0.0762876034381124,0.0619827349828309
All Population,Prevalence,New York,Both,45-49 years,Diabetes mellitus type 2,Percent,2017,0.1059706258137681,0.1148666587329558,0.0972208865482378
All Population,Prevalence,New York,Both,50-54 years,Diabetes mellitus type 2,Percent,2017,0.152031270394081,0.1672370776804299,0.1361035339377972
All Population,Prevalence,New York,Both,55-59 years,Diabetes mellitus type 2,Percent,2017,0.2034969256855878,0.2214234435390255,0.1866123226716891
All Population,Prevalence,New York,Both,60-64 years,Diabetes mellitus type 2,Percent,2017,0.2552774239327453,0.2750495299137043,0.2373882784282944
All Population,Prevalence,New York,Both,65-69 years,Diabetes mellitus type 2,Percent,2017,0.2959158691851964,0.316174471134364,0.2779124208044442
All Population,Prevalence,New York,Both,70-74 years,Diabetes mellitus type 2,Percent,2017,0.3227167849601973,0.3437729310988021,0.3013488995402777
All Population,Prevalence,New York,Both,75-79 years,Diabetes mellitus type 2,Percent,2017,0.3302782623147881,0.3546726459895035,0.3050223973501101
All Population,Prevalence,New York,Both,80+ years,Diabetes mellitus type 2,Percent,2017,0.3069628384500927,0.3304238890981656,0.2818388805743676
All Population,Prevalence,New York,Both,<5 years,Chronic kidney disease,Percent,2018,0.0004955494674959,0.0006192313415724,0.0004013194641733
All Population,Prevalence,New York,Both,5-9 years,Chronic kidney disease,Percent,2018,0.0025042783674714,0.0034205687457716,0.001775234340776
All Population,Prevalence,New York,Both,10-14 years,Chronic kidney disease,Percent,2018,0.0125436190952741,0.0161726870166692,0.0097078682054887
All Population,Prevalence,New York,Both,15-19 years,Chronic kidney disease,Percent,2018,0.0322527967981831,0.0419815576903991,0.0244917788470923
All Population,Prevalence,New York,Both,20-24 years,Chronic kidney disease,Percent,2018,0.0455620306508461,0.0577136461754114,0.0362353538591357
All Population,Prevalence,New York,Both,25-29 years,Chronic kidney disease,Percent,2018,0.049360512450638,0.0623871563376816,0.0378678039971386
All Population,Prevalence,New York,Both,30-34 years,Chronic kidney disease,Percent,2018,0.0614629119899425,0.0786144735915902,0.0481710411931676
All Population,Prevalence,New York,Both,35-39 years,Chronic kidney disease,Percent,2018,0.0723157145890761,0.0900775716347415,0.05572540426154
All Population,Prevalence,New York,Both,40-44 years,Chronic kidney disease,Percent,2018,0.0751809758920988,0.0952250179177816,0.060807083222474
All Population,Prevalence,New York,Both,45-49 years,Chronic kidney disease,Percent,2018,0.0833675092617509,0.1012247406228196,0.0669000628964769
All Population,Prevalence,New York,Both,50-54 years,Chronic kidney disease,Percent,2018,0.10240029962685,0.1245884426276403,0.0827704331374965
All Population,Prevalence,New York,Both,55-59 years,Chronic kidney disease,Percent,2018,0.1265250938391244,0.1520288351923359,0.1026544602510548
All Population,Prevalence,New York,Both,60-64 years,Chronic kidney disease,Percent,2018,0.162567340273842,0.193413260461025,0.1341719643914058
All Population,Prevalence,New York,Both,65-69 years,Chronic kidney disease,Percent,2018,0.2335010648253115,0.272775638048964,0.1950632429284762
All Population,Prevalence,New York,Both,70-74 years,Chronic kidney disease,Percent,2018,0.3262086236205872,0.3725618666913415,0.2838291764318041
All Population,Prevalence,New York,Both,75-79 years,Chronic kidney disease,Percent,2018,0.4313358762889776,0.4869196453533904,0.3809265934207359
All Population,Prevalence,New York,Both,80+ years,Chronic kidney disease,Percent,2018,0.605888467272473,0.6614196335331248,0.5637544356893774
All Population,Prevalence,New York,Both,<5 years,HIV/AIDS,Percent,2018,0.0001397423777315,0.0002487617423836,7.08744678806e-05
All Population,Prevalence,New York,Both,5-9 years,HIV/AIDS,Percent,2018,9.71157398504e-05,0.000182329477881,4.28462911842e-05
All Population,Prevalence,New York,Both,10-14 years,HIV/AIDS,Percent,2018,8.39311571566e-05,0.0001365991507963,4.99161483064e-05
All Population,Prevalence,New York,Both,15-19 years,HIV/AIDS,Percent,2018,0.0005949986822231,0.000918153077257,0.0003552537862343
All Population,Prevalence,New York,Both,20-24 years,HIV/AIDS,Percent,2018,0.0019874722160485,0.0029944113445525,0.0012076097883682
All Population,Prevalence,New York,Both,25-29 years,HIV/AIDS,Percent,2018,0.0039311065690495,0.0060341129232667,0.0022328384553386
All Population,Prevalence,New York,Both,30-34 years,HIV/AIDS,Percent,2018,0.0053311533744492,0.0085252761772096,0.0031133854852643
All Population,Prevalence,New York,Both,35-39 years,HIV/AIDS,Percent,2018,0.0066892243539869,0.010718363495367,0.003762370719372
All Population,Prevalence,New York,Both,40-44 years,HIV/AIDS,Percent,2018,0.0088276463380532,0.0143381472982233,0.004931124078684
All Population,Prevalence,New York,Both,45-49 years,HIV/AIDS,Percent,2018,0.0122190447902556,0.019564884994708,0.0069292404346485
All Population,Prevalence,New York,Both,50-54 years,HIV/AIDS,Percent,2018,0.0167815744774595,0.0257186540590519,0.0091432657507374
All Population,Prevalence,New York,Both,55-59 years,HIV/AIDS,Percent,2018,0.0204859806424371,0.0321523030162927,0.0106454443394353
All Population,Prevalence,New York,Both,60-64 years,HIV/AIDS,Percent,2018,0.0212557521973762,0.034050876944019,0.0109481874106973
All Population,Prevalence,New York,Both,65-69 years,HIV/AIDS,Percent,2018,0.0168462881073095,0.0272180006897005,0.0087679288671324
All Population,Prevalence,New York,Both,70-74 years,HIV/AIDS,Percent,2018,0.0105960987295177,0.0173195224507146,0.005634919092266
All Population,Prevalence,New York,Both,75-79 years,HIV/AIDS,Percent,2018,0.0061535656745181,0.0099832328236483,0.0033571128655123
All Population,Prevalence,New York,Both,80+ years,HIV/AIDS,Percent,2018,0.0026381185343284,0.0043685870585182,0.0014130438702977
All Population,Prevalence,New York,Both,<5 years,Alcohol use disorders,Percent,2018,0.000742904037487,0.0012410900437782,0.0002513436947891
All Population,Prevalence,New York,Both,5-9 years,Alcohol use disorders,Percent,2018,0.0006128847957526,0.0010356866018875,0.0002856009210187
All Population,Prevalence,New York,Both,10-14 years,Alcohol use disorders,Percent,2018,0.0022265949407103,0.0031997289156378,0.0013922263149269
All Population,Prevalence,New York,Both,15-19 years,Alcohol use disorders,Percent,2018,0.0181491221687904,0.0242834207083919,0.0131264091959746
All Population,Prevalence,New York,Both,20-24 years,Alcohol use disorders,Percent,2018,0.0430662180894127,0.0581647215069277,0.0316740438180244
All Population,Prevalence,New York,Both,25-29 years,Alcohol use disorders,Percent,2018,0.0470193813446353,0.0602309148225658,0.036264007813861
All Population,Prevalence,New York,Both,30-34 years,Alcohol use disorders,Percent,2018,0.0441456878273685,0.0576575290037328,0.0319254966622372
All Population,Prevalence,New York,Both,35-39 years,Alcohol use disorders,Percent,2018,0.0382253323710961,0.0483395306356642,0.0293466527067327
All Population,Prevalence,New York,Both,40-44 years,Alcohol use disorders,Percent,2018,0.032961649598248,0.0440391967972232,0.024288324376495
All Population,Prevalence,New York,Both,45-49 years,Alcohol use disorders,Percent,2018,0.0311873020863367,0.0388354719011162,0.025165162924833
All Population,Prevalence,New York,Both,50-54 years,Alcohol use disorders,Percent,2018,0.0297094214579879,0.0388099603700356,0.0218419817157043
All Population,Prevalence,New York,Both,55-59 years,Alcohol use disorders,Percent,2018,0.0270169499528837,0.033082409676937,0.0216598234352924
All Population,Prevalence,New York,Both,60-64 years,Alcohol use disorders,Percent,2018,0.023593541508145,0.0307028932639513,0.0170734097865424
All Population,Prevalence,New York,Both,65-69 years,Alcohol use disorders,Percent,2018,0.0193254920920378,0.0243598968464215,0.0146634169559445
All Population,Prevalence,New York,Both,70-74 years,Alcohol use disorders,Percent,2018,0.0152020324718937,0.0193469200470669,0.0113674518969383
All Population,Prevalence,New York,Both,75-79 years,Alcohol use disorders,Percent,2018,0.0131236469458707,0.016730303475761,0.0096829219038027
All Population,Prevalence,New York,Both,80+ years,Alcohol use disorders,Percent,2018,0.0136900582732448,0.0171420255277353,0.0107453340931567
All Population,Prevalence,New York,Both,<5 years,Drug use disorders,Percent,2018,0.0,0.0,0.0
All Population,Prevalence,New York,Both,5-9 years,Drug use disorders,Percent,2018,0.0,0.0,0.0
All Population,Prevalence,New York,Both,10-14 years,Drug use disorders,Percent,2018,0.0047974209888889,0.0093810277463538,0.0012318030269616
All Population,Prevalence,New York,Both,15-19 years,Drug use disorders,Percent,2018,0.0623264070250194,0.096550715702265,0.0383703140619948
All Population,Prevalence,New York,Both,20-24 years,Drug use disorders,Percent,2018,0.0910276848346927,0.1087201081697261,0.0759675373492936
All Population,Prevalence,New York,Both,25-29 years,Drug use disorders,Percent,2018,0.086094138208968,0.0992554874385124,0.0759172645318994
All Population,Prevalence,New York,Both,30-34 years,Drug use disorders,Percent,2018,0.0666243271851957,0.0771417581383768,0.0577866142723561
All Population,Prevalence,New York,Both,35-39 years,Drug use disorders,Percent,2018,0.052089527306962,0.060991014037585,0.0453573416449228
All Population,Prevalence,New York,Both,40-44 years,Drug use disorders,Percent,2018,0.0422677441049857,0.0492256736027322,0.0369548240529748
All Population,Prevalence,New York,Both,45-49 years,Drug use disorders,Percent,2018,0.0345161802710854,0.0404486346096373,0.0304201692273745
All Population,Prevalence,New York,Both,50-54 years,Drug use disorders,Percent,2018,0.0275664829770362,0.0316259867810934,0.0237051689744534
All Population,Prevalence,New York,Both,55-59 years,Drug use disorders,Percent,2018,0.0186943510191538,0.0212545838407564,0.0162267768956166
All Population,Prevalence,New York,Both,60-64 years,Drug use disorders,Percent,2018,0.0106264374125945,0.0121591940681647,0.0090472613584421
All Population,Prevalence,New York,Both,65-69 years,Drug use disorders,Percent,2018,0.0060526660424293,0.0070405257456757,0.0051482412005789
All Population,Prevalence,New York,Both,70-74 years,Drug use disorders,Percent,2018,0.0036546175336107,0.0043065573776762,0.0031368437924376
All Population,Prevalence,New York,Both,75-79 years,Drug use disorders,Percent,2018,0.0026126440092683,0.0030794951016338,0.0022046426198085
All Population,Prevalence,New York,Both,80+ years,Drug use disorders,Percent,2018,0.0021340372885415,0.002536767479445,0.0018035009244438
All Population,Prevalence,New York,Both,<5 years,Depressive disorders,Percent,2018,7.0262154897e-06,1.32792822115e-05,2.56024227e-06
All Population,Prevalence,New York,Both,5-9 years,Depressive disorders,Percent,2018,0.0083681625568228,0.0121741086843928,0.0054568251011698
All Population,Prevalence,New York,Both,10-14 years,Depressive disorders,Percent,2018,0.0361328040468912,0.0478740763686629,0.02800364067527
All Population,Prevalence,New York,Both,15-19 years,Depressive disorders,Percent,2018,0.0526522788343413,0.065585847627272,0.0406833884024104
All Population,Prevalence,New York,Both,20-24 years,Depressive disorders,Percent,2018,0.0529516005833423,0.0623523153040613,0.0441297139991732
All Population,Prevalence,New York,Both,25-29 years,Depressive disorders,Percent,2018,0.0544723939615708,0.0636623663569437,0.0450612281932814
All Population,Prevalence,New York,Both,30-34 years,Depressive disorders,Percent,2018,0.0545036829539267,0.0643686477295537,0.0445625598797778
All Population,Prevalence,New York,Both,35-39 years,Depressive disorders,Percent,2018,0.055067327536936,0.0644321252733232,0.046358911963034
All Population,Prevalence,New York,Both,40-44 years,Depressive disorders,Percent,2018,0.0544347240760184,0.0640450500933645,0.0460719426619166
All Population,Prevalence,New York,Both,45-49 years,Depressive disorders,Percent,2018,0.051975611506698,0.062135088801092,0.0439703051913589
All Population,Prevalence,New York,Both,50-54 years,Depressive disorders,Percent,2018,0.0496088912646862,0.059649298928567,0.0420037423238503
All Population,Prevalence,New York,Both,55-59 years,Depressive disorders,Percent,2018,0.0456846709641921,0.0542452989193301,0.0391628945400073
All Population,Prevalence,New York,Both,60-64 years,Depressive disorders,Percent,2018,0.0427731161261751,0.0514303280932504,0.0366306685040407
All Population,Prevalence,New York,Both,65-69 years,Depressive disorders,Percent,2018,0.0409024927857167,0.048801705374496,0.0344525420367908
All Population,Prevalence,New York,Both,70-74 years,Depressive disorders,Percent,2018,0.0388071031180937,0.0460851207168142,0.0333576060989612
All Population,Prevalence,New York,Both,75-79 years,Depressive disorders,Percent,2018,0.0382666447279903,0.0452496065488234,0.0324663607605986
All Population,Prevalence,New York,Both,80+ years,Depressive disorders,Percent,2018,0.0381258185085374,0.0456528153029931,0.0316730923734348
All Population,Prevalence,New York,Both,<5 years,Anxiety disorders,Percent,2018,0.0016798757930138,0.0048665008183448,0.0004867088728915
All Population,Prevalence,New York,Both,5-9 years,Anxiety disorders,Percent,2018,0.0252245692536291,0.0615778276114658,0.009562629944543
All Population,Prevalence,New York,Both,10-14 years,Anxiety disorders,Percent,2018,0.0348953137679282,0.0548623734547821,0.0191998256405013
All Population,Prevalence,New York,Both,15-19 years,Anxiety disorders,Percent,2018,0.0651682418824836,0.1002447543864267,0.0416557737003376
All Population,Prevalence,New York,Both,20-24 years,Anxiety disorders,Percent,2018,0.0650455430162729,0.0923866821524754,0.0445758762699451
All Population,Prevalence,New York,Both,25-29 years,Anxiety disorders,Percent,2018,0.0630926162204447,0.0846790100060398,0.0436944587633227
All Population,Prevalence,New York,Both,30-34 years,Anxiety disorders,Percent,2018,0.0621763282722828,0.0820904407590142,0.0446024741921799
All Population,Prevalence,New York,Both,35-39 years,Anxiety disorders,Percent,2018,0.0604254382892756,0.0776495151916179,0.0465243352618806
All Population,Prevalence,New York,Both,40-44 years,Anxiety disorders,Percent,2018,0.059508461666737,0.0767348819719393,0.0473639595840049
All Population,Prevalence,New York,Both,45-49 years,Anxiety disorders,Percent,2018,0.0600756891072935,0.0782328218701426,0.0482182572811758
All Population,Prevalence,New York,Both,50-54 years,Anxiety disorders,Percent,2018,0.0611153306291832,0.0802336334235002,0.0463833609890374
All Population,Prevalence,New York,Both,55-59 years,Anxiety disorders,Percent,2018,0.0614250832684101,0.0791751823689099,0.0461779278163014
All Population,Prevalence,New York,Both,60-64 years,Anxiety disorders,Percent,2018,0.0612626620376167,0.0811120495718386,0.0456673353348952
All Population,Prevalence,New York,Both,65-69 years,Anxiety disorders,Percent,2018,0.059712957334679,0.0774970745340545,0.0449817197359555
All Population,Prevalence,New York,Both,70-74 years,Anxiety disorders,Percent,2018,0.0562491717091831,0.0813261627764929,0.0428419377704262
All Population,Prevalence,New York,Both,75-79 years,Anxiety disorders,Percent,2018,0.0528578343343999,0.0746448932464661,0.0396034182449611
All Population,Prevalence,New York,Both,80+ years,Anxiety disorders,Percent,2018,0.0504718294770135,0.0685676467485412,0.0370162550613578
All Population,Prevalence,New York,Both,<5 years,Diabetes mellitus type 1,Percent,2018,0.000655085521681,0.000910856854497,0.0004730149952455
All Population,Prevalence,New York,Both,5-9 years,Diabetes mellitus type 1,Percent,2018,0.003027126128198,0.0036152057247542,0.002531008218747
All Population,Prevalence,New York,Both,10-14 years,Diabetes mellitus type 1,Percent,2018,0.0046957440099129,0.0052749613386744,0.0042489236050432
All Population,Prevalence,New York,Both,15-19 years,Diabetes mellitus type 1,Percent,2018,0.0054856311053291,0.0060520924148305,0.0049808842624769
All Population,Prevalence,New York,Both,20-24 years,Diabetes mellitus type 1,Percent,2018,0.0055761307349231,0.0063511553348614,0.0048825034508731
All Population,Prevalence,New York,Both,25-29 years,Diabetes mellitus type 1,Percent,2018,0.0051239588465761,0.0061130495328911,0.0042273209225609
All Population,Prevalence,New York,Both,30-34 years,Diabetes mellitus type 1,Percent,2018,0.004900138953409,0.006168834296534,0.0040613238158203
All Population,Prevalence,New York,Both,35-39 years,Diabetes mellitus type 1,Percent,2018,0.0048896179016862,0.0059305695323491,0.0040807168581215
All Population,Prevalence,New York,Both,40-44 years,Diabetes mellitus type 1,Percent,2018,0.0050540408667394,0.0060533229953969,0.0041616547129732
All Population,Prevalence,New York,Both,45-49 years,Diabetes mellitus type 1,Percent,2018,0.0051678375635014,0.0061198605314868,0.0041779750670461
All Population,Prevalence,New York,Both,50-54 years,Diabetes mellitus type 1,Percent,2018,0.0051288901089057,0.0064118022010981,0.0041744089720296
All Population,Prevalence,New York,Both,55-59 years,Diabetes mellitus type 1,Percent,2018,0.0049673024180048,0.0060696234413571,0.0040438226104311
All Population,Prevalence,New York,Both,60-64 years,Diabetes mellitus type 1,Percent,2018,0.0046809773119674,0.0056625236424898,0.0036634806897338
All Population,Prevalence,New York,Both,65-69 years,Diabetes mellitus type 1,Percent,2018,0.0042778241486394,0.0051852086796292,0.0032906736162389
All Population,Prevalence,New York,Both,70-74 years,Diabetes mellitus type 1,Percent,2018,0.0038275264678583,0.0047648136905268,0.0027461591377528
All Population,Prevalence,New York,Both,75-79 years,Diabetes mellitus type 1,Percent,2018,0.0033498198173718,0.0043230552321875,0.0023362208364722
All Population,Prevalence,New York,Both,80+ years,Diabetes mellitus type 1,Percent,2018,0.0024663770596986,0.0033090362678087,0.0016266525311328
All Population,Prevalence,New York,Both,<5 years,Diabetes mellitus type 2,Percent,2018,0.0,0.0,0.0
All Population,Prevalence,New York,Both,5-9 years,Diabetes mellitus type 2,Percent,2018,0.0,0.0,0.0
All Population,Prevalence,New York,Both,10-14 years,Diabetes mellitus type 2,Percent,2018,0.0,0.0,0.0
All Population,Prevalence,New York,Both,15-19 years,Diabetes mellitus type 2,Percent,2018,0.0046859517649697,0.0061049918569477,0.0033212779357826
All Population,Prevalence,New York,Both,20-24 years,Diabetes mellitus type 2,Percent,2018,0.0080178692173448,0.0098512233954523,0.0063237876856712
All Population,Prevalence,New York,Both,25-29 years,Diabetes mellitus type 2,Percent,2018,0.0126898247233984,0.015008465084948,0.0107036512087923
All Population,Prevalence,New York,Both,30-34 years,Diabetes mellitus type 2,Percent,2018,0.0228334396822486,0.0261531546286685,0.0194360713339584
All Population,Prevalence,New York,Both,35-39 years,Diabetes mellitus type 2,Percent,2018,0.0415359992003566,0.0457805661862431,0.03713476894129
All Population,Prevalence,New York,Both,40-44 years,Diabetes mellitus type 2,Percent,2018,0.0692056141187921,0.0772320673316231,0.062664723779504
All Population,Prevalence,New York,Both,45-49 years,Diabetes mellitus type 2,Percent,2018,0.1071268690171812,0.1159018298575409,0.098480288109901
All Population,Prevalence,New York,Both,50-54 years,Diabetes mellitus type 2,Percent,2018,0.1536174448811579,0.1690826837459957,0.1380106070440256
All Population,Prevalence,New York,Both,55-59 years,Diabetes mellitus type 2,Percent,2018,0.2056007961120012,0.22330545546024,0.1891720042461656
All Population,Prevalence,New York,Both,60-64 years,Diabetes mellitus type 2,Percent,2018,0.2580384768940849,0.2779007211447514,0.2392638982459339
All Population,Prevalence,New York,Both,65-69 years,Diabetes mellitus type 2,Percent,2018,0.299369766128466,0.319535490337021,0.2807153880742671
All Population,Prevalence,New York,Both,70-74 years,Diabetes mellitus type 2,Percent,2018,0.3268615388631249,0.3490503725687237,0.3064512761159631
All Population,Prevalence,New York,Both,75-79 years,Diabetes mellitus type 2,Percent,2018,0.3346168576116248,0.3593323637656445,0.3103287423014256
All Population,Prevalence,New York,Both,80+ years,Diabetes mellitus type 2,Percent,2018,0.3111947804105614,0.3359060078333489,0.2858648441610201
All Population,Prevalence,New York,Both,<5 years,Chronic kidney disease,Percent,2019,0.000494255542215,0.000618352715661,0.0003991513552128
All Population,Prevalence,New York,Both,5-9 years,Chronic kidney disease,Percent,2019,0.0024994977519327,0.003400811651939,0.0017912815956386
All Population,Prevalence,New York,Both,10-14 years,Chronic kidney disease,Percent,2019,0.0125509876505716,0.0161796013865873,0.0095598317232168
All Population,Prevalence,New York,Both,15-19 years,Chronic kidney disease,Percent,2019,0.0325688307906711,0.0424887641365782,0.0248120308648457
All Population,Prevalence,New York,Both,20-24 years,Chronic kidney disease,Percent,2019,0.0456645023549054,0.0576236030879299,0.0361296799715571
All Population,Prevalence,New York,Both,25-29 years,Chronic kidney disease,Percent,2019,0.0493743105982084,0.0628308434189659,0.0380544788977635
All Population,Prevalence,New York,Both,30-34 years,Chronic kidney disease,Percent,2019,0.0632596339793963,0.0811555781260251,0.0498549475402999
All Population,Prevalence,New York,Both,35-39 years,Chronic kidney disease,Percent,2019,0.0753712186103569,0.0939920895112798,0.058103716355397
All Population,Prevalence,New York,Both,40-44 years,Chronic kidney disease,Percent,2019,0.0778851288944769,0.0998444138095335,0.0629117017892901
All Population,Prevalence,New York,Both,45-49 years,Chronic kidney disease,Percent,2019,0.0859404229023491,0.1044414429874804,0.0690690895488831
All Population,Prevalence,New York,Both,50-54 years,Chronic kidney disease,Percent,2019,0.1052963050087013,0.12823510789045,0.085222665267928
All Population,Prevalence,New York,Both,55-59 years,Chronic kidney disease,Percent,2019,0.1294474331348237,0.1560875819995225,0.1049512837932513
All Population,Prevalence,New York,Both,60-64 years,Chronic kidney disease,Percent,2019,0.1640376545176047,0.1956594714271998,0.1353612917478482
All Population,Prevalence,New York,Both,65-69 years,Chronic kidney disease,Percent,2019,0.2334407475664119,0.2735147222664241,0.1957095590688492
All Population,Prevalence,New York,Both,70-74 years,Chronic kidney disease,Percent,2019,0.3254515272906855,0.371264865081067,0.2828387876698218
All Population,Prevalence,New York,Both,75-79 years,Chronic kidney disease,Percent,2019,0.4302026658138424,0.4859454812881046,0.3789466547609194
All Population,Prevalence,New York,Both,80+ years,Chronic kidney disease,Percent,2019,0.6026486514186753,0.6596989289332273,0.5596218792877783
All Population,Prevalence,New York,Both,<5 years,Chronic kidney disease,Percent,2020,0.0004521902431297,0.0005602145799556,0.0003595442142763
All Population,Prevalence,New York,Both,5-9 years,Chronic kidney disease,Percent,2020,0.0023762777420845,0.0032454922166126,0.0017060274980232
All Population,Prevalence,New York,Both,10-14 years,Chronic kidney disease,Percent,2020,0.0124671602683074,0.0161291312020103,0.0094027299740315
All Population,Prevalence,New York,Both,15-19 years,Chronic kidney disease,Percent,2020,0.0326766824973582,0.042617828141907,0.0248475753067229
All Population,Prevalence,New York,Both,20-24 years,Chronic kidney disease,Percent,2020,0.0456752273983128,0.0574761904772077,0.0360370462168656
All Population,Prevalence,New York,Both,25-29 years,Chronic kidney disease,Percent,2020,0.0494144699883215,0.063483503817115,0.037746903648046
All Population,Prevalence,New York,Both,30-34 years,Chronic kidney disease,Percent,2020,0.0640760682902032,0.0826989762423752,0.0503832658603494
All Population,Prevalence,New York,Both,35-39 years,Chronic kidney disease,Percent,2020,0.0766742059928357,0.0957156682258143,0.0593268526261128
All Population,Prevalence,New York,Both,40-44 years,Chronic kidney disease,Percent,2020,0.0790458410147121,0.1005614392159782,0.0632610993429869
All Population,Prevalence,New York,Both,45-49 years,Chronic kidney disease,Percent,2020,0.0871156492234481,0.1062506185313437,0.0699929907192018
All Population,Prevalence,New York,Both,50-54 years,Chronic kidney disease,Percent,2020,0.106884101057702,0.1306138275140168,0.086677443960603
All Population,Prevalence,New York,Both,55-59 years,Chronic kidney disease,Percent,2020,0.1310485609637172,0.1580237643179785,0.1062263670671005
All Population,Prevalence,New York,Both,60-64 years,Chronic kidney disease,Percent,2020,0.1647353679415197,0.1969144234129035,0.1358288858090758
All Population,Prevalence,New York,Both,65-69 years,Chronic kidney disease,Percent,2020,0.2333153618256966,0.2744356382451364,0.1959673595450803
All Population,Prevalence,New York,Both,70-74 years,Chronic kidney disease,Percent,2020,0.3248799714678866,0.3726774395829803,0.2817509526482196
All Population,Prevalence,New York,Both,75-79 years,Chronic kidney disease,Percent,2020,0.4290612631578364,0.4838539760596602,0.3762975668271673
All Population,Prevalence,New York,Both,80+ years,Chronic kidney disease,Percent,2020,0.600986192922859,0.6589765047552498,0.5557772330138698
All Population,Prevalence,New York,Both,<5 years,HIV/AIDS,Percent,2019,0.0001414443426082,0.0002615589617803,7.20605572691e-05
All Population,Prevalence,New York,Both,5-9 years,HIV/AIDS,Percent,2019,9.95995189314e-05,0.0001882624202732,4.33065842918e-05
All Population,Prevalence,New York,Both,10-14 years,HIV/AIDS,Percent,2019,7.77622556896e-05,0.0001313128858962,4.25859576095e-05
All Population,Prevalence,New York,Both,15-19 years,HIV/AIDS,Percent,2019,0.0005759366846522,0.0008971135743358,0.0003472476489706
All Population,Prevalence,New York,Both,20-24 years,HIV/AIDS,Percent,2019,0.0019581045732211,0.0030904858085417,0.001189429353495
All Population,Prevalence,New York,Both,25-29 years,HIV/AIDS,Percent,2019,0.0039112336371132,0.0060752313352462,0.002210102786135
All Population,Prevalence,New York,Both,30-34 years,HIV/AIDS,Percent,2019,0.0054533886017724,0.0085566626856163,0.0031759112350196
All Population,Prevalence,New York,Both,35-39 years,HIV/AIDS,Percent,2019,0.006678315158877,0.0106344041580352,0.0037598231324072
All Population,Prevalence,New York,Both,40-44 years,HIV/AIDS,Percent,2019,0.0085887015807709,0.0139210635634745,0.0047951575806363
All Population,Prevalence,New York,Both,45-49 years,HIV/AIDS,Percent,2019,0.0115461005913063,0.0187424444126889,0.0065585454342636
All Population,Prevalence,New York,Both,50-54 years,HIV/AIDS,Percent,2019,0.0157986090252499,0.0241532888631382,0.0086635781021665
All Population,Prevalence,New York,Both,55-59 years,HIV/AIDS,Percent,2019,0.01997085608296,0.0316440711476507,0.0104689422250382
All Population,Prevalence,New York,Both,60-64 years,HIV/AIDS,Percent,2019,0.0213630141803253,0.0341988631916161,0.0110072920756245
All Population,Prevalence,New York,Both,65-69 years,HIV/AIDS,Percent,2019,0.0180802515412687,0.0287460276780041,0.0093316427111021
All Population,Prevalence,New York,Both,70-74 years,HIV/AIDS,Percent,2019,0.0116497555448134,0.0193238793055,0.0061562535851276
All Population,Prevalence,New York,Both,75-79 years,HIV/AIDS,Percent,2019,0.0067745541262594,0.0110383031748053,0.0037192239881608
All Population,Prevalence,New York,Both,80+ years,HIV/AIDS,Percent,2019,0.0028378576469831,0.0047179181612095,0.0015130562517487
All Population,Prevalence,New York,Both,<5 years,Alcohol use disorders,Percent,2019,0.0007254429848649,0.0012177339197617,0.000211645768394
All Population,Prevalence,New York,Both,5-9 years,Alcohol use disorders,Percent,2019,0.0006038689389665,0.0010375179787669,0.0002632178287473
All Population,Prevalence,New York,Both,10-14 years,Alcohol use disorders,Percent,2019,0.0021438195191169,0.0030868577761892,0.0013304712320019
All Population,Prevalence,New York,Both,15-19 years,Alcohol use disorders,Percent,2019,0.0173008970432589,0.0235528046541848,0.0124518040206441
All Population,Prevalence,New York,Both,20-24 years,Alcohol use disorders,Percent,2019,0.0413915125418615,0.0558425655934338,0.0302517523092843
All Population,Prevalence,New York,Both,25-29 years,Alcohol use disorders,Percent,2019,0.0461675828394002,0.0589197147284764,0.0355679565149303
All Population,Prevalence,New York,Both,30-34 years,Alcohol use disorders,Percent,2019,0.0442288330697643,0.0578236323857046,0.0317636441718131
All Population,Prevalence,New York,Both,35-39 years,Alcohol use disorders,Percent,2019,0.038359031442131,0.0483805897553994,0.0295166442557797
All Population,Prevalence,New York,Both,40-44 years,Alcohol use disorders,Percent,2019,0.0330505383358215,0.0448169625138296,0.0244207990981482
All Population,Prevalence,New York,Both,45-49 years,Alcohol use disorders,Percent,2019,0.0312571736862431,0.0394146419124983,0.0251486101195968
All Population,Prevalence,New York,Both,50-54 years,Alcohol use disorders,Percent,2019,0.0298542448583817,0.0390136509161669,0.0219306768107272
All Population,Prevalence,New York,Both,55-59 years,Alcohol use disorders,Percent,2019,0.0273417912427951,0.0334575029450998,0.0216894765337325
All Population,Prevalence,New York,Both,60-64 years,Alcohol use disorders,Percent,2019,0.0240631833204472,0.0311631727350142,0.0174587966316548
All Population,Prevalence,New York,Both,65-69 years,Alcohol use disorders,Percent,2019,0.0196637663291497,0.0247569473082791,0.0148590544462031
All Population,Prevalence,New York,Both,70-74 years,Alcohol use disorders,Percent,2019,0.0153491062591478,0.0196391087714946,0.0114804747392913
All Population,Prevalence,New York,Both,75-79 years,Alcohol use disorders,Percent,2019,0.0131920771284756,0.016749624898567,0.0096984264273733
All Population,Prevalence,New York,Both,80+ years,Alcohol use disorders,Percent,2019,0.0137152061236757,0.017219527865122,0.0107047461249722
All Population,Prevalence,New York,Both,<5 years,Drug use disorders,Percent,2019,0.0,0.0,0.0
All Population,Prevalence,New York,Both,5-9 years,Drug use disorders,Percent,2019,0.0,0.0,0.0
All Population,Prevalence,New York,Both,10-14 years,Drug use disorders,Percent,2019,0.0048020925544355,0.0094019405036384,0.0011056056321958
All Population,Prevalence,New York,Both,15-19 years,Drug use disorders,Percent,2019,0.0639016054404528,0.0983326950676492,0.0396388116987444
All Population,Prevalence,New York,Both,20-24 years,Drug use disorders,Percent,2019,0.0956003516989081,0.1139152061221266,0.0802593389571575
All Population,Prevalence,New York,Both,25-29 years,Drug use disorders,Percent,2019,0.0912637273742162,0.1055686600352671,0.0803658938377387
All Population,Prevalence,New York,Both,30-34 years,Drug use disorders,Percent,2019,0.0704703849393282,0.0815908674223623,0.0615737211517591
All Population,Prevalence,New York,Both,35-39 years,Drug use disorders,Percent,2019,0.0547098558531662,0.063614280438964,0.0475651335317137
All Population,Prevalence,New York,Both,40-44 years,Drug use disorders,Percent,2019,0.0441257165748113,0.0514304171241122,0.0386585399144247
All Population,Prevalence,New York,Both,45-49 years,Drug use disorders,Percent,2019,0.0359656079880149,0.0419307732494483,0.0312640125268319
All Population,Prevalence,New York,Both,50-54 years,Drug use disorders,Percent,2019,0.0287213434798329,0.0329284579142732,0.0247051056066289
All Population,Prevalence,New York,Both,55-59 years,Drug use disorders,Percent,2019,0.0193217371274299,0.0219925386474482,0.0167409041625422
All Population,Prevalence,New York,Both,60-64 years,Drug use disorders,Percent,2019,0.0108144154283689,0.0125542128553496,0.0092451943901395
All Population,Prevalence,New York,Both,65-69 years,Drug use disorders,Percent,2019,0.0060529420882561,0.0070174406222574,0.0051596284972482
All Population,Prevalence,New York,Both,70-74 years,Drug use disorders,Percent,2019,0.0035967352736377,0.0042285833493081,0.0030879278906327
All Population,Prevalence,New York,Both,75-79 years,Drug use disorders,Percent,2019,0.0025598429218671,0.0030087745055266,0.0021598958105435
All Population,Prevalence,New York,Both,80+ years,Drug use disorders,Percent,2019,0.002098825675039,0.0024717656924718,0.0017700673334585
All Population,Prevalence,New York,Both,<5 years,Depressive disorders,Percent,2019,6.9926678822e-06,1.31655560017e-05,2.6296302687e-06
All Population,Prevalence,New York,Both,5-9 years,Depressive disorders,Percent,2019,0.007966239406898,0.011705689796457,0.0050748443446889
All Population,Prevalence,New York,Both,10-14 years,Depressive disorders,Percent,2019,0.035418391322062,0.0465684235032839,0.0270629583047268
All Population,Prevalence,New York,Both,15-19 years,Depressive disorders,Percent,2019,0.0518484829219465,0.0636085496856782,0.0399036705569552
All Population,Prevalence,New York,Both,20-24 years,Depressive disorders,Percent,2019,0.0524675226246634,0.0624708734517103,0.0437357529261254
All Population,Prevalence,New York,Both,25-29 years,Depressive disorders,Percent,2019,0.0540267611734212,0.0629627127702523,0.0450528944703041
All Population,Prevalence,New York,Both,30-34 years,Depressive disorders,Percent,2019,0.0540227054070453,0.0636971535281631,0.0441400844358902
All Population,Prevalence,New York,Both,35-39 years,Depressive disorders,Percent,2019,0.0546228303485839,0.0638469034610938,0.0457410692527194
All Population,Prevalence,New York,Both,40-44 years,Depressive disorders,Percent,2019,0.0540123929740406,0.0636459972967897,0.045350218719428
All Population,Prevalence,New York,Both,45-49 years,Depressive disorders,Percent,2019,0.0514967200213271,0.0614527503737417,0.0427559798124612
All Population,Prevalence,New York,Both,50-54 years,Depressive disorders,Percent,2019,0.0490559658172156,0.0591655282185604,0.0412603367170446
All Population,Prevalence,New York,Both,55-59 years,Depressive disorders,Percent,2019,0.0452186917372754,0.0533045490557532,0.038874129096728
All Population,Prevalence,New York,Both,60-64 years,Depressive disorders,Percent,2019,0.0423549122168098,0.0502527658007735,0.0362591712158145
All Population,Prevalence,New York,Both,65-69 years,Depressive disorders,Percent,2019,0.0405597572615349,0.0484322935935679,0.0348425873877211
All Population,Prevalence,New York,Both,70-74 years,Depressive disorders,Percent,2019,0.0385267105804231,0.0462007005256033,0.0328986425234747
All Population,Prevalence,New York,Both,75-79 years,Depressive disorders,Percent,2019,0.037903539756151,0.0453856474078897,0.0324453940788954
All Population,Prevalence,New York,Both,80+ years,Depressive disorders,Percent,2019,0.0377032691802489,0.0454292035894661,0.031036318691329
All Population,Prevalence,New York,Both,<5 years,Anxiety disorders,Percent,2019,0.0016547174580436,0.0051541472030965,0.0004597511403005
All Population,Prevalence,New York,Both,5-9 years,Anxiety disorders,Percent,2019,0.0252697749662951,0.0641928410619779,0.0091188450122019
All Population,Prevalence,New York,Both,10-14 years,Anxiety disorders,Percent,2019,0.0354485898397393,0.0592596714386513,0.0189935539522845
All Population,Prevalence,New York,Both,15-19 years,Anxiety disorders,Percent,2019,0.0659706367298854,0.1045282032652861,0.0405859098362366
All Population,Prevalence,New York,Both,20-24 years,Anxiety disorders,Percent,2019,0.0662961342927862,0.0937153540838253,0.0448464954689134
All Population,Prevalence,New York,Both,25-29 years,Anxiety disorders,Percent,2019,0.0635792718865681,0.0863536958304874,0.0435765288461727
All Population,Prevalence,New York,Both,30-34 years,Anxiety disorders,Percent,2019,0.0622674829913752,0.0841133820741826,0.0447461920551517
All Population,Prevalence,New York,Both,35-39 years,Anxiety disorders,Percent,2019,0.060448607085628,0.0785406115385154,0.0464043877628588
All Population,Prevalence,New York,Both,40-44 years,Anxiety disorders,Percent,2019,0.0592530062641816,0.0774118051117799,0.0461790355484948
All Population,Prevalence,New York,Both,45-49 years,Anxiety disorders,Percent,2019,0.0596159200143267,0.0777674209080456,0.0471677600130367
All Population,Prevalence,New York,Both,50-54 years,Anxiety disorders,Percent,2019,0.0605185724477411,0.0815268444680316,0.0454779452212442
All Population,Prevalence,New York,Both,55-59 years,Anxiety disorders,Percent,2019,0.0607958302880123,0.0790617555260549,0.0447440294202526
All Population,Prevalence,New York,Both,60-64 years,Anxiety disorders,Percent,2019,0.060583546316923,0.0800246562791553,0.0444702742811326
All Population,Prevalence,New York,Both,65-69 years,Anxiety disorders,Percent,2019,0.059327070563375,0.078260755252991,0.0444643230038677
All Population,Prevalence,New York,Both,70-74 years,Anxiety disorders,Percent,2019,0.0564310102158826,0.0801428021703734,0.0425421451763413
All Population,Prevalence,New York,Both,75-79 years,Anxiety disorders,Percent,2019,0.0532563959875587,0.0751716034104136,0.0397772794861179
All Population,Prevalence,New York,Both,80+ years,Anxiety disorders,Percent,2019,0.0508708325930802,0.0705776351648205,0.0371815188923879
All Population,Prevalence,New York,Both,<5 years,Diabetes mellitus type 1,Percent,2019,0.0006748244488064,0.0010497092067312,0.0004519043158894
All Population,Prevalence,New York,Both,5-9 years,Diabetes mellitus type 1,Percent,2019,0.00305497365463,0.0040203174774284,0.0024857936356458
All Population,Prevalence,New York,Both,10-14 years,Diabetes mellitus type 1,Percent,2019,0.0046257493312118,0.0053935142606887,0.0040857002904625
All Population,Prevalence,New York,Both,15-19 years,Diabetes mellitus type 1,Percent,2019,0.0055060775710548,0.0061269914161527,0.0049766757729695
All Population,Prevalence,New York,Both,20-24 years,Diabetes mellitus type 1,Percent,2019,0.0057585850554816,0.0064677344662015,0.0051093811593235
All Population,Prevalence,New York,Both,25-29 years,Diabetes mellitus type 1,Percent,2019,0.0052920703590054,0.0063011975347668,0.0043713750373774
All Population,Prevalence,New York,Both,30-34 years,Diabetes mellitus type 1,Percent,2019,0.0050077727773347,0.0063182694332831,0.0041190339437905
All Population,Prevalence,New York,Both,35-39 years,Diabetes mellitus type 1,Percent,2019,0.0049397652703822,0.006068505656598,0.0041014199986753
All Population,Prevalence,New York,Both,40-44 years,Diabetes mellitus type 1,Percent,2019,0.0050626913853157,0.0061113674766872,0.0041995713250796
All Population,Prevalence,New York,Both,45-49 years,Diabetes mellitus type 1,Percent,2019,0.0051832780341167,0.006077483023092,0.0041778628202486
All Population,Prevalence,New York,Both,50-54 years,Diabetes mellitus type 1,Percent,2019,0.0051498411658993,0.006453223884453,0.0041954266826969
All Population,Prevalence,New York,Both,55-59 years,Diabetes mellitus type 1,Percent,2019,0.004989527365537,0.0060897838377237,0.004066460948707
All Population,Prevalence,New York,Both,60-64 years,Diabetes mellitus type 1,Percent,2019,0.0047118656105341,0.0057598720318006,0.0036681712535168
All Population,Prevalence,New York,Both,65-69 years,Diabetes mellitus type 1,Percent,2019,0.0043110336428463,0.0052140994588658,0.0033089922410426
All Population,Prevalence,New York,Both,70-74 years,Diabetes mellitus type 1,Percent,2019,0.003854125421745,0.0048068836238604,0.0027609721677097
All Population,Prevalence,New York,Both,75-79 years,Diabetes mellitus type 1,Percent,2019,0.003377607781619,0.0043517353523448,0.0023283950382398
All Population,Prevalence,New York,Both,80+ years,Diabetes mellitus type 1,Percent,2019,0.0025037231217988,0.0033524009285049,0.0016407714648559
All Population,Prevalence,New York,Both,<5 years,Diabetes mellitus type 2,Percent,2019,0.0,0.0,0.0
All Population,Prevalence,New York,Both,5-9 years,Diabetes mellitus type 2,Percent,2019,0.0,0.0,0.0
All Population,Prevalence,New York,Both,10-14 years,Diabetes mellitus type 2,Percent,2019,0.0,0.0,0.0
All Population,Prevalence,New York,Both,15-19 years,Diabetes mellitus type 2,Percent,2019,0.004902855533471,0.0064218841667525,0.0033724649589978
All Population,Prevalence,New York,Both,20-24 years,Diabetes mellitus type 2,Percent,2019,0.0080796255339488,0.0099102698346725,0.0063227222696658
All Population,Prevalence,New York,Both,25-29 years,Diabetes mellitus type 2,Percent,2019,0.0128323730581092,0.0152276113289979,0.0107731594660072
All Population,Prevalence,New York,Both,30-34 years,Diabetes mellitus type 2,Percent,2019,0.0231649568254034,0.0267023436493193,0.0196770398960826
All Population,Prevalence,New York,Both,35-39 years,Diabetes mellitus type 2,Percent,2019,0.0421385072622729,0.0470175025509133,0.0375736317303151
All Population,Prevalence,New York,Both,40-44 years,Diabetes mellitus type 2,Percent,2019,0.0701442957852285,0.078179683297141,0.0633983534488762
All Population,Prevalence,New York,Both,45-49 years,Diabetes mellitus type 2,Percent,2019,0.1084269019183109,0.1173753658455671,0.0996429143055
All Population,Prevalence,New York,Both,50-54 years,Diabetes mellitus type 2,Percent,2019,0.155419093597883,0.1715798165967941,0.1405289410654298
All Population,Prevalence,New York,Both,55-59 years,Diabetes mellitus type 2,Percent,2019,0.2078788037437195,0.2258042254698319,0.191154229585641
All Population,Prevalence,New York,Both,60-64 years,Diabetes mellitus type 2,Percent,2019,0.2608739185701708,0.2822411818076179,0.2419503430314979
All Population,Prevalence,New York,Both,65-69 years,Diabetes mellitus type 2,Percent,2019,0.3029184513883217,0.3240590995984865,0.2827476619194735
All Population,Prevalence,New York,Both,70-74 years,Diabetes mellitus type 2,Percent,2019,0.3310457939556133,0.3549275869787474,0.3103190233093494
All Population,Prevalence,New York,Both,75-79 years,Diabetes mellitus type 2,Percent,2019,0.3390850548048834,0.3652080861489379,0.3147748541007842
All Population,Prevalence,New York,Both,80+ years,Diabetes mellitus type 2,Percent,2019,0.3157732248591472,0.3428094041717115,0.2903008883229911
All Population,Prevalence,New York,Both,<5 years,HIV/AIDS,Percent,2020,0.0001294427062043,0.0002289583978816,6.4837023943e-05
All Population,Prevalence,New York,Both,5-9 years,HIV/AIDS,Percent,2020,9.69917483999e-05,0.0001853167120235,4.24910349926e-05
All Population,Prevalence,New York,Both,10-14 years,HIV/AIDS,Percent,2020,7.35664713517e-05,0.0001293398080859,3.8345188027e-05
All Population,Prevalence,New York,Both,15-19 years,HIV/AIDS,Percent,2020,0.0005369870848258,0.0008886380303047,0.0003188414127505
All Population,Prevalence,New York,Both,20-24 years,HIV/AIDS,Percent,2020,0.0018925897829648,0.0030514095085968,0.0011265454700819
All Population,Prevalence,New York,Both,25-29 years,HIV/AIDS,Percent,2020,0.0038249683333437,0.0060351122182541,0.0021127918182882
All Population,Prevalence,New York,Both,30-34 years,HIV/AIDS,Percent,2020,0.0055461702199895,0.0087079381961708,0.0031632219464285
All Population,Prevalence,New York,Both,35-39 years,HIV/AIDS,Percent,2020,0.0066842324150797,0.0106825530262551,0.0037682124672316
All Population,Prevalence,New York,Both,40-44 years,HIV/AIDS,Percent,2020,0.0083878886501997,0.0134100787660129,0.0047249042937282
All Population,Prevalence,New York,Both,45-49 years,HIV/AIDS,Percent,2020,0.0108876873750021,0.0175789343117834,0.0060903566894267
All Population,Prevalence,New York,Both,50-54 years,HIV/AIDS,Percent,2020,0.0148208759511685,0.022804207134663,0.0082172436625573
All Population,Prevalence,New York,Both,55-59 years,HIV/AIDS,Percent,2020,0.0193468419556203,0.0307324143957896,0.0102936520274143
All Population,Prevalence,New York,Both,60-64 years,HIV/AIDS,Percent,2020,0.0212983473045899,0.0335914872216646,0.0110256908316547
All Population,Prevalence,New York,Both,65-69 years,HIV/AIDS,Percent,2020,0.0191848647741832,0.0302292937550024,0.0098334696532081
All Population,Prevalence,New York,Both,70-74 years,HIV/AIDS,Percent,2020,0.0127575899974891,0.0214883633427817,0.0067131877033972
All Population,Prevalence,New York,Both,75-79 years,HIV/AIDS,Percent,2020,0.0074829119588264,0.0122357025783246,0.0040056728489782
All Population,Prevalence,New York,Both,80+ years,HIV/AIDS,Percent,2020,0.0030400532417377,0.0050224616013558,0.0016177082036878
All Population,Prevalence,New York,Both,<5 years,Alcohol use disorders,Percent,2020,0.000651213368039,0.0010973454975446,0.0001648289726393
All Population,Prevalence,New York,Both,5-9 years,Alcohol use disorders,Percent,2020,0.0005689809690937,0.0009596112365167,0.0002325846917469
All Population,Prevalence,New York,Both,10-14 years,Alcohol use disorders,Percent,2020,0.0020367867104399,0.0029417666945775,0.0012523325272941
All Population,Prevalence,New York,Both,15-19 years,Alcohol use disorders,Percent,2020,0.016320090195027,0.0224845196487868,0.0116758559849736
All Population,Prevalence,New York,Both,20-24 years,Alcohol use disorders,Percent,2020,0.0401765085255701,0.0551729342662081,0.0290298442780442
All Population,Prevalence,New York,Both,25-29 years,Alcohol use disorders,Percent,2020,0.04574241917399,0.058797967089231,0.0352400864408649
All Population,Prevalence,New York,Both,30-34 years,Alcohol use disorders,Percent,2020,0.0444195434178151,0.0582786484693443,0.0318562437399048
All Population,Prevalence,New York,Both,35-39 years,Alcohol use disorders,Percent,2020,0.0385786093775899,0.0484482061951837,0.0296874820790678
All Population,Prevalence,New York,Both,40-44 years,Alcohol use disorders,Percent,2020,0.0331871440039771,0.0445679295013854,0.0243162760183674
All Population,Prevalence,New York,Both,45-49 years,Alcohol use disorders,Percent,2020,0.0313823929818998,0.0401424163494348,0.02516581914451
All Population,Prevalence,New York,Both,50-54 years,Alcohol use disorders,Percent,2020,0.0299907922319758,0.0395793826557501,0.0218933728377966
All Population,Prevalence,New York,Both,55-59 years,Alcohol use disorders,Percent,2020,0.0275788628838583,0.0336116559332542,0.0218206435209128
All Population,Prevalence,New York,Both,60-64 years,Alcohol use disorders,Percent,2020,0.0243718131490392,0.0317082677242406,0.0176446784417676
All Population,Prevalence,New York,Both,65-69 years,Alcohol use disorders,Percent,2020,0.0198213349943887,0.0252123573062586,0.0150295089013318
All Population,Prevalence,New York,Both,70-74 years,Alcohol use disorders,Percent,2020,0.0154141732337237,0.0198558047780209,0.0113701463146102
All Population,Prevalence,New York,Both,75-79 years,Alcohol use disorders,Percent,2020,0.0132201614017672,0.0167743369049908,0.0096897480858907
All Population,Prevalence,New York,Both,80+ years,Alcohol use disorders,Percent,2020,0.013756498930565,0.017186119486148,0.0107224368439209
All Population,Prevalence,New York,Both,<5 years,Drug use disorders,Percent,2020,0.0,0.0,0.0
All Population,Prevalence,New York,Both,5-9 years,Drug use disorders,Percent,2020,0.0,0.0,0.0
All Population,Prevalence,New York,Both,10-14 years,Drug use disorders,Percent,2020,0.0047796060242451,0.0094655256307889,0.0011448115531966
All Population,Prevalence,New York,Both,15-19 years,Drug use disorders,Percent,2020,0.0649964428683481,0.0984968033658827,0.0403424577051358
All Population,Prevalence,New York,Both,20-24 years,Drug use disorders,Percent,2020,0.09889483960593,0.1173821818040662,0.0833653220091142
All Population,Prevalence,New York,Both,25-29 years,Drug use disorders,Percent,2020,0.094980814374213,0.1100162168723483,0.0834602682299986
All Population,Prevalence,New York,Both,30-34 years,Drug use disorders,Percent,2020,0.0734415953639557,0.0845450262394741,0.0645114752279451
All Population,Prevalence,New York,Both,35-39 years,Drug use disorders,Percent,2020,0.0567292056236615,0.0659700359748839,0.0493619347830569
All Population,Prevalence,New York,Both,40-44 years,Drug use disorders,Percent,2020,0.0454479662952186,0.0532121081326944,0.0395558853372764
All Population,Prevalence,New York,Both,45-49 years,Drug use disorders,Percent,2020,0.0368670538171494,0.0431940757768584,0.031806120614726
All Population,Prevalence,New York,Both,50-54 years,Drug use disorders,Percent,2020,0.0293456715727882,0.033823656023826,0.0251317417894057
All Population,Prevalence,New York,Both,55-59 years,Drug use disorders,Percent,2020,0.0196440804136132,0.0224515857977317,0.0169943876410244
All Population,Prevalence,New York,Both,60-64 years,Drug use disorders,Percent,2020,0.0109349299798361,0.0127496060462117,0.0093278759783144
All Population,Prevalence,New York,Both,65-69 years,Drug use disorders,Percent,2020,0.0060802992486954,0.0070536218795307,0.0052278182983105
All Population,Prevalence,New York,Both,70-74 years,Drug use disorders,Percent,2020,0.0035791891451427,0.0041966565412154,0.0030793536443136
All Population,Prevalence,New York,Both,75-79 years,Drug use disorders,Percent,2020,0.0025405023217658,0.0029633936561985,0.0021387286698462
All Population,Prevalence,New York,Both,80+ years,Drug use disorders,Percent,2020,0.0020839093845363,0.0024402132957711,0.0017533163144812
All Population,Prevalence,New York,Both,<5 years,Depressive disorders,Percent,2020,6.6547153603e-06,1.27761779054e-05,2.5245552321e-06
All Population,Prevalence,New York,Both,5-9 years,Depressive disorders,Percent,2020,0.012238141073,0.0183798700178259,0.0073917844368495
All Population,Prevalence,New York,Both,10-14 years,Depressive disorders,Percent,2020,0.0462751727186187,0.0606020318361792,0.0348678263721937
All Population,Prevalence,New York,Both,15-19 years,Depressive disorders,Percent,2020,0.0630802806083132,0.0766335241810092,0.0474301891390996
All Population,Prevalence,New York,Both,20-24 years,Depressive disorders,Percent,2020,0.0626875054759455,0.0747809271930065,0.0518429102422035
All Population,Prevalence,New York,Both,25-29 years,Depressive disorders,Percent,2020,0.0639363980268052,0.0758521122538765,0.0527950544999825
All Population,Prevalence,New York,Both,30-34 years,Depressive disorders,Percent,2020,0.0634058626501243,0.0749179576711381,0.0514555777918253
All Population,Prevalence,New York,Both,35-39 years,Depressive disorders,Percent,2020,0.0639934488738758,0.074623774358309,0.0525463129570158
All Population,Prevalence,New York,Both,40-44 years,Depressive disorders,Percent,2020,0.0630969889517485,0.0746817084861083,0.0516064678535331
All Population,Prevalence,New York,Both,45-49 years,Depressive disorders,Percent,2020,0.0600905337124893,0.0710685533784585,0.049269506245054
All Population,Prevalence,New York,Both,50-54 years,Depressive disorders,Percent,2020,0.0574426308204327,0.0695666384202096,0.0482224582305688
All Population,Prevalence,New York,Both,55-59 years,Depressive disorders,Percent,2020,0.0531609200176281,0.0623568531899788,0.0451415544117218
All Population,Prevalence,New York,Both,60-64 years,Depressive disorders,Percent,2020,0.0502906535226094,0.0597154259890554,0.0422170808308865
All Population,Prevalence,New York,Both,65-69 years,Depressive disorders,Percent,2020,0.048395411166235,0.0580694415397405,0.0408605338808938
All Population,Prevalence,New York,Both,70-74 years,Depressive disorders,Percent,2020,0.0459853820904454,0.0558837578740371,0.0388626036923909
All Population,Prevalence,New York,Both,75-79 years,Depressive disorders,Percent,2020,0.045253001556538,0.0546068231653705,0.0381322234126644
All Population,Prevalence,New York,Both,80+ years,Depressive disorders,Percent,2020,0.0448705373556979,0.0550119164218,0.0365201517366572
All Population,Prevalence,New York,Both,<5 years,Anxiety disorders,Percent,2020,0.0037462089709769,0.0118187992530204,0.0009736126343282
All Population,Prevalence,New York,Both,5-9 years,Anxiety disorders,Percent,2020,0.0354685850336476,0.0916758533678881,0.0131798905281177
All Population,Prevalence,New York,Both,10-14 years,Anxiety disorders,Percent,2020,0.0543806043066456,0.0963334816637394,0.0283144986395383
All Population,Prevalence,New York,Both,15-19 years,Anxiety disorders,Percent,2020,0.0878793504307807,0.1446617325903169,0.0527386069542542
All Population,Prevalence,New York,Both,20-24 years,Anxiety disorders,Percent,2020,0.0826207401082603,0.1184781472825543,0.0555293292645103
All Population,Prevalence,New York,Both,25-29 years,Anxiety disorders,Percent,2020,0.0786053811290066,0.1124241546010851,0.0553631468450863
All Population,Prevalence,New York,Both,30-34 years,Anxiety disorders,Percent,2020,0.0760478270798157,0.1087190895542173,0.053201915991561
All Population,Prevalence,New York,Both,35-39 years,Anxiety disorders,Percent,2020,0.0734125294179034,0.0937968990577644,0.0545148060412413
All Population,Prevalence,New York,Both,40-44 years,Anxiety disorders,Percent,2020,0.0716611584933584,0.0974556916291216,0.0548209766018861
All Population,Prevalence,New York,Both,45-49 years,Anxiety disorders,Percent,2020,0.0718928446896716,0.097397967876143,0.0555391095433663
All Population,Prevalence,New York,Both,50-54 years,Anxiety disorders,Percent,2020,0.0724949239591236,0.1018439864725892,0.0521927369764149
All Population,Prevalence,New York,Both,55-59 years,Anxiety disorders,Percent,2020,0.0723845073165121,0.0988768605844601,0.0523154160429289
All Population,Prevalence,New York,Both,60-64 years,Anxiety disorders,Percent,2020,0.0718754598710549,0.0975590620739247,0.0501728320637367
All Population,Prevalence,New York,Both,65-69 years,Anxiety disorders,Percent,2020,0.0708240868641904,0.0965386983250909,0.0528573136347843
All Population,Prevalence,New York,Both,70-74 years,Anxiety disorders,Percent,2020,0.0682274918540317,0.1008853824024276,0.0510174797284805
All Population,Prevalence,New York,Both,75-79 years,Anxiety disorders,Percent,2020,0.0649555773749977,0.0935917485862645,0.0483064756881914
All Population,Prevalence,New York,Both,80+ years,Anxiety disorders,Percent,2020,0.0627447482102094,0.0877856422583915,0.0459671186401632
All Population,Prevalence,New York,Both,<5 years,Diabetes mellitus type 1,Percent,2020,0.0006327886818186,0.0011053879737273,0.0003561826370614
All Population,Prevalence,New York,Both,5-9 years,Diabetes mellitus type 1,Percent,2020,0.0029483489142723,0.0042818308097864,0.0023087573345601
All Population,Prevalence,New York,Both,10-14 years,Diabetes mellitus type 1,Percent,2020,0.0045312498278559,0.0054622305997904,0.0038888587264162
All Population,Prevalence,New York,Both,15-19 years,Diabetes mellitus type 1,Percent,2020,0.0055011326267042,0.0062709178945783,0.0049177236855066
All Population,Prevalence,New York,Both,20-24 years,Diabetes mellitus type 1,Percent,2020,0.0059047488603648,0.0065994195058805,0.0052042973952789
All Population,Prevalence,New York,Both,25-29 years,Diabetes mellitus type 1,Percent,2020,0.0054667934922771,0.0065360053784446,0.004421492203443
All Population,Prevalence,New York,Both,30-34 years,Diabetes mellitus type 1,Percent,2020,0.0051098350209769,0.0064030134145298,0.0041558159811733
All Population,Prevalence,New York,Both,35-39 years,Diabetes mellitus type 1,Percent,2020,0.0049911008564665,0.006289350168034,0.0040966641588936
All Population,Prevalence,New York,Both,40-44 years,Diabetes mellitus type 1,Percent,2020,0.0050687224102419,0.0061866052429129,0.0041776875580732
All Population,Prevalence,New York,Both,45-49 years,Diabetes mellitus type 1,Percent,2020,0.0051925589569407,0.0061826186096507,0.004205860598138
All Population,Prevalence,New York,Both,50-54 years,Diabetes mellitus type 1,Percent,2020,0.0051671975249646,0.0065077312571199,0.0041813448250932
All Population,Prevalence,New York,Both,55-59 years,Diabetes mellitus type 1,Percent,2020,0.0050080992838507,0.0061172086838978,0.0040545471313448
All Population,Prevalence,New York,Both,60-64 years,Diabetes mellitus type 1,Percent,2020,0.0047380290684852,0.0058455819542657,0.0036723444337875
All Population,Prevalence,New York,Both,65-69 years,Diabetes mellitus type 1,Percent,2020,0.004342442573751,0.0052642753409849,0.0033044584288691
All Population,Prevalence,New York,Both,70-74 years,Diabetes mellitus type 1,Percent,2020,0.003880664933891,0.0048325309628246,0.0027763774280624
All Population,Prevalence,New York,Both,75-79 years,Diabetes mellitus type 1,Percent,2020,0.0034022592623405,0.0043793338624118,0.0023082146324139
All Population,Prevalence,New York,Both,80+ years,Diabetes mellitus type 1,Percent,2020,0.0025242555993607,0.003383955088343,0.0016533090279531
All Population,Prevalence,New York,Both,<5 years,Diabetes mellitus type 2,Percent,2020,0.0,0.0,0.0
All Population,Prevalence,New York,Both,5-9 years,Diabetes mellitus type 2,Percent,2020,0.0,0.0,0.0
All Population,Prevalence,New York,Both,10-14 years,Diabetes mellitus type 2,Percent,2020,0.0,0.0,0.0
All Population,Prevalence,New York,Both,15-19 years,Diabetes mellitus type 2,Percent,2020,0.0051337542561357,0.0066720728672512,0.0034980600252382
All Population,Prevalence,New York,Both,20-24 years,Diabetes mellitus type 2,Percent,2020,0.0081566431863315,0.0099535502825109,0.0062985968844104
All Population,Prevalence,New York,Both,25-29 years,Diabetes mellitus type 2,Percent,2020,0.0129829342991231,0.0153849741807,0.0108891084380214
All Population,Prevalence,New York,Both,30-34 years,Diabetes mellitus type 2,Percent,2020,0.0235141002220019,0.0273233882601695,0.0199170264090362
All Population,Prevalence,New York,Both,35-39 years,Diabetes mellitus type 2,Percent,2020,0.0428111322250667,0.0480463482290351,0.0380377481704979
All Population,Prevalence,New York,Both,40-44 years,Diabetes mellitus type 2,Percent,2020,0.0712553641526935,0.0795603386099033,0.0641003955071552
All Population,Prevalence,New York,Both,45-49 years,Diabetes mellitus type 2,Percent,2020,0.1099639934444094,0.1195653976807447,0.1006675442454453
All Population,Prevalence,New York,Both,50-54 years,Diabetes mellitus type 2,Percent,2020,0.1574871959784409,0.1740072395564619,0.1419394980544379
All Population,Prevalence,New York,Both,55-59 years,Diabetes mellitus type 2,Percent,2020,0.2104145745113707,0.2294398938469158,0.1929909959234322
All Population,Prevalence,New York,Both,60-64 years,Diabetes mellitus type 2,Percent,2020,0.2638664092824947,0.2864131786237764,0.2441917833774819
All Population,Prevalence,New York,Both,65-69 years,Diabetes mellitus type 2,Percent,2020,0.3066275149246234,0.3293933640188304,0.2847764190916116
All Population,Prevalence,New York,Both,70-74 years,Diabetes mellitus type 2,Percent,2020,0.3354990795067718,0.3612587617821393,0.3123076800283754
All Population,Prevalence,New York,Both,75-79 years,Diabetes mellitus type 2,Percent,2020,0.3438289844568252,0.370461781658755,0.318908976075279
All Population,Prevalence,New York,Both,80+ years,Diabetes mellitus type 2,Percent,2020,0.3199277029839809,0.3478927671091203,0.2946372282227509
All Population,Prevalence,New York,Both,<5 years,Chronic kidney disease,Percent,2021,0.0004520598345956,0.0005638111295569,0.0003613643253982
All Population,Prevalence,New York,Both,5-9 years,Chronic kidney disease,Percent,2021,0.0023547864207398,0.0032242480162483,0.0016889295737717
All Population,Prevalence,New York,Both,10-14 years,Chronic kidney disease,Percent,2021,0.0124648469189387,0.0157309363661469,0.0094467917268067
All Population,Prevalence,New York,Both,15-19 years,Chronic kidney disease,Percent,2021,0.0326534980286273,0.0416970480155651,0.0248511559592213
All Population,Prevalence,New York,Both,20-24 years,Chronic kidney disease,Percent,2021,0.0457737960877182,0.0573146664947982,0.0363887221514805
All Population,Prevalence,New York,Both,25-29 years,Chronic kidney disease,Percent,2021,0.0497103609765094,0.0631356588563068,0.0382650006810995
All Population,Prevalence,New York,Both,30-34 years,Chronic kidney disease,Percent,2021,0.0639729662400307,0.0822315459746869,0.0501000601323158
All Population,Prevalence,New York,Both,35-39 years,Chronic kidney disease,Percent,2021,0.0761632324174972,0.0949633430749238,0.0592828554219301
All Population,Prevalence,New York,Both,40-44 years,Chronic kidney disease,Percent,2021,0.0780732640352397,0.0995386965589665,0.0632254772492887
All Population,Prevalence,New York,Both,45-49 years,Chronic kidney disease,Percent,2021,0.0863258159091538,0.1060972142574406,0.0688401790856935
All Population,Prevalence,New York,Both,50-54 years,Chronic kidney disease,Percent,2021,0.1072343940597283,0.1314300458121668,0.0869486819617855
All Population,Prevalence,New York,Both,55-59 years,Chronic kidney disease,Percent,2021,0.1311225822568139,0.1574615937157247,0.1069374120907766
All Population,Prevalence,New York,Both,60-64 years,Chronic kidney disease,Percent,2021,0.1638642532099808,0.1958334093895416,0.1349000049053949
All Population,Prevalence,New York,Both,65-69 years,Chronic kidney disease,Percent,2021,0.2325144972696421,0.2720600524635104,0.1950066031058214
All Population,Prevalence,New York,Both,70-74 years,Chronic kidney disease,Percent,2021,0.323584366079122,0.3702756443671354,0.2799440103260782
All Population,Prevalence,New York,Both,75-79 years,Chronic kidney disease,Percent,2021,0.4262698708213345,0.4790729963693094,0.3737305546218256
All Population,Prevalence,New York,Both,80+ years,Chronic kidney disease,Percent,2021,0.5941910891936175,0.6506174678413348,0.5517924163426281
All Population,Prevalence,New York,Both,<5 years,HIV/AIDS,Percent,2021,0.0001272596107188,0.0002205759651878,6.21270089388e-05
All Population,Prevalence,New York,Both,5-9 years,HIV/AIDS,Percent,2021,9.65976872117e-05,0.0001834312842414,4.4739920381e-05
All Population,Prevalence,New York,Both,10-14 years,HIV/AIDS,Percent,2021,7.36941526018e-05,0.0001350204365386,3.58335766523e-05
All Population,Prevalence,New York,Both,15-19 years,HIV/AIDS,Percent,2021,0.0004851223797527,0.000823262085579,0.0002909511155055
All Population,Prevalence,New York,Both,20-24 years,HIV/AIDS,Percent,2021,0.0017840846722894,0.0028016810489777,0.0010133686903608
All Population,Prevalence,New York,Both,25-29 years,HIV/AIDS,Percent,2021,0.0036881733532089,0.0059044229794072,0.0020159915781022
All Population,Prevalence,New York,Both,30-34 years,HIV/AIDS,Percent,2021,0.0055877838710491,0.0088482083051454,0.003124253287126
All Population,Prevalence,New York,Both,35-39 years,HIV/AIDS,Percent,2021,0.0067016775015912,0.0109030191420629,0.0037899280937021
All Population,Prevalence,New York,Both,40-44 years,HIV/AIDS,Percent,2021,0.0082115607741039,0.0135352444036623,0.0046000417038776
All Population,Prevalence,New York,Both,45-49 years,HIV/AIDS,Percent,2021,0.0103543696779906,0.0166079551641395,0.0058302514802341
All Population,Prevalence,New York,Both,50-54 years,HIV/AIDS,Percent,2021,0.0139693298101616,0.0218983160395839,0.0077993672054973
All Population,Prevalence,New York,Both,55-59 years,HIV/AIDS,Percent,2021,0.0186008179162936,0.0291971602050006,0.0101300491856861
All Population,Prevalence,New York,Both,60-64 years,HIV/AIDS,Percent,2021,0.0210792729471066,0.0332689198663479,0.0109675726236412
All Population,Prevalence,New York,Both,65-69 years,HIV/AIDS,Percent,2021,0.0200273110613902,0.0314221000585893,0.0101415546071296
All Population,Prevalence,New York,Both,70-74 years,HIV/AIDS,Percent,2021,0.0139086780280244,0.0232576887263213,0.0072599391360548
All Population,Prevalence,New York,Both,75-79 years,HIV/AIDS,Percent,2021,0.0082823077863488,0.013570025217759,0.004374769424316
All Population,Prevalence,New York,Both,80+ years,HIV/AIDS,Percent,2021,0.0032775953597932,0.0054271539879337,0.0017301069466181
All Population,Prevalence,New York,Both,<5 years,Alcohol use disorders,Percent,2021,0.0006376137083575,0.0010853725795067,0.0001670625258981
All Population,Prevalence,New York,Both,5-9 years,Alcohol use disorders,Percent,2021,0.0005590331981508,0.000928160185928,0.0002195085706767
All Population,Prevalence,New York,Both,10-14 years,Alcohol use disorders,Percent,2021,0.0018657376862968,0.0025935024543106,0.0011505066130364
All Population,Prevalence,New York,Both,15-19 years,Alcohol use disorders,Percent,2021,0.0148441223782657,0.0205361761307184,0.0106964807987207
All Population,Prevalence,New York,Both,20-24 years,Alcohol use disorders,Percent,2021,0.0389235169371453,0.0517703621866435,0.0286045564358395
All Population,Prevalence,New York,Both,25-29 years,Alcohol use disorders,Percent,2021,0.0492374385697512,0.0627458207384405,0.0377445022388456
All Population,Prevalence,New York,Both,30-34 years,Alcohol use disorders,Percent,2021,0.0510370340530967,0.0664025751390578,0.0377539546776809
All Population,Prevalence,New York,Both,35-39 years,Alcohol use disorders,Percent,2021,0.0443328377569905,0.0549696249579075,0.0344376640570996
All Population,Prevalence,New York,Both,40-44 years,Alcohol use disorders,Percent,2021,0.0372593223912556,0.0495041890647898,0.0281662768090497
All Population,Prevalence,New York,Both,45-49 years,Alcohol use disorders,Percent,2021,0.0336882569537573,0.0421330260408772,0.026832749079898
All Population,Prevalence,New York,Both,50-54 years,Alcohol use disorders,Percent,2021,0.0306628060597957,0.0396437144480877,0.0224883581547874
All Population,Prevalence,New York,Both,55-59 years,Alcohol use disorders,Percent,2021,0.0277699201751318,0.0337939272853231,0.0220451002335381
All Population,Prevalence,New York,Both,60-64 years,Alcohol use disorders,Percent,2021,0.0243375542870408,0.0318733503934489,0.0177368195171113
All Population,Prevalence,New York,Both,65-69 years,Alcohol use disorders,Percent,2021,0.0196702835645678,0.0243314909801539,0.0152688724748978
All Population,Prevalence,New York,Both,70-74 years,Alcohol use disorders,Percent,2021,0.0151320655116446,0.0192459230303823,0.0110405282672712
All Population,Prevalence,New York,Both,75-79 years,Alcohol use disorders,Percent,2021,0.0127861988506336,0.0162627681630436,0.0094787564556715
All Population,Prevalence,New York,Both,80+ years,Alcohol use disorders,Percent,2021,0.0129430046408655,0.0161952491688895,0.0101199006126302
All Population,Prevalence,New York,Both,<5 years,Drug use disorders,Percent,2021,0.0,0.0,0.0
All Population,Prevalence,New York,Both,5-9 years,Drug use disorders,Percent,2021,0.0,0.0,0.0
All Population,Prevalence,New York,Both,10-14 years,Drug use disorders,Percent,2021,0.0048534591266738,0.0092423402734968,0.0015998517584016
All Population,Prevalence,New York,Both,15-19 years,Drug use disorders,Percent,2021,0.0663986693080825,0.0976927820446042,0.0433087887235232
All Population,Prevalence,New York,Both,20-24 years,Drug use disorders,Percent,2021,0.1014306031954221,0.1186881012477278,0.0862603107787891
All Population,Prevalence,New York,Both,25-29 years,Drug use disorders,Percent,2021,0.0977881056950257,0.1118562871338912,0.0862196988978378
All Population,Prevalence,New York,Both,30-34 years,Drug use disorders,Percent,2021,0.0761255547146824,0.0877968816121142,0.0669065144866077
All Population,Prevalence,New York,Both,35-39 years,Drug use disorders,Percent,2021,0.0587236809774535,0.0688135822836418,0.0510516219326832
All Population,Prevalence,New York,Both,40-44 years,Drug use disorders,Percent,2021,0.0465627707590193,0.0545664470822933,0.0407082519192242
All Population,Prevalence,New York,Both,45-49 years,Drug use disorders,Percent,2021,0.037339591031949,0.0435888329258746,0.0323470074092937
All Population,Prevalence,New York,Both,50-54 years,Drug use disorders,Percent,2021,0.0294815910333291,0.0338514819994232,0.0251938211628701
All Population,Prevalence,New York,Both,55-59 years,Drug use disorders,Percent,2021,0.0197212706253888,0.0224210387630848,0.0170531625289115
All Population,Prevalence,New York,Both,60-64 years,Drug use disorders,Percent,2021,0.0110486659620599,0.0128318331101219,0.0094563166229909
All Population,Prevalence,New York,Both,65-69 years,Drug use disorders,Percent,2021,0.0061786517885106,0.0072037125773112,0.005262240381549
All Population,Prevalence,New York,Both,70-74 years,Drug use disorders,Percent,2021,0.0036454428353207,0.0042632385490957,0.0031319854651637
All Population,Prevalence,New York,Both,75-79 years,Drug use disorders,Percent,2021,0.0025902527224071,0.003032682081139,0.0021909887105644
All Population,Prevalence,New York,Both,80+ years,Drug use disorders,Percent,2021,0.002129555784837,0.0025181698172833,0.0018083721536271
All Population,Prevalence,New York,Both,<5 years,Depressive disorders,Percent,2021,6.8336549705e-06,1.35234092795e-05,2.4661106965e-06
All Population,Prevalence,New York,Both,5-9 years,Depressive disorders,Percent,2021,0.0110141015851683,0.0167176604892976,0.006828266398709
All Population,Prevalence,New York,Both,10-14 years,Depressive disorders,Percent,2021,0.0425474332755758,0.0548835835764728,0.0312359609408745
All Population,Prevalence,New York,Both,15-19 years,Depressive disorders,Percent,2021,0.0589713296741515,0.0716450620909638,0.0449266520910364
All Population,Prevalence,New York,Both,20-24 years,Depressive disorders,Percent,2021,0.0593405519037295,0.0714578899191447,0.0493622620645401
All Population,Prevalence,New York,Both,25-29 years,Depressive disorders,Percent,2021,0.0608958026507908,0.0719772546341521,0.0502442451166628
All Population,Prevalence,New York,Both,30-34 years,Depressive disorders,Percent,2021,0.0604809064557678,0.0717787295947477,0.0495951186675685
All Population,Prevalence,New York,Both,35-39 years,Depressive disorders,Percent,2021,0.0611176000810392,0.0717704473189221,0.0504976590171635
All Population,Prevalence,New York,Both,40-44 years,Depressive disorders,Percent,2021,0.0603755988219823,0.0712959554762211,0.0498240592602581
All Population,Prevalence,New York,Both,45-49 years,Depressive disorders,Percent,2021,0.0575692465497057,0.0680329475921278,0.0477740284093011
All Population,Prevalence,New York,Both,50-54 years,Depressive disorders,Percent,2021,0.0549355895046462,0.0663396056697099,0.0462362867889874
All Population,Prevalence,New York,Both,55-59 years,Depressive disorders,Percent,2021,0.0507413526015102,0.0597470284495187,0.043498139396108
All Population,Prevalence,New York,Both,60-64 years,Depressive disorders,Percent,2021,0.0478788919429132,0.0567824651751633,0.0401917621798776
All Population,Prevalence,New York,Both,65-69 years,Depressive disorders,Percent,2021,0.0460328373984727,0.055326742327597,0.0387443091898785
All Population,Prevalence,New York,Both,70-74 years,Depressive disorders,Percent,2021,0.0438042654738119,0.0530353946270748,0.0369369008914841
All Population,Prevalence,New York,Both,75-79 years,Depressive disorders,Percent,2021,0.0431316271781118,0.0515859613578795,0.0363935635890825
All Population,Prevalence,New York,Both,80+ years,Depressive disorders,Percent,2021,0.0427479314333251,0.0520206375664934,0.035187955426726
All Population,Prevalence,New York,Both,<5 years,Anxiety disorders,Percent,2021,0.0035689258641767,0.0112567040090711,0.0009297136689346
All Population,Prevalence,New York,Both,5-9 years,Anxiety disorders,Percent,2021,0.0345677940492997,0.0884727594662466,0.01257686526968
All Population,Prevalence,New York,Both,10-14 years,Anxiety disorders,Percent,2021,0.0532083371693426,0.0948488207210566,0.0279391810331915
All Population,Prevalence,New York,Both,15-19 years,Anxiety disorders,Percent,2021,0.0868506093537966,0.1459989435976886,0.0514716437251591
All Population,Prevalence,New York,Both,20-24 years,Anxiety disorders,Percent,2021,0.0824767148388675,0.1196720212631484,0.0551995693523541
All Population,Prevalence,New York,Both,25-29 years,Anxiety disorders,Percent,2021,0.0780995678802505,0.1138886300685734,0.0554770226136557
All Population,Prevalence,New York,Both,30-34 years,Anxiety disorders,Percent,2021,0.0751243889663382,0.1106178055641321,0.0521957157924792
All Population,Prevalence,New York,Both,35-39 years,Anxiety disorders,Percent,2021,0.0724420244324867,0.094234067361946,0.0531102114645211
All Population,Prevalence,New York,Both,40-44 years,Anxiety disorders,Percent,2021,0.0704534497454236,0.0970816917848635,0.0536049920035282
All Population,Prevalence,New York,Both,45-49 years,Anxiety disorders,Percent,2021,0.0705335843413284,0.0973017500233821,0.0541448688240982
All Population,Prevalence,New York,Both,50-54 years,Anxiety disorders,Percent,2021,0.0710324665545524,0.1004380551314096,0.0507403040338156
All Population,Prevalence,New York,Both,55-59 years,Anxiety disorders,Percent,2021,0.0709175058647652,0.0981939260013823,0.0503123078521307
All Population,Prevalence,New York,Both,60-64 years,Anxiety disorders,Percent,2021,0.0703919674252038,0.0968937018313894,0.0480549427301039
All Population,Prevalence,New York,Both,65-69 years,Anxiety disorders,Percent,2021,0.0696341556051217,0.0953242685691706,0.0507987173837306
All Population,Prevalence,New York,Both,70-74 years,Anxiety disorders,Percent,2021,0.0675499574306396,0.1006909517496811,0.0495040205971617
All Population,Prevalence,New York,Both,75-79 years,Anxiety disorders,Percent,2021,0.0645279856956003,0.0913141924293312,0.0471880032618588
All Population,Prevalence,New York,Both,80+ years,Anxiety disorders,Percent,2021,0.0623106914637523,0.0884061580900341,0.0450074153218729
All Population,Prevalence,New York,Both,<5 years,Diabetes mellitus type 1,Percent,2021,0.0006396507467935,0.0011943707030114,0.0003086602472901
All Population,Prevalence,New York,Both,5-9 years,Diabetes mellitus type 1,Percent,2021,0.0030110218062588,0.004746893843304,0.0022454685245402
All Population,Prevalence,New York,Both,10-14 years,Diabetes mellitus type 1,Percent,2021,0.0044747363688683,0.0054706686813818,0.0038299200714541
All Population,Prevalence,New York,Both,15-19 years,Diabetes mellitus type 1,Percent,2021,0.0054179338348746,0.0062203995445886,0.0048754224409123
All Population,Prevalence,New York,Both,20-24 years,Diabetes mellitus type 1,Percent,2021,0.0060209507426444,0.0066604996165898,0.005272671529314
All Population,Prevalence,New York,Both,25-29 years,Diabetes mellitus type 1,Percent,2021,0.0056706897684246,0.006592452081785,0.0046106547979287
All Population,Prevalence,New York,Both,30-34 years,Diabetes mellitus type 1,Percent,2021,0.0052129666146839,0.0064592550233676,0.0042645572840976
All Population,Prevalence,New York,Both,35-39 years,Diabetes mellitus type 1,Percent,2021,0.005063221099117,0.0064836054055886,0.0041024755036934
All Population,Prevalence,New York,Both,40-44 years,Diabetes mellitus type 1,Percent,2021,0.0050734874291146,0.0061179343238944,0.0042149368364462
All Population,Prevalence,New York,Both,45-49 years,Diabetes mellitus type 1,Percent,2021,0.0051971545547925,0.0063276004718244,0.0042370724738491
All Population,Prevalence,New York,Both,50-54 years,Diabetes mellitus type 1,Percent,2021,0.0051842961704011,0.00633053099036,0.0041946794340446
All Population,Prevalence,New York,Both,55-59 years,Diabetes mellitus type 1,Percent,2021,0.0050263212289999,0.0061860601400448,0.0040438089820604
All Population,Prevalence,New York,Both,60-64 years,Diabetes mellitus type 1,Percent,2021,0.0047623709926354,0.0058160071450261,0.0037194775827061
All Population,Prevalence,New York,Both,65-69 years,Diabetes mellitus type 1,Percent,2021,0.0043766004122392,0.0052502963637768,0.003316177840243
All Population,Prevalence,New York,Both,70-74 years,Diabetes mellitus type 1,Percent,2021,0.0039135218733768,0.0048596943458583,0.002850950207905
All Population,Prevalence,New York,Both,75-79 years,Diabetes mellitus type 1,Percent,2021,0.0034287844887093,0.0043690462116685,0.0023396950054845
All Population,Prevalence,New York,Both,80+ years,Diabetes mellitus type 1,Percent,2021,0.0025701491158476,0.0034206995435132,0.0016968518246239
All Population,Prevalence,New York,Both,<5 years,Diabetes mellitus type 2,Percent,2021,0.0,0.0,0.0
All Population,Prevalence,New York,Both,5-9 years,Diabetes mellitus type 2,Percent,2021,0.0,0.0,0.0
All Population,Prevalence,New York,Both,10-14 years,Diabetes mellitus type 2,Percent,2021,0.0,0.0,0.0
All Population,Prevalence,New York,Both,15-19 years,Diabetes mellitus type 2,Percent,2021,0.005511021443476,0.0072160046035798,0.0038499595393651
All Population,Prevalence,New York,Both,20-24 years,Diabetes mellitus type 2,Percent,2021,0.0083764302832169,0.0102722306533568,0.0064569476653791
All Population,Prevalence,New York,Both,25-29 years,Diabetes mellitus type 2,Percent,2021,0.0131475577219961,0.0156133154831903,0.0108940968369468
All Population,Prevalence,New York,Both,30-34 years,Diabetes mellitus type 2,Percent,2021,0.0238878614461438,0.0278157283312212,0.020278711636835
All Population,Prevalence,New York,Both,35-39 years,Diabetes mellitus type 2,Percent,2021,0.0436032760774233,0.0486365960573368,0.0387638297140979
All Population,Prevalence,New York,Both,40-44 years,Diabetes mellitus type 2,Percent,2021,0.072734522594482,0.0809523430010311,0.0652928076729839
All Population,Prevalence,New York,Both,45-49 years,Diabetes mellitus type 2,Percent,2021,0.1120433889481746,0.1219170444858339,0.1026954448611028
All Population,Prevalence,New York,Both,50-54 years,Diabetes mellitus type 2,Percent,2021,0.1601367038180181,0.177486023277244,0.1455265859198484
All Population,Prevalence,New York,Both,55-59 years,Diabetes mellitus type 2,Percent,2021,0.2133721199464839,0.2331694019468703,0.194264572093831
All Population,Prevalence,New York,Both,60-64 years,Diabetes mellitus type 2,Percent,2021,0.2670099672628954,0.2887426575062326,0.245369461994231
All Population,Prevalence,New York,Both,65-69 years,Diabetes mellitus type 2,Percent,2021,0.3104516060152935,0.3321715367801904,0.2883265586476956
All Population,Prevalence,New York,Both,70-74 years,Diabetes mellitus type 2,Percent,2021,0.3402990053974268,0.3651460236215305,0.3186280543080094
All Population,Prevalence,New York,Both,75-79 years,Diabetes mellitus type 2,Percent,2021,0.3489914885048519,0.3770993817638778,0.3253058296773854
All Population,Prevalence,New York,Both,80+ years,Diabetes mellitus type 2,Percent,2021,0.3255291743177302,0.3520536136346255,0.2999232434375967
All Population,Prevalence,New York,Both,<5 years,Chronic kidney disease,Percent,2022,0.0004482843216277,0.0005639411675742,0.0003481220720845
All Population,Prevalence,New York,Both,5-9 years,Chronic kidney disease,Percent,2022,0.0023222882359577,0.0031859453188326,0.0016151656260474
All Population,Prevalence,New York,Both,10-14 years,Chronic kidney disease,Percent,2022,0.0124370371312645,0.0158892880981675,0.0094338424506641
All Population,Prevalence,New York,Both,15-19 years,Chronic kidney disease,Percent,2022,0.0325378662202519,0.0413683916895772,0.0246249308178469
All Population,Prevalence,New York,Both,20-24 years,Chronic kidney disease,Percent,2022,0.0458710429564463,0.0582209006740361,0.0364049179339729
All Population,Prevalence,New York,Both,25-29 years,Chronic kidney disease,Percent,2022,0.0500042444225975,0.0647328957902172,0.0385725144008256
All Population,Prevalence,New York,Both,30-34 years,Chronic kidney disease,Percent,2022,0.0637725893029238,0.0820046565577239,0.0496198179235491
All Population,Prevalence,New York,Both,35-39 years,Chronic kidney disease,Percent,2022,0.075593349597484,0.09425960532979,0.0590125782622379
All Population,Prevalence,New York,Both,40-44 years,Chronic kidney disease,Percent,2022,0.0770355472087802,0.0987234376549514,0.0618830295092017
All Population,Prevalence,New York,Both,45-49 years,Chronic kidney disease,Percent,2022,0.0854269710399179,0.105434446220362,0.0682203482395172
All Population,Prevalence,New York,Both,50-54 years,Chronic kidney disease,Percent,2022,0.1072951132757491,0.1306739568202987,0.086672832742019
All Population,Prevalence,New York,Both,55-59 years,Chronic kidney disease,Percent,2022,0.130885061416622,0.1575916908610551,0.1066624298179723
All Population,Prevalence,New York,Both,60-64 years,Chronic kidney disease,Percent,2022,0.1627506165575216,0.1950364056027735,0.135121351359564
All Population,Prevalence,New York,Both,65-69 years,Chronic kidney disease,Percent,2022,0.2315795836639581,0.2705423336531474,0.1937976563113269
All Population,Prevalence,New York,Both,70-74 years,Chronic kidney disease,Percent,2022,0.3221552008378299,0.3657514034881848,0.2783833359990416
All Population,Prevalence,New York,Both,75-79 years,Chronic kidney disease,Percent,2022,0.4233516730813822,0.4761664594289143,0.3705324342026474
All Population,Prevalence,New York,Both,80+ years,Chronic kidney disease,Percent,2022,0.590190442882857,0.641603892855072,0.5482985386488717
All Population,Prevalence,New York,Both,<5 years,HIV/AIDS,Percent,2022,0.0001230657474858,0.00022029626678,6.1149903214e-05
All Population,Prevalence,New York,Both,5-9 years,HIV/AIDS,Percent,2022,9.46674287687e-05,0.0001801691838948,4.42219449808e-05
All Population,Prevalence,New York,Both,10-14 years,HIV/AIDS,Percent,2022,7.62326631517e-05,0.0001437353897712,3.39833370821e-05
All Population,Prevalence,New York,Both,15-19 years,HIV/AIDS,Percent,2022,0.0004393284624378,0.0007255246895606,0.0002457331306578
All Population,Prevalence,New York,Both,20-24 years,HIV/AIDS,Percent,2022,0.0016645847553618,0.0027079453218705,0.0009139913525068
All Population,Prevalence,New York,Both,25-29 years,HIV/AIDS,Percent,2022,0.0035421433253979,0.0058030686152195,0.0019740216943482
All Population,Prevalence,New York,Both,30-34 years,HIV/AIDS,Percent,2022,0.0055794923618944,0.0091337319188712,0.0030420953904399
All Population,Prevalence,New York,Both,35-39 years,HIV/AIDS,Percent,2022,0.0067350401020371,0.0108001291049725,0.0037654812234934
All Population,Prevalence,New York,Both,40-44 years,HIV/AIDS,Percent,2022,0.008064835656577,0.0133252231602298,0.0045640027746125
All Population,Prevalence,New York,Both,45-49 years,HIV/AIDS,Percent,2022,0.0099660143022336,0.0160086502116736,0.0056219588924087
All Population,Prevalence,New York,Both,50-54 years,HIV/AIDS,Percent,2022,0.013244888265213,0.0209180679247629,0.0075170860852385
All Population,Prevalence,New York,Both,55-59 years,HIV/AIDS,Percent,2022,0.0177495815560531,0.0277437116005862,0.0098743868247619
All Population,Prevalence,New York,Both,60-64 years,HIV/AIDS,Percent,2022,0.0207616351609038,0.0328549503065636,0.0109293706037398
All Population,Prevalence,New York,Both,65-69 years,HIV/AIDS,Percent,2022,0.0205896150474543,0.0325232900673824,0.0105149457835053
All Population,Prevalence,New York,Both,70-74 years,HIV/AIDS,Percent,2022,0.0151050301153103,0.0248731326682833,0.0079381497895252
All Population,Prevalence,New York,Both,75-79 years,HIV/AIDS,Percent,2022,0.0091890801850162,0.0152775111553626,0.0048461453541344
All Population,Prevalence,New York,Both,80+ years,HIV/AIDS,Percent,2022,0.0035351652998919,0.0058498673248034,0.0018900850812871
All Population,Prevalence,New York,Both,<5 years,Alcohol use disorders,Percent,2022,0.0006237534118188,0.0010729778885695,0.0001494904034722
All Population,Prevalence,New York,Both,5-9 years,Alcohol use disorders,Percent,2022,0.0005477807411849,0.0009394167067513,0.0002053767679691
All Population,Prevalence,New York,Both,10-14 years,Alcohol use disorders,Percent,2022,0.0017274470417376,0.0024409383029126,0.001086121223731
All Population,Prevalence,New York,Both,15-19 years,Alcohol use disorders,Percent,2022,0.0137999872967032,0.0189734556416366,0.0097419580697487
All Population,Prevalence,New York,Both,20-24 years,Alcohol use disorders,Percent,2022,0.0380372430663795,0.050672016931051,0.0272689730649453
All Population,Prevalence,New York,Both,25-29 years,Alcohol use disorders,Percent,2022,0.0527426450931859,0.0658143799337379,0.040645119733451
All Population,Prevalence,New York,Both,30-34 years,Alcohol use disorders,Percent,2022,0.0574940762064624,0.0752945120108375,0.0421382994551033
All Population,Prevalence,New York,Both,35-39 years,Alcohol use disorders,Percent,2022,0.0499806838381289,0.0623855773714607,0.0385477573102461
All Population,Prevalence,New York,Both,40-44 years,Alcohol use disorders,Percent,2022,0.041394008122953,0.055135720504034,0.030622480854367
All Population,Prevalence,New York,Both,45-49 years,Alcohol use disorders,Percent,2022,0.036101738608454,0.0454781757057157,0.0283631564443715
All Population,Prevalence,New York,Both,50-54 years,Alcohol use disorders,Percent,2022,0.0317781507300474,0.0412561656556794,0.0232792039100747
All Population,Prevalence,New York,Both,55-59 years,Alcohol use disorders,Percent,2022,0.0282377767750759,0.0348313164188476,0.0219579116779175
All Population,Prevalence,New York,Both,60-64 years,Alcohol use disorders,Percent,2022,0.0244185928070254,0.0322795657874993,0.0174652689762769
All Population,Prevalence,New York,Both,65-69 years,Alcohol use disorders,Percent,2022,0.0195239932250779,0.0248042060157249,0.0148947209662014
All Population,Prevalence,New York,Both,70-74 years,Alcohol use disorders,Percent,2022,0.0148521342448658,0.0192719778940452,0.0110194879605864
All Population,Prevalence,New York,Both,75-79 years,Alcohol use disorders,Percent,2022,0.0123692144842512,0.015791379478961,0.0091479053806193
All Population,Prevalence,New York,Both,80+ years,Alcohol use disorders,Percent,2022,0.0121950519809279,0.015367328738333,0.0095399319856714
All Population,Prevalence,New York,Both,<5 years,Drug use disorders,Percent,2022,0.0,0.0,0.0
All Population,Prevalence,New York,Both,5-9 years,Drug use disorders,Percent,2022,0.0,0.0,0.0
All Population,Prevalence,New York,Both,10-14 years,Drug use disorders,Percent,2022,0.0049111330166401,0.0090581410339459,0.0018472380302363
All Population,Prevalence,New York,Both,15-19 years,Drug use disorders,Percent,2022,0.0673794244520197,0.0972239590109211,0.044213955587903
All Population,Prevalence,New York,Both,20-24 years,Drug use disorders,Percent,2022,0.1028523286953652,0.1197266169092403,0.0864328193210819
All Population,Prevalence,New York,Both,25-29 years,Drug use disorders,Percent,2022,0.099277783486628,0.113412866709337,0.0876775748635656
All Population,Prevalence,New York,Both,30-34 years,Drug use disorders,Percent,2022,0.0777157621669217,0.0896387541256712,0.0679562194497697
All Population,Prevalence,New York,Both,35-39 years,Drug use disorders,Percent,2022,0.0599771594059869,0.0698190485473311,0.0521850400068612
All Population,Prevalence,New York,Both,40-44 years,Drug use disorders,Percent,2022,0.0472267579073989,0.0552158617281222,0.0409636605950359
All Population,Prevalence,New York,Both,45-49 years,Drug use disorders,Percent,2022,0.0375631632588456,0.0437019560101691,0.0323301417028233
All Population,Prevalence,New York,Both,50-54 years,Drug use disorders,Percent,2022,0.0294896342364064,0.0342373972981412,0.0251317697389836
All Population,Prevalence,New York,Both,55-59 years,Drug use disorders,Percent,2022,0.0197477461427607,0.0226494057748063,0.0167435412061824
All Population,Prevalence,New York,Both,60-64 years,Drug use disorders,Percent,2022,0.0111411317331627,0.0130316574031019,0.0094687427126919
All Population,Prevalence,New York,Both,65-69 years,Drug use disorders,Percent,2022,0.0062640125660797,0.0073621822680155,0.0053211706652852
All Population,Prevalence,New York,Both,70-74 years,Drug use disorders,Percent,2022,0.0037115015388184,0.0043678205192584,0.003138437591865
All Population,Prevalence,New York,Both,75-79 years,Drug use disorders,Percent,2022,0.0026425570907031,0.003109551188426,0.0022069340703678
All Population,Prevalence,New York,Both,80+ years,Drug use disorders,Percent,2022,0.0021730055348886,0.002567584711088,0.0018573843512972
All Population,Prevalence,New York,Both,<5 years,Depressive disorders,Percent,2022,6.9682647053e-06,1.37239286082e-05,2.5415074731e-06
All Population,Prevalence,New York,Both,5-9 years,Depressive disorders,Percent,2022,0.0089615227488136,0.01364692802129,0.0056095775940006
All Population,Prevalence,New York,Both,10-14 years,Depressive disorders,Percent,2022,0.0407963648224614,0.0543665349367536,0.0290063141687833
All Population,Prevalence,New York,Both,15-19 years,Depressive disorders,Percent,2022,0.0585816051850685,0.0715500976272429,0.0441806784541229
All Population,Prevalence,New York,Both,20-24 years,Depressive disorders,Percent,2022,0.059214774869851,0.0722455064115124,0.0488213353151863
All Population,Prevalence,New York,Both,25-29 years,Depressive disorders,Percent,2022,0.0608246134994577,0.0723327969625512,0.0504349934502197
All Population,Prevalence,New York,Both,30-34 years,Depressive disorders,Percent,2022,0.0604006770573578,0.0708146517444568,0.0499387874022314
All Population,Prevalence,New York,Both,35-39 years,Depressive disorders,Percent,2022,0.0610020777424368,0.0717612801675811,0.0506136389486521
All Population,Prevalence,New York,Both,40-44 years,Depressive disorders,Percent,2022,0.0603909373022254,0.0719516497823967,0.0496434229841929
All Population,Prevalence,New York,Both,45-49 years,Depressive disorders,Percent,2022,0.0576656693531202,0.0688311581191438,0.0481906664063393
All Population,Prevalence,New York,Both,50-54 years,Depressive disorders,Percent,2022,0.054897708140019,0.0664778225073651,0.0460538203537309
All Population,Prevalence,New York,Both,55-59 years,Depressive disorders,Percent,2022,0.0508230251167276,0.0606062309588725,0.0429654664940052
All Population,Prevalence,New York,Both,60-64 years,Depressive disorders,Percent,2022,0.04783074151327,0.0571533863205698,0.0396483665847468
All Population,Prevalence,New York,Both,65-69 years,Depressive disorders,Percent,2022,0.0460626914236319,0.0561154084409687,0.0383869269346288
All Population,Prevalence,New York,Both,70-74 years,Depressive disorders,Percent,2022,0.0439292631042472,0.0531979907963141,0.0368074676207088
All Population,Prevalence,New York,Both,75-79 years,Depressive disorders,Percent,2022,0.043158217736372,0.0520973408254338,0.0363363833484312
All Population,Prevalence,New York,Both,80+ years,Depressive disorders,Percent,2022,0.0427988516555956,0.0524099607256875,0.035340440689129
All Population,Prevalence,New York,Both,<5 years,Anxiety disorders,Percent,2022,0.0023292686562046,0.0073635061757512,0.0006062728971609
All Population,Prevalence,New York,Both,5-9 years,Anxiety disorders,Percent,2022,0.0361739620161035,0.0999016537040147,0.0122337971201181
All Population,Prevalence,New York,Both,10-14 years,Anxiety disorders,Percent,2022,0.0488828188660905,0.0969246296051559,0.0247202138762517
All Population,Prevalence,New York,Both,15-19 years,Anxiety disorders,Percent,2022,0.0969020733741357,0.1722036703807785,0.0536198648364246
All Population,Prevalence,New York,Both,20-24 years,Anxiety disorders,Percent,2022,0.0874128808518995,0.129955645944901,0.0566232762246469
All Population,Prevalence,New York,Both,25-29 years,Anxiety disorders,Percent,2022,0.0824514619641827,0.120938254471303,0.0583050933056359
All Population,Prevalence,New York,Both,30-34 years,Anxiety disorders,Percent,2022,0.078854010028638,0.1196126882183559,0.0540109980590845
All Population,Prevalence,New York,Both,35-39 years,Anxiety disorders,Percent,2022,0.075900072267675,0.1025509525488015,0.0547847217939839
All Population,Prevalence,New York,Both,40-44 years,Anxiety disorders,Percent,2022,0.07323865868484,0.1008839066272271,0.0546891690049562
All Population,Prevalence,New York,Both,45-49 years,Anxiety disorders,Percent,2022,0.0732345346430232,0.1029467410800115,0.0549392798478632
All Population,Prevalence,New York,Both,50-54 years,Anxiety disorders,Percent,2022,0.0737755862564481,0.1061767746220316,0.0512920836085156
All Population,Prevalence,New York,Both,55-59 years,Anxiety disorders,Percent,2022,0.0735675961938314,0.1038829938294394,0.0508661121260254
All Population,Prevalence,New York,Both,60-64 years,Anxiety disorders,Percent,2022,0.0728593552079142,0.1017149613148509,0.0480476937894283
All Population,Prevalence,New York,Both,65-69 years,Anxiety disorders,Percent,2022,0.0723939547715002,0.0999699741074059,0.0517523290675987
All Population,Prevalence,New York,Both,70-74 years,Anxiety disorders,Percent,2022,0.0708637380014787,0.1078636655581665,0.0501771667368638
All Population,Prevalence,New York,Both,75-79 years,Anxiety disorders,Percent,2022,0.0679233476372413,0.0999775674726485,0.0482626168769558
All Population,Prevalence,New York,Both,80+ years,Anxiety disorders,Percent,2022,0.0656414826455753,0.0936415991167597,0.0468125699859957
All Population,Prevalence,New York,Both,<5 years,Diabetes mellitus type 1,Percent,2022,0.0006351460313876,0.001352360604974,0.0002600105266583
All Population,Prevalence,New York,Both,5-9 years,Diabetes mellitus type 1,Percent,2022,0.0030746196587512,0.0052436315967683,0.0019904585949514
All Population,Prevalence,New York,Both,10-14 years,Diabetes mellitus type 1,Percent,2022,0.0044269167125298,0.0058298885481437,0.003612256682045
All Population,Prevalence,New York,Both,15-19 years,Diabetes mellitus type 1,Percent,2022,0.005282810323607,0.0061452073969935,0.0046061776771782
All Population,Prevalence,New York,Both,20-24 years,Diabetes mellitus type 1,Percent,2022,0.0061144354107002,0.0068017620276416,0.0052732563967459
All Population,Prevalence,New York,Both,25-29 years,Diabetes mellitus type 1,Percent,2022,0.0058873241525648,0.0069603295883144,0.004834362054013
All Population,Prevalence,New York,Both,30-34 years,Diabetes mellitus type 1,Percent,2022,0.005321698519406,0.0065212935862411,0.0042849931710756
All Population,Prevalence,New York,Both,35-39 years,Diabetes mellitus type 1,Percent,2022,0.0051476966229203,0.0067117873570151,0.0040970647779651
All Population,Prevalence,New York,Both,40-44 years,Diabetes mellitus type 1,Percent,2022,0.0050783619099533,0.0062141335520041,0.0042539145720855
All Population,Prevalence,New York,Both,45-49 years,Diabetes mellitus type 1,Percent,2022,0.0051999104246311,0.0063527647161813,0.0042634464753293
All Population,Prevalence,New York,Both,50-54 years,Diabetes mellitus type 1,Percent,2022,0.005200363570093,0.0062002965551089,0.0041877622636313
All Population,Prevalence,New York,Both,55-59 years,Diabetes mellitus type 1,Percent,2022,0.0050432029668151,0.0062890457893379,0.0040271246705297
All Population,Prevalence,New York,Both,60-64 years,Diabetes mellitus type 1,Percent,2022,0.0047860465483056,0.0057861056191946,0.0037603181944406
All Population,Prevalence,New York,Both,65-69 years,Diabetes mellitus type 1,Percent,2022,0.0044105279109526,0.0053418886412546,0.0033554005910699
All Population,Prevalence,New York,Both,70-74 years,Diabetes mellitus type 1,Percent,2022,0.0039481442626744,0.0048744639959696,0.0029352162034886
All Population,Prevalence,New York,Both,75-79 years,Diabetes mellitus type 1,Percent,2022,0.0034589494298229,0.0043650532143966,0.0023798567219961
All Population,Prevalence,New York,Both,80+ years,Diabetes mellitus type 1,Percent,2022,0.0025998884818679,0.0034542140162474,0.0017253436740532
All Population,Prevalence,New York,Both,<5 years,Diabetes mellitus type 2,Percent,2022,0.0,0.0,0.0
All Population,Prevalence,New York,Both,5-9 years,Diabetes mellitus type 2,Percent,2022,0.0,0.0,0.0
All Population,Prevalence,New York,Both,10-14 years,Diabetes mellitus type 2,Percent,2022,0.0,0.0,0.0
All Population,Prevalence,New York,Both,15-19 years,Diabetes mellitus type 2,Percent,2022,0.0060192684352917,0.0079734024256987,0.0042230652624579
All Population,Prevalence,New York,Both,20-24 years,Diabetes mellitus type 2,Percent,2022,0.0087477655602944,0.0107982918171674,0.0067798825168076
All Population,Prevalence,New York,Both,25-29 years,Diabetes mellitus type 2,Percent,2022,0.013378907452948,0.0159217123466603,0.0109574221762718
All Population,Prevalence,New York,Both,30-34 years,Diabetes mellitus type 2,Percent,2022,0.0243564006634639,0.0284237414738303,0.0205040896647778
All Population,Prevalence,New York,Both,35-39 years,Diabetes mellitus type 2,Percent,2022,0.0445993082821317,0.0501847507696389,0.0394987451251822
All Population,Prevalence,New York,Both,40-44 years,Diabetes mellitus type 2,Percent,2022,0.0746771412640596,0.0834853101390008,0.0664569181798129
All Population,Prevalence,New York,Both,45-49 years,Diabetes mellitus type 2,Percent,2022,0.1149200046193131,0.1259088751000298,0.103317067707052
All Population,Prevalence,New York,Both,50-54 years,Diabetes mellitus type 2,Percent,2022,0.1638582344640064,0.1818405694283885,0.1466749193207077
All Population,Prevalence,New York,Both,55-59 years,Diabetes mellitus type 2,Percent,2022,0.2173957575937579,0.2387766430640228,0.1968868439425513
All Population,Prevalence,New York,Both,60-64 years,Diabetes mellitus type 2,Percent,2022,0.2710608621003841,0.29435802368704,0.248765071818876
All Population,Prevalence,New York,Both,65-69 years,Diabetes mellitus type 2,Percent,2022,0.3152282566615444,0.3410054906265157,0.2905788808528943
All Population,Prevalence,New York,Both,70-74 years,Diabetes mellitus type 2,Percent,2022,0.3463057351348976,0.3726271875465667,0.3219045533420032
All Population,Prevalence,New York,Both,75-79 years,Diabetes mellitus type 2,Percent,2022,0.355597293321358,0.3843731215996952,0.3255055022553796
All Population,Prevalence,New York,Both,80+ years,Diabetes mellitus type 2,Percent,2022,0.3315358246445686,0.3607958015031923,0.3028438543963898
All Population,Prevalence,New York,Both,<5 years,Chronic kidney disease,Percent,2023,0.0004462975527388,0.0005601767545992,0.0003498114855342
All Population,Prevalence,New York,Both,5-9 years,Chronic kidney disease,Percent,2023,0.0023255456686165,0.0032296022163865,0.0016795585700393
All Population,Prevalence,New York,Both,10-14 years,Chronic kidney disease,Percent,2023,0.0124085190360958,0.0160132175100682,0.0094598106331981
All Population,Prevalence,New York,Both,15-19 years,Chronic kidney disease,Percent,2023,0.0324793218008543,0.0426168463349406,0.0246926745237783
All Population,Prevalence,New York,Both,20-24 years,Chronic kidney disease,Percent,2023,0.0458657734104529,0.0579068380866139,0.036559645609641
All Population,Prevalence,New York,Both,25-29 years,Chronic kidney disease,Percent,2023,0.0499529761606615,0.0635717717097855,0.0386930659865336
All Population,Prevalence,New York,Both,30-34 years,Chronic kidney disease,Percent,2023,0.0639240112691665,0.0835418773165032,0.0487533913447662
All Population,Prevalence,New York,Both,35-39 years,Chronic kidney disease,Percent,2023,0.0759356465706918,0.0953007921684098,0.0588241006372373
All Population,Prevalence,New York,Both,40-44 years,Chronic kidney disease,Percent,2023,0.0774835302705693,0.0992110659199803,0.0618200294585473
All Population,Prevalence,New York,Both,45-49 years,Chronic kidney disease,Percent,2023,0.0857843150138727,0.1062984921103273,0.0685645012974475
All Population,Prevalence,New York,Both,50-54 years,Chronic kidney disease,Percent,2023,0.1075464134822098,0.1307292557823015,0.0872259517581328
All Population,Prevalence,New York,Both,55-59 years,Chronic kidney disease,Percent,2023,0.1313919682251472,0.1582229170506038,0.1071312552505754
All Population,Prevalence,New York,Both,60-64 years,Chronic kidney disease,Percent,2023,0.1627766195944779,0.1937244901197417,0.1343044430474672
All Population,Prevalence,New York,Both,65-69 years,Chronic kidney disease,Percent,2023,0.2312196714497352,0.2698007806800635,0.1927187048198899
All Population,Prevalence,New York,Both,70-74 years,Chronic kidney disease,Percent,2023,0.3219731868646966,0.3689388040890974,0.2783482407229551
All Population,Prevalence,New York,Both,75-79 years,Chronic kidney disease,Percent,2023,0.4228214223805552,0.4752927140020579,0.3690992192412843
All Population,Prevalence,New York,Both,80+ years,Chronic kidney disease,Percent,2023,0.5878066296684121,0.6458405522448809,0.5454640746922961
All Population,Prevalence,New York,Both,<5 years,HIV/AIDS,Percent,2023,0.0001192890606703,0.0002007305814013,5.83519616176e-05
All Population,Prevalence,New York,Both,5-9 years,HIV/AIDS,Percent,2023,9.46385882233e-05,0.0001671228722335,4.45430249099e-05
All Population,Prevalence,New York,Both,10-14 years,HIV/AIDS,Percent,2023,7.90281724202e-05,0.0001479521107912,3.47797959256e-05
All Population,Prevalence,New York,Both,15-19 years,HIV/AIDS,Percent,2023,0.0004068491500127,0.0006737551765471,0.0002325623974128
All Population,Prevalence,New York,Both,20-24 years,HIV/AIDS,Percent,2023,0.0015618340474681,0.0026003229359074,0.000877978045105
All Population,Prevalence,New York,Both,25-29 years,HIV/AIDS,Percent,2023,0.0034065399443158,0.0057290007167239,0.0018476871557056
All Population,Prevalence,New York,Both,30-34 years,HIV/AIDS,Percent,2023,0.0055321139870888,0.0089294014794797,0.0030140510602766
All Population,Prevalence,New York,Both,35-39 years,HIV/AIDS,Percent,2023,0.0067913436338076,0.0109916387183995,0.0038945472117541
All Population,Prevalence,New York,Both,40-44 years,HIV/AIDS,Percent,2023,0.0079601835256536,0.0131720599240477,0.0045046975548628
All Population,Prevalence,New York,Both,45-49 years,HIV/AIDS,Percent,2023,0.0096620521210037,0.0154527508714245,0.0054652449691127
All Population,Prevalence,New York,Both,50-54 years,HIV/AIDS,Percent,2023,0.0125631689708915,0.0201918877824137,0.0072262495429001
All Population,Prevalence,New York,Both,55-59 years,HIV/AIDS,Percent,2023,0.0168259407532134,0.0260854331167335,0.0094946503053108
All Population,Prevalence,New York,Both,60-64 years,HIV/AIDS,Percent,2023,0.020350756907887,0.0321275199130808,0.0110608537161746
All Population,Prevalence,New York,Both,65-69 years,HIV/AIDS,Percent,2023,0.0209118945542852,0.0329298288492331,0.0107540724932644
All Population,Prevalence,New York,Both,70-74 years,HIV/AIDS,Percent,2023,0.016332973328859,0.0265767772018397,0.008336939670897
All Population,Prevalence,New York,Both,75-79 years,HIV/AIDS,Percent,2023,0.0101619689157536,0.0166035439068969,0.0052720387347852
All Population,Prevalence,New York,Both,80+ years,HIV/AIDS,Percent,2023,0.0038432383234166,0.0063997530634967,0.0020637469637429
All Population,Prevalence,New York,Both,<5 years,Alcohol use disorders,Percent,2023,0.0006353621589099,0.0011500661691581,0.0001445294433595
All Population,Prevalence,New York,Both,5-9 years,Alcohol use disorders,Percent,2023,0.0005568248673509,0.0009578686332569,0.0001817143394655
All Population,Prevalence,New York,Both,10-14 years,Alcohol use disorders,Percent,2023,0.0017202818828168,0.0025127377185966,0.0010583210935564
All Population,Prevalence,New York,Both,15-19 years,Alcohol use disorders,Percent,2023,0.0137829125473854,0.0187891328669553,0.0096783746591585
All Population,Prevalence,New York,Both,20-24 years,Alcohol use disorders,Percent,2023,0.0376675528931643,0.0509699735106199,0.0271755132431884
All Population,Prevalence,New York,Both,25-29 years,Alcohol use disorders,Percent,2023,0.0509346808081986,0.0640644985078314,0.0381901258677228
All Population,Prevalence,New York,Both,30-34 years,Alcohol use disorders,Percent,2023,0.0548417071335834,0.0721578407774543,0.0392618613191081
All Population,Prevalence,New York,Both,35-39 years,Alcohol use disorders,Percent,2023,0.0480034690258742,0.0611708461558006,0.0367061267709326
All Population,Prevalence,New York,Both,40-44 years,Alcohol use disorders,Percent,2023,0.0404790091878419,0.0568120862989885,0.0296364329173027
All Population,Prevalence,New York,Both,45-49 years,Alcohol use disorders,Percent,2023,0.0363028843168401,0.0465933518150656,0.0286974812559899
All Population,Prevalence,New York,Both,50-54 years,Alcohol use disorders,Percent,2023,0.0330694216512636,0.0438319009939131,0.0250400491517646
All Population,Prevalence,New York,Both,55-59 years,Alcohol use disorders,Percent,2023,0.030494698294748,0.0379697665015563,0.0241731347756085
All Population,Prevalence,New York,Both,60-64 years,Alcohol use disorders,Percent,2023,0.027152948278427,0.0358354951609224,0.0193421974790123
All Population,Prevalence,New York,Both,65-69 years,Alcohol use disorders,Percent,2023,0.0214089814023465,0.0272292521708146,0.0163597325121599
All Population,Prevalence,New York,Both,70-74 years,Alcohol use disorders,Percent,2023,0.0157433405706919,0.0201784090501163,0.0115923596037638
All Population,Prevalence,New York,Both,75-79 years,Alcohol use disorders,Percent,2023,0.0128811844193745,0.0165942115218296,0.0094531630641108
All Population,Prevalence,New York,Both,80+ years,Alcohol use disorders,Percent,2023,0.0123816437801514,0.0154098914139874,0.0095130694113782
All Population,Prevalence,New York,Both,<5 years,Drug use disorders,Percent,2023,0.0,0.0,0.0
All Population,Prevalence,New York,Both,5-9 years,Drug use disorders,Percent,2023,0.0,0.0,0.0
All Population,Prevalence,New York,Both,10-14 years,Drug use disorders,Percent,2023,0.0048229352682052,0.00957105906626,0.0014321883914024
All Population,Prevalence,New York,Both,15-19 years,Drug use disorders,Percent,2023,0.0670102800829438,0.1011380705508508,0.0438184123645486
All Population,Prevalence,New York,Both,20-24 years,Drug use disorders,Percent,2023,0.1032724332343763,0.1217984674964237,0.0866945958770591
All Population,Prevalence,New York,Both,25-29 years,Drug use disorders,Percent,2023,0.0996249920901189,0.1139504573365364,0.0879873899062918
All Population,Prevalence,New York,Both,30-34 years,Drug use disorders,Percent,2023,0.0779585200377504,0.089974612088944,0.0682118833237482
All Population,Prevalence,New York,Both,35-39 years,Drug use disorders,Percent,2023,0.0600907564761547,0.069804810652097,0.0519763557125422
All Population,Prevalence,New York,Both,40-44 years,Drug use disorders,Percent,2023,0.0472338500550855,0.0549561228688497,0.0410228098532428
All Population,Prevalence,New York,Both,45-49 years,Drug use disorders,Percent,2023,0.0375830604443285,0.0440946750122252,0.0325857505718368
All Population,Prevalence,New York,Both,50-54 years,Drug use disorders,Percent,2023,0.0294731393658016,0.0340524289613637,0.0250654560360358
All Population,Prevalence,New York,Both,55-59 years,Drug use disorders,Percent,2023,0.0197468306919267,0.0226625188712596,0.0167812867863306
All Population,Prevalence,New York,Both,60-64 years,Drug use disorders,Percent,2023,0.0111721797644621,0.0132090560436648,0.0094322319413934
All Population,Prevalence,New York,Both,65-69 years,Drug use disorders,Percent,2023,0.0062877745361639,0.0073673571149377,0.0052889645344639
All Population,Prevalence,New York,Both,70-74 years,Drug use disorders,Percent,2023,0.003715476013002,0.0044274461281185,0.0031418431057667
All Population,Prevalence,New York,Both,75-79 years,Drug use disorders,Percent,2023,0.0026398600984573,0.0031107503347571,0.0022136161142436
All Population,Prevalence,New York,Both,80+ years,Drug use disorders,Percent,2023,0.0021718540231983,0.0026203754764052,0.0018402117760283
All Population,Prevalence,New York,Both,<5 years,Depressive disorders,Percent,2023,7.0024492878e-06,1.51489450977e-05,2.466925763e-06
All Population,Prevalence,New York,Both,5-9 years,Depressive disorders,Percent,2023,0.0079942327092557,0.0122110775544216,0.0048388575541455
All Population,Prevalence,New York,Both,10-14 years,Depressive disorders,Percent,2023,0.0419936459242171,0.0573334360230808,0.0299387707339379
All Population,Prevalence,New York,Both,15-19 years,Depressive disorders,Percent,2023,0.0609744134407613,0.0753645860529197,0.0454596054889971
All Population,Prevalence,New York,Both,20-24 years,Depressive disorders,Percent,2023,0.0616453189269196,0.0761171993015585,0.0506584621941482
All Population,Prevalence,New York,Both,25-29 years,Depressive disorders,Percent,2023,0.063194140579137,0.0764665901359352,0.0523772769914657
All Population,Prevalence,New York,Both,30-34 years,Depressive disorders,Percent,2023,0.0626647075778913,0.074399104832873,0.0519457817968555
All Population,Prevalence,New York,Both,35-39 years,Depressive disorders,Percent,2023,0.0631517518595667,0.0752377589283945,0.0527497157584975
All Population,Prevalence,New York,Both,40-44 years,Depressive disorders,Percent,2023,0.0625772346916684,0.0750074726729034,0.051538102723424
All Population,Prevalence,New York,Both,45-49 years,Depressive disorders,Percent,2023,0.0598508214102369,0.071330156502144,0.0497941060725969
All Population,Prevalence,New York,Both,50-54 years,Depressive disorders,Percent,2023,0.0569924354566306,0.0690874626350901,0.0471328500113889
All Population,Prevalence,New York,Both,55-59 years,Depressive disorders,Percent,2023,0.0528852008718872,0.0637404061086808,0.0440057881654146
All Population,Prevalence,New York,Both,60-64 years,Depressive disorders,Percent,2023,0.049742653015179,0.0602962618688899,0.0413045565868633
All Population,Prevalence,New York,Both,65-69 years,Depressive disorders,Percent,2023,0.0479837942779972,0.0581288357389506,0.0395624476634555
All Population,Prevalence,New York,Both,70-74 years,Depressive disorders,Percent,2023,0.0458452111155162,0.0563847583649758,0.0378262548448942
All Population,Prevalence,New York,Both,75-79 years,Depressive disorders,Percent,2023,0.0450105122948004,0.0552438114217137,0.0376353014276544
All Population,Prevalence,New York,Both,80+ years,Depressive disorders,Percent,2023,0.0446244267725634,0.0548421774521074,0.0366020059610229
All Population,Prevalence,New York,Both,<5 years,Anxiety disorders,Percent,2023,0.0015337000703497,0.0048687489881875,0.0004010942930724
All Population,Prevalence,New York,Both,5-9 years,Anxiety disorders,Percent,2023,0.0436595524903478,0.1291173697923374,0.0133756855143168
All Population,Prevalence,New York,Both,10-14 years,Anxiety disorders,Percent,2023,0.0508954152357264,0.1099534043635993,0.0231640312562869
All Population,Prevalence,New York,Both,15-19 years,Anxiety disorders,Percent,2023,0.1200402677168086,0.2196346968409153,0.0630464033628213
All Population,Prevalence,New York,Both,20-24 years,Anxiety disorders,Percent,2023,0.1007274714779184,0.1551609733870248,0.0621463084719664
All Population,Prevalence,New York,Both,25-29 years,Anxiety disorders,Percent,2023,0.0951732569973671,0.1407965181759126,0.0672087072521296
All Population,Prevalence,New York,Both,30-34 years,Anxiety disorders,Percent,2023,0.0905363958850658,0.1409674244797121,0.0596275805929938
All Population,Prevalence,New York,Both,35-39 years,Anxiety disorders,Percent,2023,0.0868336675679171,0.1218919035711358,0.0621067512306266
All Population,Prevalence,New York,Both,40-44 years,Anxiety disorders,Percent,2023,0.0832942527619063,0.1147564097087306,0.0598880481235266
All Population,Prevalence,New York,Both,45-49 years,Anxiety disorders,Percent,2023,0.0832569503813233,0.1176401244572336,0.0601614311471113
All Population,Prevalence,New York,Both,50-54 years,Anxiety disorders,Percent,2023,0.0838074953745133,0.1244836737278335,0.0565433889882111
All Population,Prevalence,New York,Both,55-59 years,Anxiety disorders,Percent,2023,0.0833029871302354,0.1196748532320376,0.0565127984899197
All Population,Prevalence,New York,Both,60-64 years,Anxiety disorders,Percent,2023,0.0822818170655635,0.1165660018061269,0.0524925418125158
All Population,Prevalence,New York,Both,65-69 years,Anxiety disorders,Percent,2023,0.081873622621123,0.1157179783505427,0.0562869956751953
All Population,Prevalence,New York,Both,70-74 years,Anxiety disorders,Percent,2023,0.0806721140836814,0.1252974201994708,0.0552371397739733
All Population,Prevalence,New York,Both,75-79 years,Anxiety disorders,Percent,2023,0.0776765279783036,0.1153058565561812,0.0529458751472854
All Population,Prevalence,New York,Both,80+ years,Anxiety disorders,Percent,2023,0.0752480060961383,0.1079852884157775,0.0534438814813223
All Population,Prevalence,New York,Both,<5 years,Diabetes mellitus type 1,Percent,2023,0.0006307298613768,0.0014957627448111,0.0002254104414252
All Population,Prevalence,New York,Both,5-9 years,Diabetes mellitus type 1,Percent,2023,0.0031417679071526,0.0058707133998192,0.0017510548246416
All Population,Prevalence,New York,Both,10-14 years,Diabetes mellitus type 1,Percent,2023,0.0044224238236186,0.0062302432500788,0.0033558041647471
All Population,Prevalence,New York,Both,15-19 years,Diabetes mellitus type 1,Percent,2023,0.0051838085980038,0.006316423610819,0.0043720128455253
All Population,Prevalence,New York,Both,20-24 years,Diabetes mellitus type 1,Percent,2023,0.0062023075712577,0.0070913018101504,0.0052250223182588
All Population,Prevalence,New York,Both,25-29 years,Diabetes mellitus type 1,Percent,2023,0.00609450376483,0.0072665191308947,0.0050322964284749
All Population,Prevalence,New York,Both,30-34 years,Diabetes mellitus type 1,Percent,2023,0.0054501862655777,0.0066647996586898,0.0043123280116975
All Population,Prevalence,New York,Both,35-39 years,Diabetes mellitus type 1,Percent,2023,0.0052339743139185,0.0068604550826757,0.0041195786326719
All Population,Prevalence,New York,Both,40-44 years,Diabetes mellitus type 1,Percent,2023,0.0050913002125966,0.0063612004251385,0.004201121898862
All Population,Prevalence,New York,Both,45-49 years,Diabetes mellitus type 1,Percent,2023,0.0052058442769829,0.0064102570911793,0.0042478609404556
All Population,Prevalence,New York,Both,50-54 years,Diabetes mellitus type 1,Percent,2023,0.0052159409411863,0.0062733226092185,0.0041683375264849
All Population,Prevalence,New York,Both,55-59 years,Diabetes mellitus type 1,Percent,2023,0.0050614709558365,0.006386392628879,0.0040178463937331
All Population,Prevalence,New York,Both,60-64 years,Diabetes mellitus type 1,Percent,2023,0.0048101905235291,0.0058219317783732,0.0037396983267796
All Population,Prevalence,New York,Both,65-69 years,Diabetes mellitus type 1,Percent,2023,0.0044464760535504,0.0054327048434305,0.0033940813546737
All Population,Prevalence,New York,Both,70-74 years,Diabetes mellitus type 1,Percent,2023,0.003983703242628,0.004897631499135,0.0029687156589932
All Population,Prevalence,New York,Both,75-79 years,Diabetes mellitus type 1,Percent,2023,0.0034896429471024,0.004386876826497,0.0024507838480751
All Population,Prevalence,New York,Both,80+ years,Diabetes mellitus type 1,Percent,2023,0.0026434887346831,0.0035015063049296,0.0017619261831973
All Population,Prevalence,New York,Both,<5 years,Diabetes mellitus type 2,Percent,2023,0.0,0.0,0.0
All Population,Prevalence,New York,Both,5-9 years,Diabetes mellitus type 2,Percent,2023,0.0,0.0,0.0
All Population,Prevalence,New York,Both,10-14 years,Diabetes mellitus type 2,Percent,2023,0.0,0.0,0.0
All Population,Prevalence,New York,Both,15-19 years,Diabetes mellitus type 2,Percent,2023,0.0066200554823783,0.0087602069087906,0.0046250494186148
All Population,Prevalence,New York,Both,20-24 years,Diabetes mellitus type 2,Percent,2023,0.0093044274476253,0.0115100597346026,0.0072187382229977
All Population,Prevalence,New York,Both,25-29 years,Diabetes mellitus type 2,Percent,2023,0.0138899199372935,0.0164837070461507,0.0113442856967323
All Population,Prevalence,New York,Both,30-34 years,Diabetes mellitus type 2,Percent,2023,0.025155814903337,0.029241445953968,0.021296440989478
All Population,Prevalence,New York,Both,35-39 years,Diabetes mellitus type 2,Percent,2023,0.0461548533182477,0.0521655645605221,0.040820462154962
All Population,Prevalence,New York,Both,40-44 years,Diabetes mellitus type 2,Percent,2023,0.0776066363509509,0.0887004715765644,0.0680273199610232
All Population,Prevalence,New York,Both,45-49 years,Diabetes mellitus type 2,Percent,2023,0.1197628056142052,0.1306994125768497,0.1082545650667401
All Population,Prevalence,New York,Both,50-54 years,Diabetes mellitus type 2,Percent,2023,0.1707247410298212,0.1884688207405957,0.1512895854679959
All Population,Prevalence,New York,Both,55-59 years,Diabetes mellitus type 2,Percent,2023,0.225159225917081,0.245589098371514,0.2042466573061531
All Population,Prevalence,New York,Both,60-64 years,Diabetes mellitus type 2,Percent,2023,0.2789562420522758,0.3033599579453429,0.2527237299631582
All Population,Prevalence,New York,Both,65-69 years,Diabetes mellitus type 2,Percent,2023,0.3241229412518016,0.3494917376834866,0.2970922705549243
All Population,Prevalence,New York,Both,70-74 years,Diabetes mellitus type 2,Percent,2023,0.3567730873674514,0.3819114206822852,0.326907974694642
All Population,Prevalence,New York,Both,75-79 years,Diabetes mellitus type 2,Percent,2023,0.3667755120510736,0.3984212201949037,0.3356300642088968
All Population,Prevalence,New York,Both,80+ years,Diabetes mellitus type 2,Percent,2023,0.3426303633526765,0.3730063426762066,0.3115915358656067
