Age,Year,BipolarDisorder_male,BipolarDisorder_female,NeonatalEncephalopathy_male,NeonatalEncephalopathy_female,Obesity_male,Obesity_female,CongenitalMusculoskeletal_male,CongenitalMusculoskeletal_female,PTSD_male,PTSD_female,AlcoholUseDisorder_male,AlcoholUseDisorder_female,Hypertension_male,Hypertension_female,ChronicKidneyDisease_male,ChronicKidneyDisease_female,CongenitalHeartAnomalies_male,CongenitalHeartAnomalies_female,NeuralTubeDefects_male,NeuralTubeDefects_female,TobaccoUse_male,TobaccoUse_female,ColorectalCancer_male,ColorectalCancer_female,COPD_male,COPD_female,BreastCancer_male,BreastCancer_female,AlzheimersDisease_male,AlzheimersDisease_female,CardiovascularDiseases_male,CardiovascularDiseases_female,ParkinsonsDisease_male,ParkinsonsDisease_female,DownSyndrome_male,DownSyndrome_female,EsophagealCancer_male,EsophagealCancer_female,Dementia_male,Dementia_female,DrugUseDisorder_male,DrugUseDisorder_female,COVID19_male,COVID19_female,Tuberculosis_male,Tuberculosis_female,RoadInjuries_male,RoadInjuries_female,ChromosomalAbnormalities_male,ChromosomalAbnormalities_female,NeonatalJaundice_male,NeonatalJaundice_female,Type2Diabetes_male,Type2Diabetes_female,ProstateCancer_male,ProstateCancer_female,DiarrhealDiseases_male,DiarrhealDiseases_female,Type1Diabetes_male,Type1Diabetes_female,LowerRespiratoryInfections_male,LowerRespiratoryInfections_female,MaternalConditions_male,MaternalConditions_female,DigestiveCongenitalAnomalies_male,DigestiveCongenitalAnomalies_female,Hyperlipidemia_male,Hyperlipidemia_female,AnxietyDisorder_male,AnxietyDisorder_female,InterpersonalViolence_male,InterpersonalViolence_female,SelfHarm_male,SelfHarm_female,NeonatalPretermBirth_male,NeonatalPretermBirth_female,NeonatalSepsis_male,NeonatalSepsis_female,LungCancer_male,LungCancer_female,Flu_male,Flu_female,Asthma_male,Asthma_female,ChronicLiverDisease_male,ChronicLiverDisease_female,ProteinEnergyMalnutrition_male,ProteinEnergyMalnutrition_female,HPV_male,HPV_female,MajorDepressiveDisorder_male,MajorDepressiveDisorder_female,CervicalCancer_male,CervicalCancer_female,AcuteHepatitis_male,AcuteHepatitis_female
0,2007,0,0,0.001638516,0.001213835,,,0.007710802,0.007704588,,,0.000482283,0.000523915,,,0.000456662,0.000271629,0.006949292,0.008395053,0.000364714,0.000383105,,,0,0,0,0,0,0,0,0,0.005390048,0.003423212,0,0,0.000603701,0.000560629,0,0,,,0.000458621,0.000124844,0,0,0.167047912,0.159467972,0.001591461,0.001876075,0.002972702,0.001554495,0.001705048,0.001708765,0,0,0,0,0.026465185,0.021522974,9.80E-06,9.96E-06,0.00445815,0.003652891,0,0,0.00170951,0.002731981,,,0.001001522,0.001121326,0.001713191,0.00154597,0,0,0.034846746,0.02242725,0.004537765,0.00370702,0,0,,,0.021927005,0.029547033,0.011952389,0.010080078,0.024503857,0.020984969,,,,,,0,0.016981721,0.015974451
5,2007,0,0,0.000944159,0.000730862,,,0.003000627,0.003167095,,,0.000518634,0.000540166,,,0.002590333,0.002503041,0.002885286,0.003383265,0.000274968,0.000287787,,,0,0,0,0,0,0,0,0,0.01101482,0.009416996,0,0,0.000540533,0.00049932,0,0,,,0,0,0,0,0.188858174,0.177714644,0.002550202,0.00232128,0.001473398,0.000857526,0.001225495,0.001264622,0,0,0,0,0.028378633,0.016295275,5.38E-05,5.45E-05,0.001274882,0.001155115,0,0,0.000900982,0.001438521,,,0.022303313,0.027546779,0.007406257,0.011636894,0,0,0.008743882,0.006067383,0.002036773,0.001813283,0,0,,,0.042744052,0.041200515,0.018334157,0.015501161,0.002124425,0.0014578,,,,,,0,0.003285886,0.002591049
10,2007,0.0008591,0.000885678,0.000848759,0.000666015,,,0.002764342,0.002939235,,,0.001242196,0.000790379,,,0.015208611,0.015165381,0.002171321,0.002693078,0.000240415,0.00025175,,,0,0,0,0,0,0,0,0,0.014067861,0.012625727,0,0,0.000519407,0.000477179,0,0,,,1.09E-05,8.54E-06,0,0,0.283687147,0.246364261,0.004110145,0.003145746,0.001107449,0.000661474,0.001109957,0.001149523,0,0,0,0,0.040160556,0.018672093,0.0001069,0.000106027,0.000451307,0.000431269,0,7.56E-05,0.000577737,0.000902454,,,0.042291424,0.061660161,0.013388002,0.0247019,7.48E-05,9.91E-05,0.008426668,0.005827904,0.001850939,0.001670522,0,0,,,0.061017215,0.062477049,0.079193675,0.062760321,0.001670456,0.001163217,,,,,,0,0.002998835,0.00179098
15,2007,0.004210939,0.004364895,0.000754688,0.000592287,,,0.002236498,0.00242474,,,0.011042424,0.002890216,,,0.041531185,0.04106292,0.001952273,0.002535576,0.000206105,0.000217245,,,5.13E-06,1.96E-05,0.002851606,0.002526752,3.17E-06,4.01E-05,0,0,0.020725567,0.02126714,0,0,0.000478507,0.000443578,0,0,,,0.016925591,0.006347889,0,0,0.386247803,0.329899562,0.0086301,0.004685921,0.00094623,0.00066946,0.0009747,0.001021882,0.012424181,0.010185019,0,0,0.029003881,0.013281876,0.0001327,0.000131143,0.000382289,0.000366782,0,0.003302778,0.000399754,0.000618085,,,0.041850507,0.060242611,0.029132633,0.046994474,0.000433481,0.000464081,0.007904016,0.005509772,0.001679487,0.001525503,5.68E-07,1.34E-06,,,0.045503687,0.052219892,0.17640175,0.128688678,0.001959858,0.001354769,,,,,,0.000639286,0.004109431,0.002216671
20,2007,0.005839789,0.006096189,0.000677879,0.000515927,,,0.001481553,0.001586331,,,0.035372092,0.006631302,,,0.064723582,0.064254735,0.001799749,0.002391536,0.000171814,0.000178363,,,1.58E-05,7.74E-05,0.00480074,0.004076476,6.26E-06,0.000308463,0,0,0.02772479,0.031340364,2.34E-06,1.09E-06,0.000412413,0.000381383,4.59E-06,8.37E-06,,,0.022454622,0.013350332,0,0,0.41082761,0.340965426,0.017821535,0.006914138,0.000628281,0.000734409,0.000859533,0.000899688,0.020270311,0.015006093,9.82E-06,0,0.021892254,0.009823778,0.000159811,0.000158053,0.000415584,0.000383624,0,0.00504604,0.000299528,0.00046195,,,0.036258825,0.050398543,0.053493299,0.058575623,0.001289247,0.001087617,0.007551873,0.00518876,0.001541635,0.001372639,1.33E-06,4.54E-06,,,0.030790634,0.037189053,0.249276278,0.181409321,0.002267034,0.001561848,,,,,,0.005089103,0.004800664,0.002525937
25,2007,0.006341195,0.006658377,0.000608518,0.000434141,,,0.001293376,0.001382623,,,0.05299757,0.008421707,,,0.078091431,0.077453725,0.001721057,0.002278544,0.000136513,0.000136339,,,7.71E-05,0.000295168,0.006943076,0.005871383,3.52E-05,0.002085757,0,0,0.035099078,0.041566958,1.59E-05,7.49E-06,0.000281623,0.000243429,2.06E-05,3.39E-05,,,0.019054738,0.014228055,0,0,0.394885396,0.326423439,0.028687577,0.009387011,0.000414385,0.000394834,0.000767033,0.000811106,0.02867391,0.020322848,2.72E-05,0,0.021094862,0.009285077,0.000184069,0.000182901,0.000574708,0.000502003,0,0.00510781,0.000240197,0.000372155,,,0.033649171,0.045860358,0.068722801,0.059916874,0.002222014,0.001632145,0.007339266,0.004987632,0.001412614,0.001193499,8.86E-06,2.03E-05,,,0.02761076,0.040530958,0.313556377,0.232230813,0.002586613,0.001782044,,,,,,0.022937694,0.00522754,0.002696391
30,2007,0.006429155,0.006770466,0.000537178,0.00035913,,,0.001259878,0.001350949,,,0.0626803,0.009219651,0.237519917,0.214257215,0.090850587,0.090772197,0.001676719,0.002211844,0.000108257,0.000105097,,,0.000252608,0.000607692,0.009039071,0.007751552,8.29E-05,0.006527478,0,0,0.04298451,0.051219329,4.46E-05,2.07E-05,0.000156988,0.000119042,8.76E-05,7.78E-05,,,0.012907493,0.011247419,0,0,0.403777032,0.341494061,0.040804158,0.01225848,0.000279983,0.000235379,0.000656569,0.000716285,0.038352848,0.027326843,6.15E-05,0,0.020430964,0.008793726,0.000205925,0.000205325,0.000734383,0.000619949,0,0.005402925,0.000202928,0.000315851,,,0.032594037,0.044442084,0.079096071,0.062097706,0.003132867,0.002137091,0.007080738,0.004743778,0.00127699,0.001019556,3.78E-05,5.07E-05,,,0.029450409,0.051573442,0.367951896,0.270881818,0.002921818,0.002011674,,,,,,0.050629214,0.005103659,0.002547644
35,2007,0.006634988,0.007015826,0.000445316,0.000299611,,,0.00123859,0.001329793,,,0.068412512,0.009686886,0.277175792,0.294089797,0.101336095,0.101960719,0.001668247,0.002138059,8.79E-05,8.22E-05,,,0.000360719,0.000690395,0.01103156,0.009642515,0.000124321,0.008891751,0,0,0.053326307,0.061894016,9.47E-05,4.25E-05,9.82E-05,6.79E-05,0.00016478,0.000107311,,,0.009688258,0.008420772,0,0,0.428630108,0.372886685,0.053070511,0.015340291,0.000199487,0.00015671,0.000537501,0.000612555,0.050923729,0.038567672,0.000102182,0,0.019819261,0.008316955,0.000222727,0.000222418,0.000894218,0.00073585,0,0.004560728,0.000176906,0.000277144,,,0.032290097,0.044614585,0.083342079,0.059580342,0.003877933,0.002544543,0.006863891,0.004602915,0.001107559,0.000886559,7.31E-05,6.71E-05,,,0.034329392,0.058448086,0.408115948,0.302075152,0.003272986,0.002249289,,,,,,0.050426526,0.004930473,0.002494234
40,2007,0.006970377,0.007408468,0.000368338,0.000256883,,,0.001223339,0.001314337,,,0.071782027,0.009955363,0.327541335,0.387677338,0.109833906,0.11005617,0.001597679,0.00208304,7.05E-05,6.47E-05,,,0.000431276,0.000571292,0.014506433,0.01245568,0.000150225,0.008500946,0.000159884,0.00018516,0.071170489,0.076733177,0.000172413,7.66E-05,7.16E-05,4.79E-05,0.000332566,0.000182183,,,0.008267857,0.006355,0,0,0.437291664,0.38965529,0.065943233,0.018961124,0.000148767,0.000114849,0.000428094,0.000516651,0.06677178,0.053996989,0.000260937,0,0.019224954,0.007850564,0.000233579,0.000233402,0.001177864,0.000909069,0,0.003056819,0.00015851,0.000250334,,,0.032247019,0.045578632,0.088224883,0.056773333,0.004511111,0.00296361,0.00671178,0.004505586,0.000960804,0.000789961,0.00013289,6.67E-05,,,0.040705454,0.064293811,0.441695936,0.327475058,0.003636861,0.002494875,,,,,,0.030227327,0.004632701,0.002334763
45,2007,0.007166505,0.007632856,0.000325385,0.000229249,,,0.001208232,0.001298899,,,0.069645318,0.009802135,0.385757942,0.485146513,0.123376056,0.124446006,0.001564901,0.002071502,5.74E-05,5.18E-05,,,0.000562084,0.000589066,0.024863727,0.019480297,0.000182529,0.007901301,0.001006201,0.001176997,0.091388248,0.091674307,0.000297537,0.000136846,4.67E-05,3.00E-05,0.000608564,0.000233664,,,0.007479819,0.005863585,0,0,0.43912543,0.401575927,0.078014582,0.022662153,0.000104475,7.84E-05,0.000326058,0.000428742,0.086665783,0.071985295,0.000838409,0,0.018633208,0.007393494,0.000239174,0.000239192,0.001629697,0.001161343,0,0.001565647,0.000145564,0.00023246,,,0.032342725,0.046352805,0.093491834,0.052354731,0.005111331,0.003362256,0.006641793,0.004452593,0.00086917,0.00071801,0.000235066,8.47E-05,,,0.045242462,0.074864703,0.472258275,0.350765478,0.004012846,0.00274873,,,,,,0.01739148,0.004251443,0.002170047
50,2007,0.007196504,0.007652738,0.000304406,0.000212351,,,0.001189316,0.001280244,,,0.06435009,0.009445599,0.447591163,0.575103971,0.148854003,0.151476648,0.001574149,0.002069995,4.65E-05,4.17E-05,,,0.000802338,0.000656565,0.041072982,0.031502062,0.000244778,0.007921078,0.002271462,0.002742504,0.113403159,0.108258184,0.000473066,0.000230421,2.39E-05,1.49E-05,0.001039655,0.000343319,,,0.007057672,0.006003424,0,0,0.435493927,0.406466661,0.090244231,0.027041104,6.21E-05,4.56E-05,0.000236,0.000344608,0.112935516,0.093416313,0.002426332,0,0.018033154,0.006937507,0.000239485,0.000239571,0.002102375,0.001427279,0,0.000936576,0.00013496,0.000217832,,,0.032302195,0.046308665,0.095826723,0.045256805,0.005845173,0.003893945,0.006595819,0.004389443,0.00082113,0.000668256,0.000313253,0.000109416,,,0.048703078,0.087271118,0.495844462,0.365673577,0.004400365,0.00301134,,,,,,0.012056534,0.003872346,0.001985633
55,2007,0.007075393,0.007493815,0.000294498,0.000202884,,,0.00114447,0.001236428,,,0.053934357,0.008678287,0.507877382,0.648521455,0.189621631,0.194414982,0.001537499,0.001988999,3.88E-05,3.54E-05,,,0.000777414,0.000555598,0.056281519,0.045608276,0.000276436,0.006836057,0.003845909,0.004832347,0.142580544,0.13292277,0.000738636,0.000389575,1.34E-05,8.02E-06,0.00126226,0.000342681,,,0.006682685,0.005135988,0,0,0.440655664,0.4105427,0.099884313,0.03086851,3.87E-05,2.81E-05,0.000160383,0.000269624,0.154957345,0.124060945,0.00394898,0,0.017425553,0.006480842,0.000235159,0.000235362,0.002595145,0.001706964,0,0.000355172,0.000125767,0.000204839,,,0.032428273,0.045806825,0.095032358,0.040933293,0.006466835,0.004364817,0.006571739,0.004347557,0.000798528,0.000639302,0.000387743,9.42E-05,,,0.052064767,0.091489764,0.524057057,0.390291814,0.004800108,0.003282967,,,,,,0.006448869,0.003451941,0.001803981
60,2007,0.006746329,0.007105929,0.000289664,0.000196253,,,0.001022069,0.001116387,,,0.043145139,0.007694712,0.560704639,0.703158023,0.252194836,0.26153295,0.001438533,0.001847361,3.16E-05,3.01E-05,,,0.000734319,0.000575741,0.071666829,0.060266861,0.000268355,0.006882335,0.006250502,0.008353093,0.179493896,0.169928093,0.001258701,0.000682786,8.80E-06,5.10E-06,0.001083518,0.000380308,,,0.006244338,0.003835294,0,0,0.462463867,0.427327272,0.107280121,0.03447018,2.58E-05,1.92E-05,9.99E-05,0.000201895,0.208970377,0.164055799,0.007038676,0,0.016068296,0.006167784,0.00022818,0.000228461,0.003515773,0.002422729,0,0.000266918,0.000117789,0.000193365,,,0.032748207,0.045130983,0.095195902,0.040146814,0.00696552,0.004746438,0.006559961,0.004322372,0.000787659,0.000619976,0.000322558,9.99E-05,,,0.055217321,0.088378524,0.544429237,0.406289789,0.005213397,0.003563962,,,,,,0.005102278,0.003175983,0.001634788
65,2007,0.006153053,0.006453193,0.000286863,0.000189252,,,0.000808033,0.000896338,,,0.036747051,0.006454133,0.600269321,0.741781092,0.351508841,0.368546951,0.001496296,0.001784674,2.57E-05,2.52E-05,,,0.00058786,0.000506476,0.095193707,0.076851233,0.000275784,0.005700535,0.011173669,0.016229363,0.245128806,0.235258188,0.002591329,0.001337493,5.84E-06,3.30E-06,0.000814142,0.000324817,,,0.005439119,0.002982748,0,0,0.468899248,0.432144853,0.112450368,0.037434892,1.66E-05,1.31E-05,5.63E-05,0.000141646,0.264419008,0.21443024,0.007662526,0,0.013858343,0.00606931,0.000218785,0.000219061,0.004983664,0.003721101,0,0.000208081,0.00011088,0.000183208,,,0.033159424,0.04467902,0.097472434,0.040779788,0.007373519,0.005125218,0.006555384,0.00431159,0.000781799,0.000603039,0.000285132,8.19E-05,,,0.057202542,0.081478484,0.577109211,0.422990689,0.00564062,0.003855217,,,,,,0.002984416,0.002928726,0.001557052
70,2007,0.005362397,0.005607248,0.000285893,0.00018518,,,0.000588197,0.000653022,,,0.032095107,0.005306201,0.621799767,0.767431995,0.484429157,0.508969843,0.001567933,0.001791994,2.41E-05,2.37E-05,,,0.000534802,0.000449862,0.122493368,0.095396922,0.000301694,0.004954059,0.021500228,0.033103092,0.339366273,0.32510301,0.004875833,0.002557003,0,0,0.000813088,0.000295169,,,0.004372975,0.002487051,0,0,0.465801373,0.412185772,0.116825516,0.040544792,0,0,2.63E-05,8.96E-05,0.309963158,0.262691945,0.008194515,0,0.011802456,0.005974936,0.000206397,0.000206688,0.006494635,0.005075338,0,0.000164996,0.000104895,0.000174227,,,0.033529922,0.044435121,0.099673676,0.04149697,0.007618178,0.005321923,0.006553043,0.004307629,0.000779982,0.000594827,0.000269066,6.87E-05,,,0.057365937,0.072967631,0.592910571,0.441807065,0.006082587,0.004157464,,,,,,0.001687842,0.002685137,0.001459762
75,2007,0.004466199,0.00465936,0.000285778,0.000183926,,,0.000429086,0.000475715,,,0.029989857,0.004729402,0.62084473,0.782426209,0.636175501,0.662230265,0.00158547,0.001809137,2.36E-05,2.33E-05,,,0.00049231,0.000343795,0.147383706,0.115767717,0.000302476,0.004187203,0.040807315,0.062607503,0.417389344,0.404658587,0.008168266,0.004748443,0,0,0.000661812,0.000204182,,,0.003390635,0.002533767,0,0,0.462620611,0.394771558,0.120858587,0.043725063,0,0,9.41E-06,4.88E-05,0.318141533,0.273296592,0.007593912,0,0.009895372,0.005881693,0.000192059,0.000192312,0.008037767,0.006477421,0,0.000133032,9.97E-05,0.00016632,,,0.033893934,0.044272586,0.101621987,0.042108398,0.007867169,0.005601734,0.006551261,0.004305741,0.000779593,0.000592823,0.000208139,3.89E-05,,,0.053453914,0.063831818,0.602492931,0.462441684,0.006540919,0.004471406,,,,,,0.000896271,0.002466831,0.001356863
80,2007,0.003266218,0.003322255,0.000285761,0.000183664,,,0.000268021,0.000285009,,,0.025231482,0.004109661,,,0.840253559,0.870207127,0.001659896,0.001800621,2.31E-05,2.27E-05,,,0.000416005,0.000321947,0.188154196,0.151487848,0.000337034,0.003730708,0.096417286,0.151752063,0.535281271,0.530019183,0.010903478,0.006806546,0,0,0.000516531,0.000189338,,,0.002590222,0.002837252,0,0,0.458882427,0.379529331,0.12638916,0.048409838,0,0,1.50E-06,1.22E-05,0.264231433,0.213585625,0.006241158,0,0.009310083,0.006466412,0.000171255,0.000169669,0.017021137,0.01255654,0,9.67E-05,9.31E-05,0.000155166,,,0.034937785,0.044788722,0.101111329,0.037625488,0.008133241,0.005969319,0.006546867,0.0043017,0.000779515,0.000592685,0.000120698,2.60E-05,,,0.046889735,0.058431139,0.599312277,0.48146231,0.007306984,0.005049531,,,,,,0.000460701,0.002189036,0.001279656
0,2008,0,0,0.001699853,0.00126237,,,0.007783923,0.007777066,,,0.000482132,0.000524364,,,0.000462306,0.000273238,0.006962484,0.008366712,0.000363527,0.00038373,,,0,0,0,0,0,0,0,0,0.005413027,0.003436349,0,0,0.000605363,0.000564147,0,0,,,0.000460164,0.000124692,0,0,0.16562016,0.158471335,0.001588564,0.001902996,0.002986002,0.001561521,0.0017048,0.001706629,0,0,0,0,0.023951678,0.020072604,1.00E-05,1.02E-05,0.004364237,0.003574638,0,0,0.001690875,0.002732828,,,0.001009449,0.001124235,0.001686869,0.001590681,0,0,0.034870778,0.02227654,0.004668227,0.003775261,0,0,,,0.021979197,0.029639318,0.0112467,0.009489767,0.023820332,0.020271823,,,4.90E-07,4.28E-07,,0,0.016992913,0.015986872
5,2008,0,0,0.00100401,0.000770608,,,0.003012084,0.003169689,,,0.000519026,0.000539829,,,0.002602763,0.002498437,0.002898683,0.003384418,0.000274174,0.000288121,,,0,0,0,0,0,0,0,0,0.01104154,0.009442133,0,0,0.000541165,0.000502084,0,0,,,0,0,0,0,0.18652096,0.175879358,0.002573603,0.002375105,0.001476846,0.000861173,0.001224829,0.001263192,0,0,0,0,0.027282735,0.015698872,5.50E-05,5.57E-05,0.00126137,0.001138454,0,0,0.000886351,0.001427332,,,0.022358948,0.027484584,0.007367847,0.011698506,0,0,0.008666314,0.005981758,0.002138851,0.001859017,0,0,,,0.04282918,0.041206755,0.01765123,0.014963326,0.002016507,0.001381457,,,0.001658893,0.001829166,,0,0.003277291,0.002583984
10,2008,0.000861011,0.000886455,0.000898757,0.000698664,,,0.002776925,0.002942387,,,0.001245438,0.000791596,,,0.015280995,0.015190974,0.002183493,0.002697381,0.000240043,0.000252048,,,0,0,0,0,0,0,0,0,0.01412692,0.012680304,0,0,0.000520694,0.00048019,0,0,,,1.10E-05,8.59E-06,0,0,0.28030687,0.242929437,0.00414614,0.003209256,0.001111151,0.000664859,0.001110865,0.001149093,0,0,0,0,0.039236407,0.01826394,0.000111056,0.000109981,0.000443689,0.000424902,0,7.48E-05,0.000569536,0.000893687,,,0.042336513,0.061309035,0.013334628,0.024778635,7.50E-05,9.96E-05,0.008349133,0.005741489,0.001935682,0.001702249,0,0,,,0.061224736,0.062678014,0.054234732,0.043396647,0.001648929,0.001124273,,,0.013378608,0.015631155,,0,0.002397012,0.001450667
15,2008,0.004213857,0.004365571,0.000794959,0.000619825,,,0.002240388,0.002423073,,,0.011062935,0.002903043,,,0.041731336,0.041136615,0.001959788,0.002538347,0.00020558,0.000217296,,,5.29E-06,2.02E-05,0.002832611,0.002511787,3.29E-06,4.14E-05,0,0,0.020763837,0.021384454,0,0,0.00047889,0.000446136,0,0,,,0.016961903,0.006352326,0,0,0.380243448,0.324678619,0.008650992,0.004755542,0.000947842,0.000672467,0.000973722,0.00102072,0.012522346,0.010309792,0,0,0.028581735,0.013197273,0.000134775,0.000133107,0.000379768,0.000364601,0,0.003255047,0.000394564,0.000611446,,,0.042130943,0.060522169,0.028997746,0.047048353,0.000433815,0.0004648,0.00780344,0.005415442,0.001747118,0.001549604,5.72E-07,1.37E-06,,,0.045565689,0.052405849,0.175788896,0.127987359,0.001929574,0.00130773,,,0.031233577,0.039216039,,0.000670058,0.004077142,0.002214885
20,2008,0.005842321,0.006096637,0.000713351,0.000542122,,,0.001479377,0.001580968,,,0.035410446,0.006666418,,,0.064994708,0.06446422,0.00180576,0.002394399,0.00017143,0.000178475,,,1.62E-05,7.49E-05,0.004764734,0.004049995,6.52E-06,0.000300271,0,0,0.027741379,0.031486276,2.37E-06,1.12E-06,0.000412528,0.000383505,4.61E-06,7.80E-06,,,0.022559942,0.013356895,0,0,0.404229672,0.336271811,0.017771247,0.006987373,0.000629232,0.000737456,0.000858248,0.0008984,0.020522475,0.015219274,1.01E-05,0,0.021793009,0.009940005,0.000160897,0.000159035,0.000414811,0.0003828,0,0.005043728,0.000296589,0.000456835,,,0.036429767,0.050776343,0.053393616,0.058642253,0.001289689,0.00108649,0.007444998,0.005095951,0.001601063,0.001398354,1.34E-06,4.35E-06,,,0.030792657,0.037080148,0.248656914,0.180524463,0.002229193,0.001506748,,,0.02892367,0.036971804,,0.005036565,0.004777739,0.002550868
25,2008,0.006342732,0.006658479,0.000640923,0.000460814,,,0.001289983,0.001376917,,,0.05305475,0.008457166,,,0.078407131,0.077778107,0.001726535,0.00228155,0.000136305,0.000136456,,,7.69E-05,0.000221178,0.00689136,0.005835229,3.55E-05,0.001578861,0,0,0.035095709,0.041740353,1.62E-05,7.67E-06,0.000281638,0.000244522,2.01E-05,2.43E-05,,,0.019155858,0.014237816,0,0,0.389047662,0.320566714,0.028579821,0.009467121,0.000414939,0.00039613,0.000765432,0.000809943,0.029093345,0.020626718,2.72E-05,0,0.020989891,0.009385945,0.000184972,0.00018369,0.000570319,0.000498458,0,0.005081653,0.000238565,0.000367852,,,0.033692105,0.046040973,0.068814506,0.06001987,0.00222318,0.001633108,0.00722922,0.004893474,0.001466585,0.001225019,8.69E-06,1.52E-05,,,0.027581766,0.040490876,0.312907304,0.231516778,0.002541427,0.001718485,,,0.028001543,0.033452266,,0.017562662,0.005172218,0.002695706
30,2008,0.006429862,0.006770391,0.000566425,0.000385125,,,0.001256302,0.001345333,,,0.062655532,0.00924357,0.237576197,0.216232785,0.091381644,0.091165434,0.001681875,0.002214915,0.000108048,0.000105217,,,0.000243954,0.000500603,0.008977549,0.007710181,8.10E-05,0.005424037,0,0,0.042962962,0.051411479,4.52E-05,2.12E-05,0.000156976,0.000119364,8.27E-05,6.18E-05,,,0.012960145,0.011258817,0,0,0.399055113,0.335968837,0.040741047,0.012350555,0.00028026,0.000235942,0.000655286,0.000715226,0.038903372,0.027746281,5.95E-05,0,0.020316682,0.008877721,0.000206537,0.000205838,0.000726021,0.000613732,0,0.005381679,0.000201994,0.000312155,,,0.032533779,0.044440191,0.079328957,0.062248242,0.003131456,0.002139212,0.00696603,0.004644946,0.001325785,0.001054855,3.60E-05,4.16E-05,,,0.029413716,0.051743687,0.367240065,0.269810489,0.002868765,0.001939288,,,0.027423689,0.032496954,,0.042675848,0.005043885,0.002553802
35,2008,0.006634956,0.007015761,0.000468002,0.000321739,,,0.001234971,0.001324299,,,0.068028061,0.009682961,0.277036323,0.296377131,0.101871316,0.102444943,0.001673134,0.002141204,8.77E-05,8.23E-05,,,0.000349712,0.000625836,0.010966762,0.009598901,0.000121868,0.008135417,0,0,0.053291181,0.062085978,9.56E-05,4.31E-05,9.81E-05,6.79E-05,0.000155367,9.35E-05,,,0.00972941,0.008430478,0,0,0.425121417,0.368251857,0.053041336,0.015441054,0.00019962,0.000157026,0.000537114,0.000611616,0.051562503,0.039254561,9.88E-05,0,0.019695592,0.008384512,0.000223932,0.000223537,0.000881695,0.000727147,0,0.004525663,0.000176387,0.000273917,,,0.03213019,0.044420909,0.083628347,0.059755259,0.003874597,0.002545078,0.006743572,0.004498137,0.001147452,0.000919603,6.96E-05,6.05E-05,,,0.034371719,0.05863796,0.40721242,0.3003396,0.003211719,0.002167982,,,0.027008567,0.032460461,,0.046786925,0.004838285,0.002496385
40,2008,0.006970014,0.007408446,0.000383431,0.000274119,,,0.001219822,0.001309062,,,0.071149113,0.009923214,0.327361937,0.390163005,0.110252612,0.110573527,0.001602316,0.002086215,7.04E-05,6.48E-05,,,0.000425328,0.000537384,0.014435642,0.012408976,0.000150268,0.008068167,0.000159557,0.000185366,0.071165057,0.076900622,0.000173824,7.73E-05,7.15E-05,4.78E-05,0.00031944,0.000164469,,,0.008318113,0.006367972,0,0,0.434451597,0.385823931,0.065960108,0.019067603,0.000148883,0.000115035,0.000428461,0.000515735,0.067499216,0.05507331,0.000257536,0,0.019093191,0.007901738,0.000234815,0.00023458,0.001159429,0.000896279,0,0.003046337,0.00015822,0.000247402,,,0.032047606,0.045268087,0.088527827,0.056948087,0.0045055,0.002963269,0.006586765,0.004397246,0.000989383,0.000817516,0.000128863,6.23E-05,,,0.040847967,0.064402057,0.440684499,0.326219933,0.003567675,0.002404294,,,0.026844239,0.032535478,,0.029097295,0.004557297,0.002333432
45,2008,0.007166164,0.007632848,0.000334738,0.000242701,,,0.001205071,0.001293907,,,0.069181072,0.009748066,0.38568347,0.487703362,0.123837154,0.124949739,0.001569486,0.002074817,5.73E-05,5.19E-05,,,0.000561361,0.00055612,0.024755953,0.019408745,0.0001847,0.007546212,0.001004458,0.001176652,0.091400554,0.091786571,0.000300175,0.000137546,4.66E-05,2.99E-05,0.000591671,0.000212323,,,0.007537456,0.005896716,0,0,0.43606728,0.397297119,0.078028554,0.022762447,0.000104573,7.84E-05,0.000326674,0.000428038,0.08757839,0.073349352,0.000837251,0,0.01849364,0.0074292,0.000240374,0.000240347,0.001603598,0.001141994,0,0.001556242,0.000145423,0.000229723,,,0.032188841,0.04610928,0.093756897,0.052521643,0.005103233,0.003361609,0.006513982,0.004342172,0.000887542,0.000739915,0.000230681,7.93E-05,,,0.045316408,0.074930447,0.471336571,0.348632129,0.003935489,0.002648666,,,0.026798841,0.032629695,,0.016732865,0.004186758,0.002177931
50,2008,0.007196391,0.007652743,0.000310339,0.000222926,,,0.00118652,0.001275534,,,0.064115635,0.009395701,0.447733562,0.577648943,0.149713793,0.152073243,0.001578849,0.002073475,4.65E-05,4.17E-05,,,0.000791592,0.0006256,0.040921941,0.031391635,0.000244965,0.007647703,0.002268867,0.002736674,0.113488289,0.108364582,0.000477518,0.00023133,2.38E-05,1.48E-05,0.001002674,0.000315353,,,0.007122621,0.006059737,0,0,0.433327241,0.402245224,0.090230206,0.027123781,6.21E-05,4.56E-05,0.000236757,0.000344318,0.114190953,0.094962159,0.002397912,0,0.017886021,0.006955727,0.000240937,0.000240977,0.002068995,0.00140075,0,0.000933254,0.000134914,0.000215241,,,0.032188667,0.046163616,0.096059728,0.045412579,0.005836472,0.003889632,0.006467701,0.004278818,0.000832993,0.000684756,0.000303577,0.000103205,,,0.048643403,0.087347571,0.494910495,0.362559999,0.004314888,0.002901506,,,0.026752877,0.032773902,,0.011715505,0.003784418,0.001979469
55,2008,0.007075368,0.007493821,0.000298607,0.000211335,,,0.00114176,0.001232102,,,0.053832761,0.008709859,0.508297404,0.651050838,0.190685646,0.195362152,0.00154228,0.001992338,3.88E-05,3.54E-05,,,0.000766463,0.000536922,0.056131427,0.045457196,0.000275877,0.006687232,0.00384236,0.004828198,0.142662728,0.133142106,0.000744208,0.000391585,1.34E-05,7.97E-06,0.001218606,0.000320215,,,0.006745202,0.005182444,0,0,0.438947827,0.407728788,0.099818561,0.030898433,3.88E-05,2.81E-05,0.000161051,0.000269584,0.156913183,0.125845555,0.00389538,0,0.017270566,0.006481589,0.000236578,0.000236763,0.002554836,0.001672605,0,0.000353778,0.000125807,0.000202383,,,0.032338725,0.04574954,0.0952287,0.041074903,0.006459253,0.004353645,0.006443738,0.004237001,0.000807183,0.000651029,0.000374951,9.03E-05,,,0.052045773,0.091567598,0.523091032,0.387280275,0.004705954,0.003162937,,,0.026812066,0.032521984,,0.006345408,0.003387642,0.001793654
60,2008,0.00674632,0.007105937,0.000292722,0.000202765,,,0.0010187,0.001112181,,,0.043102088,0.007815275,0.561544372,0.70578957,0.25347332,0.262970529,0.001443225,0.001850449,3.17E-05,3.02E-05,,,0.000730066,0.000563145,0.071526573,0.060084982,0.000269065,0.006796995,0.006249066,0.008349024,0.179633374,0.170217149,0.001263802,0.000688102,8.81E-06,5.07E-06,0.001058212,0.000360773,,,0.006296489,0.003856744,0,0,0.461097207,0.425778626,0.107185234,0.034448999,2.58E-05,1.93E-05,0.000100528,0.00020209,0.211764568,0.166087519,0.007004266,0,0.015915633,0.006162688,0.000229402,0.00022967,0.003466917,0.002377709,0,0.000265845,0.0001179,0.000191,,,0.032676447,0.045131065,0.095332985,0.040262619,0.006956085,0.004727949,0.006432095,0.004211501,0.000794538,0.000627325,0.000315407,9.71E-05,,,0.055352042,0.088436232,0.543427871,0.40260197,0.005110256,0.003433496,,,0.026888069,0.03256018,,0.005107897,0.003103513,0.001620767
65,2008,0.006153052,0.006453199,0.000289246,0.000193301,,,0.000804101,0.000892112,,,0.036698493,0.006590064,0.601888107,0.744757715,0.353502001,0.370480156,0.00150114,0.00178771,2.58E-05,2.53E-05,,,0.000579066,0.000497534,0.094931806,0.076588628,0.000274208,0.005649386,0.011171767,0.016216714,0.245285711,0.235672111,0.002592611,0.001352996,5.84E-06,3.29E-06,0.000789346,0.000309537,,,0.005479503,0.002994613,0,0,0.468128936,0.430079688,0.112288738,0.037369605,1.66E-05,1.31E-05,5.68E-05,0.000141842,0.267281631,0.216471903,0.007563845,0,0.013725712,0.006064819,0.000220184,0.000220505,0.004922629,0.003662053,0,0.000207319,0.000111049,0.000180905,,,0.033098074,0.04467839,0.097542698,0.040867784,0.00736188,0.00510044,0.006427043,0.00420024,0.000787584,0.000605707,0.000276902,8.02E-05,,,0.057317863,0.081560692,0.576163589,0.418343866,0.005528274,0.003713911,,,0.027232864,0.032873537,,0.00300867,0.002866388,0.001541116
70,2008,0.005362399,0.005607252,0.000288009,0.000187649,,,0.000584608,0.000649434,,,0.032072924,0.005431726,0.624778068,0.771090262,0.487301201,0.511987707,0.001573069,0.001795149,2.42E-05,2.38E-05,,,0.000523974,0.000441609,0.122150829,0.09501634,0.000298877,0.00490569,0.021464157,0.033051559,0.339213334,0.325665873,0.004865823,0.002589714,0,0,0.000784878,0.00028201,,,0.004404574,0.002500487,0,0,0.462517954,0.408533075,0.116631042,0.040457352,0,0,2.66E-05,8.98E-05,0.312296638,0.264520987,0.008026647,0,0.011692656,0.005971035,0.000208148,0.000208464,0.006420226,0.00500167,0,0.00016444,0.000105123,0.000171976,,,0.033500415,0.044447736,0.099693795,0.04155299,0.007605931,0.005292521,0.006424471,0.004196042,0.000785347,0.000594989,0.000260146,6.69E-05,,,0.057331547,0.073099239,0.591962712,0.438162314,0.005960834,0.004004997,,,0.027350682,0.032689055,,0.001689232,0.00263292,0.001452933
75,2008,0.0044662,0.004659362,0.000287817,0.000185829,,,0.00042558,0.000472534,,,0.030016173,0.004818769,0.626018884,0.787187951,0.639756165,0.666262032,0.001590667,0.001812337,2.37E-05,2.33E-05,,,0.000487105,0.000339201,0.14704937,0.115319949,0.000301609,0.004159484,0.040747958,0.062523994,0.417042026,0.405404781,0.008130998,0.004801372,0,0,0.000647668,0.000196918,,,0.003413777,0.00254787,0,0,0.456696155,0.389435989,0.120620509,0.043620753,0,0,9.58E-06,4.90E-05,0.320179116,0.274891439,0.007499387,0,0.009809479,0.005879617,0.000193684,0.000193959,0.007948172,0.006388866,0,0.00013261,0.0001,0.00016412,,,0.033845447,0.044256576,0.101615986,0.042129407,0.007855685,0.005568836,0.006422617,0.004194376,0.000784936,0.000592255,0.000203406,3.82E-05,,,0.053344595,0.063977445,0.601564809,0.459442813,0.006409462,0.004307245,,,0.027581761,0.032581651,,0.000902964,0.002425425,0.001343984
80,2008,0.003593219,0.003743836,0.000287795,0.000185467,,,0.000312923,0.000347674,,,0.027730843,0.004304755,,,0.788040208,0.80800921,0.001675607,0.00180205,2.34E-05,2.29E-05,,,0.000421895,0.000319034,0.174629753,0.137364929,0.000330448,0.003879961,0.072167438,0.109172638,0.502045149,0.48385225,0.010810395,0.006818602,0,0,0.000519218,0.000180525,,,0.002640671,0.002847477,0,0,0.455278757,0.380727558,0.124334781,0.046435005,0,0,2.44E-06,2.07E-05,0.293102385,0.248460497,0.006244912,0,0.008964592,0.006070716,0.000179565,0.000179731,0.012341599,0.00919057,0,0.000108624,9.56E-05,0.000157252,,,0.034392598,0.044349373,0.102182809,0.041541588,0.00802215,0.005792456,0.006419784,0.004192254,0.000784916,0.000591948,0.000136186,3.08E-05,,,0.047714653,0.056735935,0.605565715,0.481162317,0.0068736,0.004620828,,,0.027721162,0.032354897,,0.000536543,0.002234882,0.001290193
0,2009,0,0,0.001771053,0.001316166,,,0.007848879,0.00783997,,,0.000482069,0.00052496,,,0.000468372,0.000275072,0.006977762,0.008343184,0.000361847,0.000384169,,,0,0,0,0,0,0,0,0,0.005437339,0.003450304,0,0,0.000607151,0.000567421,0,0,,,0.000461726,0.000124469,0,0,0.164079384,0.157285462,0.001586253,0.001926802,0.002999385,0.001568229,0.001704232,0.001704673,0,0,0,0,0.021551915,0.018665433,1.02E-05,1.04E-05,0.004252862,0.003482628,0,0,0.001671187,0.002732638,,,0.001014411,0.00112896,0.001671655,0.001630341,0,0,0.034941169,0.022156027,0.004802036,0.003845047,0,0,,,0.022041344,0.029738461,0.01074154,0.009066088,0.023196237,0.019607744,,,4.56E-07,3.97E-07,,0,0.017015833,0.016007021
5,2009,0,0,0.001073001,0.00081617,,,0.003022975,0.003171876,,,0.000519391,0.000539512,,,0.00261565,0.002495483,0.00291154,0.003386491,0.000273073,0.000288271,,,0,0,0,0,0,0,0,0,0.0110679,0.009466112,0,0,0.00054183,0.000504511,0,0,,,0,0,0,0,0.184062235,0.173892972,0.002597461,0.002422469,0.001480264,0.000864425,0.001223863,0.001261793,0,0,0,0,0.026139404,0.015254899,5.61E-05,5.67E-05,0.00124445,0.001118377,0,0,0.000869142,0.001413166,,,0.022332931,0.027362529,0.00734647,0.01175633,0,0,0.008622525,0.005919968,0.002247775,0.001909437,0,0,,,0.042909201,0.041220685,0.017060064,0.014508749,0.001926807,0.001320302,,,0.001427332,0.001569048,,0,0.003271417,0.002578853
10,2009,0.000863032,0.000887301,0.000956676,0.000736344,,,0.002789465,0.002945081,,,0.001248627,0.000792673,,,0.015353234,0.015221046,0.002195085,0.002701951,0.00023937,0.000252172,,,0,0,0,0,0,0,0,0,0.014183284,0.01272967,0,0,0.000521935,0.000482815,0,0,,,1.11E-05,8.63E-06,0,0,0.276523712,0.239151936,0.004177299,0.003262569,0.001114709,0.000667839,0.001111401,0.001148595,0,0,0,0,0.03820495,0.017983403,0.000114989,0.000113684,0.000434418,0.000417655,0,7.44E-05,0.000559699,0.000882623,,,0.04223187,0.060716953,0.013301599,0.024853486,7.53E-05,0.000100108,0.008302201,0.005676947,0.002026449,0.001737661,0,0,,,0.061410454,0.06286995,0.033004798,0.026985942,0.001627356,0.001091832,,,0.01197053,0.013934837,,0,0.001892346,0.001165316
15,2009,0.004217836,0.004366635,0.000841961,0.000651907,,,0.002244969,0.002421488,,,0.011084022,0.00291412,,,0.041921467,0.041221316,0.001966922,0.002541326,0.000204839,0.000217198,,,5.45E-06,2.05E-05,0.002816687,0.002497206,3.41E-06,4.19E-05,0,0,0.020803223,0.021481749,0,0,0.000479299,0.000448327,0,0,,,0.017000573,0.006356492,0,0,0.373556346,0.31857777,0.008663507,0.004810136,0.000949471,0.00067506,0.000972565,0.001019514,0.012627036,0.010406763,0,0,0.028128242,0.013144096,0.00013707,0.000135264,0.000376597,0.00036202,0,0.003209319,0.000388534,0.000603363,,,0.042343233,0.060563353,0.028870646,0.047101527,0.000434424,0.00046568,0.007732347,0.005341716,0.001820118,0.00157684,5.73E-07,1.37E-06,,,0.045613627,0.052574068,0.174928106,0.127150232,0.001899053,0.001268452,,,0.029123191,0.036371438,,0.00068708,0.004034356,0.002210781
20,2009,0.005845757,0.006097297,0.00075486,0.000572708,,,0.001478006,0.001576091,,,0.035449198,0.006696325,,,0.065249861,0.064689977,0.001811261,0.002397334,0.000170882,0.000178447,,,1.66E-05,7.26E-05,0.004733639,0.004024134,6.75E-06,0.000293074,0,0,0.027758405,0.031603363,2.41E-06,1.14E-06,0.000412638,0.000385297,4.61E-06,7.30E-06,,,0.022661236,0.013362186,0,0,0.396679605,0.330665645,0.01770693,0.007041654,0.000630125,0.000740039,0.000856725,0.000897003,0.020776816,0.015394353,1.03E-05,0,0.021698839,0.010060108,0.000162008,0.000160024,0.000413744,0.000381748,0,0.005041744,0.000293159,0.000450732,,,0.036619509,0.051161203,0.053276907,0.058700865,0.001290873,0.001086344,0.007365268,0.005023673,0.00166514,0.001427223,1.35E-06,4.19E-06,,,0.030774724,0.036943016,0.248183662,0.179745775,0.002190575,0.001460643,,,0.026920565,0.034312213,,0.004977178,0.00475781,0.002571822
25,2009,0.006344678,0.006658664,0.000678946,0.000491989,,,0.001287444,0.001371786,,,0.053107681,0.008486444,,,0.078689953,0.078120023,0.00173133,0.002284534,0.000135979,0.000136458,,,7.58E-05,0.000183326,0.006846495,0.005799385,3.54E-05,0.001322089,0,0,0.035087547,0.041870555,1.64E-05,7.83E-06,0.000281633,0.00024544,1.94E-05,1.95E-05,,,0.019245475,0.014243824,0,0,0.382554455,0.31422288,0.02844313,0.009525552,0.000415429,0.000397217,0.00076365,0.000808687,0.029497421,0.020880386,2.68E-05,0,0.020883849,0.009489175,0.000185852,0.000184437,0.000564876,0.000494065,0,0.00505464,0.000236637,0.000362843,,,0.033700555,0.046237112,0.068862992,0.060106925,0.002225573,0.001635769,0.007144993,0.004819617,0.001524637,0.001260145,8.42E-06,1.25E-05,,,0.027529371,0.040422878,0.312417887,0.230859964,0.002494951,0.001665256,,,0.026043137,0.031128014,,0.014863747,0.005131872,0.002694902
30,2009,0.006430863,0.006770338,0.000600971,0.000415672,,,0.001253573,0.001340359,,,0.062631539,0.009261953,0.236803538,0.217454679,0.091834083,0.091539797,0.001686379,0.00221796,0.000107738,0.000105242,,,0.000229689,0.00045293,0.008924736,0.00766837,7.69E-05,0.004952939,0,0,0.042927413,0.051548043,4.58E-05,2.16E-05,0.000156968,0.000119627,7.59E-05,5.41E-05,,,0.013004255,0.011266061,0,0,0.393687052,0.329917194,0.040638991,0.012420711,0.000280507,0.000236408,0.000653944,0.000714179,0.039428113,0.028095284,5.63E-05,0,0.020197272,0.008962873,0.000207103,0.000206291,0.000716005,0.000606166,0,0.005362611,0.000200891,0.000307956,,,0.032442353,0.044417129,0.079499529,0.06237603,0.003132598,0.002144181,0.006876452,0.004565608,0.001378531,0.001094177,3.33E-05,3.75E-05,,,0.029349924,0.051875558,0.366682504,0.268870033,0.002814067,0.001878643,,,0.025489622,0.030150232,,0.039611835,0.004995555,0.002559247
35,2009,0.006635154,0.007015696,0.000495322,0.000348074,,,0.001232175,0.001319511,,,0.067671406,0.009675198,0.275987847,0.297755464,0.10236081,0.102873327,0.001677415,0.002144325,8.75E-05,8.23E-05,,,0.000319194,0.000608627,0.010910655,0.009554755,0.000112339,0.007976739,0,0,0.053230176,0.062220075,9.65E-05,4.37E-05,9.80E-05,6.80E-05,0.000137607,8.77E-05,,,0.009762511,0.00843715,0,0,0.421022388,0.363011596,0.05296254,0.015519526,0.000199764,0.000157286,0.000536785,0.000610759,0.052191373,0.039807708,9.00E-05,0,0.019563377,0.008451979,0.000225003,0.000224514,0.000866955,0.000716721,0,0.004493421,0.000175786,0.00027034,,,0.031936694,0.0441797,0.083855777,0.059906849,0.003875491,0.002549002,0.006647535,0.004411889,0.001190992,0.000956585,6.23E-05,5.85E-05,,,0.034393101,0.058790256,0.406433804,0.298841885,0.003148491,0.002099858,,,0.025097101,0.030097368,,0.046585372,0.00476449,0.002498046
40,2009,0.006969796,0.007408426,0.000402082,0.000294924,,,0.001217089,0.001304528,,,0.070537651,0.009886266,0.326196117,0.391627218,0.110657483,0.11106987,0.001606367,0.002089391,7.02E-05,6.48E-05,,,0.000403153,0.000528473,0.014368065,0.012362498,0.000143924,0.008009311,0.000159239,0.00018552,0.071122839,0.077019877,0.000175177,7.79E-05,7.15E-05,4.78E-05,0.000293365,0.000155705,,,0.008360055,0.006378437,0,0,0.431104471,0.381340419,0.065926723,0.019150455,0.000149028,0.000115191,0.000429021,0.000514978,0.068237303,0.05592025,0.000244356,0,0.018949638,0.007951365,0.000236012,0.000235719,0.001137983,0.000881197,0,0.00303461,0.000157877,0.000244231,,,0.031790496,0.044846408,0.088780533,0.057099223,0.004505369,0.00296616,0.006484832,0.004306506,0.001020709,0.000848544,0.000119539,6.10E-05,,,0.040960886,0.064480007,0.439778813,0.325125317,0.00349628,0.002328402,,,0.024924655,0.030122319,,0.029318414,0.004500821,0.002331886
45,2009,0.007165883,0.007632848,0.000346577,0.00025914,,,0.001202634,0.001289689,,,0.068704125,0.009689643,0.38455937,0.489190152,0.12427933,0.125439796,0.001573504,0.002078155,5.72E-05,5.19E-05,,,0.000546875,0.000541958,0.024640247,0.019339871,0.000182172,0.007419062,0.001002855,0.001176283,0.091373403,0.091864145,0.000302721,0.000138176,4.66E-05,2.99E-05,0.000558865,0.000199264,,,0.007586122,0.005923732,0,0,0.432540567,0.392284244,0.077993407,0.022840204,0.000104706,7.85E-05,0.000327491,0.000427533,0.088492164,0.074433428,0.000815769,0,0.018339284,0.007461392,0.000241544,0.000241464,0.001573414,0.001119621,0,0.001546752,0.000145235,0.000226835,,,0.031942778,0.045684528,0.09397636,0.05266552,0.005100749,0.003363565,0.00640817,0.004248935,0.000907295,0.000764811,0.000219954,7.67E-05,,,0.045362494,0.074962086,0.470558395,0.34679936,0.003855698,0.002564832,,,0.0248795,0.030201501,,0.016609047,0.004136333,0.002184278
50,2009,0.007196298,0.007652754,0.000317986,0.000235986,,,0.001184391,0.001271616,,,0.063860109,0.009344288,0.446787278,0.579137431,0.150487087,0.152646865,0.001582994,0.002077017,4.64E-05,4.17E-05,,,0.000775505,0.000611004,0.040757962,0.031284696,0.000242809,0.007524945,0.002266817,0.002731622,0.113535299,0.108445584,0.000481997,0.000232172,2.37E-05,1.47E-05,0.00095724,0.000297298,,,0.00717603,0.006104458,0,0,0.430954257,0.397279257,0.090164739,0.027178975,6.21E-05,4.57E-05,0.000237669,0.000344194,0.115388974,0.096237493,0.002354758,0,0.017721278,0.006971149,0.000242332,0.000242319,0.002030444,0.001370489,0,0.000929678,0.000134825,0.000212579,,,0.031997639,0.045855017,0.096248461,0.045546659,0.005834009,0.003887909,0.006361117,0.004185144,0.000845093,0.000703585,0.000291225,0.000100108,,,0.04854496,0.087378414,0.494126733,0.359889858,0.004226734,0.002809485,,,0.024819734,0.030318894,,0.011675129,0.003712329,0.001973575
55,2009,0.007075363,0.007493832,0.000303994,0.000221833,,,0.001139718,0.001228596,,,0.053707474,0.008733668,0.507617273,0.652576197,0.191605448,0.196279839,0.001546517,0.001995762,3.87E-05,3.54E-05,,,0.000755335,0.000528354,0.055968703,0.045309872,0.000274354,0.006614855,0.003839722,0.004824624,0.142686313,0.133325702,0.000750057,0.000393436,1.34E-05,7.94E-06,0.001171327,0.000305297,,,0.006796127,0.005219438,0,0,0.437186133,0.404371817,0.099689073,0.03088931,3.89E-05,2.82E-05,0.000161841,0.000269679,0.158655942,0.12740607,0.003843382,0,0.017095303,0.006481929,0.000237992,0.000238151,0.002508303,0.00163376,0,0.00035198,0.000125803,0.000199932,,,0.03218363,0.04554645,0.095382631,0.041196258,0.00645831,0.004345426,0.006337251,0.004143131,0.000815422,0.000664433,0.000361468,8.84E-05,,,0.051996977,0.091591862,0.522283844,0.38469445,0.004608961,0.003062373,,,0.024873821,0.030094989,,0.006361186,0.003334598,0.001784394
60,2009,0.006746324,0.007105946,0.000296748,0.000210903,,,0.001016061,0.001108828,,,0.043043932,0.007916039,0.561295162,0.707480153,0.25456988,0.264325448,0.001447275,0.001853599,3.17E-05,3.01E-05,,,0.000726934,0.000558673,0.07137625,0.059905517,0.000269685,0.006761339,0.006247486,0.008345838,0.179709206,0.170443212,0.001269419,0.000692798,8.83E-06,5.05E-06,0.001030947,0.00034798,,,0.006339847,0.003874259,0,0,0.459547627,0.423923402,0.107019423,0.034377834,2.59E-05,1.93E-05,0.000101194,0.000202344,0.214108428,0.167928956,0.00699004,0,0.01574337,0.006157364,0.000230632,0.00023087,0.003409784,0.002326034,0,0.000264456,0.000117971,0.000188725,,,0.032536998,0.04501957,0.095430925,0.040361213,0.006954,0.004712702,0.006325747,0.004117227,0.000800629,0.000635677,0.000308081,9.62E-05,,,0.055454742,0.088441587,0.542626306,0.399445977,0.005004137,0.003324193,,,0.024942797,0.030121429,,0.005185932,0.003043057,0.001610007
65,2009,0.006153056,0.006453206,0.000292352,0.000198403,,,0.000800957,0.000888762,,,0.036641262,0.006703941,0.602439051,0.746847657,0.355256372,0.372227943,0.001505271,0.001790763,2.59E-05,2.53E-05,,,0.000573547,0.00049573,0.094647968,0.076329838,0.000273256,0.005630906,0.011168568,0.01620707,0.245396687,0.23599081,0.002595095,0.00136621,5.84E-06,3.28E-06,0.000766947,0.000300149,,,0.005515006,0.00300413,0,0,0.467257464,0.427822961,0.112048197,0.037247928,1.66E-05,1.32E-05,5.73E-05,0.000142077,0.269556483,0.218238009,0.007521241,0,0.013578699,0.006060971,0.000221535,0.000221868,0.004850295,0.003592767,0,0.000206309,0.000111189,0.000178775,,,0.032982478,0.044606858,0.097575546,0.04093993,0.00735825,0.005079167,0.006320278,0.004105457,0.000792299,0.00060855,0.000269787,8.00E-05,,,0.05739863,0.081595149,0.575463722,0.414385104,0.005412895,0.003595526,,,0.025292279,0.030459392,,0.003081033,0.002814591,0.001528286
70,2009,0.005362404,0.005607255,0.000290738,0.00019078,,,0.00058171,0.000646616,,,0.032034837,0.005536893,0.626701296,0.773893732,0.489866367,0.514711903,0.001577422,0.001798298,2.42E-05,2.38E-05,,,0.000515346,0.000440281,0.121763789,0.094641795,0.000296409,0.004885236,0.021430629,0.033011613,0.33907627,0.326106305,0.004858735,0.002617918,0,0,0.000758702,0.00027426,,,0.004433544,0.002511029,0,0,0.45884054,0.404450768,0.116353413,0.040311282,0,0,2.69E-05,9.01E-05,0.314080837,0.265967467,0.007900093,0,0.011573012,0.005968478,0.000209844,0.000210154,0.006331382,0.004914435,0,0.000163695,0.000105333,0.000169976,,,0.033424251,0.0444029,0.099670966,0.041593392,0.007601989,0.005266858,0.006317709,0.004101005,0.000789502,0.000594864,0.000251852,6.64E-05,,,0.057270667,0.073188652,0.591258259,0.435054748,0.005836047,0.003877257,,,0.025428217,0.03033402,,0.001722327,0.002589054,0.0014471
75,2009,0.004466203,0.004659364,0.000290435,0.000188263,,,0.000422744,0.000470052,,,0.030021996,0.004893595,0.630122332,0.79108884,0.642858871,0.669957813,0.001595066,0.001815528,2.38E-05,2.33E-05,,,0.00048297,0.000339662,0.146670635,0.114876337,0.000300708,0.004147096,0.040690048,0.062456993,0.416734417,0.406003554,0.008100939,0.004851117,0,0,0.000632855,0.000193627,,,0.003434422,0.002560125,0,0,0.450235339,0.383500571,0.120294392,0.043458979,0,0,9.76E-06,4.92E-05,0.321732313,0.276122248,0.007420484,0,0.009717318,0.005879314,0.00019535,0.000195625,0.007840901,0.0062837,0,0.000132046,0.000100272,0.00016223,,,0.033752531,0.044184092,0.101564366,0.042133872,0.007852828,0.005539985,0.00631583,0.004099463,0.000789021,0.000591282,0.000198742,3.83E-05,,,0.053218881,0.064086521,0.600882504,0.456888376,0.006274975,0.004169705,,,0.025594356,0.030180356,,0.000927006,0.00239081,0.001333839
80,2009,0.003593221,0.003743837,0.000290392,0.000187766,,,0.000310276,0.000345274,,,0.027790555,0.004346662,,,0.791039589,0.811347904,0.001680245,0.001805215,2.34E-05,2.29E-05,,,0.000420967,0.000319376,0.174323873,0.136923373,0.000330826,0.003867053,0.07209781,0.109112854,0.50179965,0.484805003,0.010764514,0.006893128,0,0,0.000512829,0.000177845,,,0.002656526,0.002862343,0,0,0.448408171,0.373717219,0.123986906,0.046259307,0,0,2.51E-06,2.08E-05,0.294659753,0.24962472,0.00619209,0,0.008896079,0.006076505,0.000180866,0.000181037,0.012185566,0.009022284,0,0.000108194,9.59E-05,0.000155446,,,0.0342617,0.044232917,0.102099343,0.041527947,0.008020176,0.005762365,0.006313078,0.004097207,0.000789024,0.000590826,0.000134325,3.09E-05,,,0.047614625,0.056828887,0.604854913,0.479139209,0.00672894,0.00447333,,,0.025726641,0.029979391,,0.000549897,0.002192273,0.001277285
0,2010,0,0,0.0018455,0.001367919,,,0.00789782,0.007879717,,,0.000482001,0.000525601,,,0.000474423,0.000277124,0.006998601,0.008336591,0.000359707,0.000384347,,,0,0,0,0,0,0,0,0,0.005455859,0.003460451,0,0,0.000608668,0.000569484,0,0,,,0.00046277,0.000124117,0,0,0.162264315,0.155639851,0.001584214,0.001940632,0.003011894,0.001573278,0.001704204,0.001704049,0,0,0,0,0.019534076,0.017410068,1.03E-05,1.05E-05,0.004136711,0.003384429,0,0,0.001654864,0.002732151,,,0.001018344,0.00113129,0.001668956,0.001650953,0,0,0.035141603,0.022141069,0.004919772,0.003905842,0,0,,,0.022092772,0.029813335,0.010560572,0.008912114,0.022803759,0.019122034,,,4.95E-07,4.29E-07,,0,0.017067378,0.016041805
5,2010,0,0,0.001142849,0.000861971,,,0.003030802,0.003173925,,,0.000519538,0.00053933,,,0.002627412,0.0024967,0.00292112,0.003390187,0.000271636,0.000288168,,,0,0,0,0,0,0,0,0,0.011088613,0.009481899,0,0,0.000542217,0.000505755,0,0,,,0,0,0,0,0.181485294,0.171677071,0.00261741,0.002449553,0.001482693,0.000866202,0.00122278,0.001261052,0,0,0,0,0.024895572,0.015048423,5.69E-05,5.75E-05,0.001225306,0.001096762,0,0,0.000851286,0.001396932,,,0.022319605,0.027231065,0.007345823,0.011794082,0,0,0.008640351,0.005911674,0.00234502,0.001958466,0,0,,,0.04297285,0.041243327,0.016396222,0.014008989,0.001890926,0.001295852,,,0.001431143,0.001568628,,0,0.003263955,0.002574123
10,2010,0.000864602,0.00088794,0.001015417,0.000774443,,,0.002798642,0.00294678,,,0.001250639,0.000793174,,,0.015410171,0.015252817,0.002202854,0.002705675,0.000238234,0.000251988,,,0,0,0,0,0,0,0,0,0.014219789,0.012756196,0,0,0.000522504,0.000484046,0,0,,,1.12E-05,8.64E-06,0,0,0.271814152,0.234574234,0.004194323,0.003288114,0.00111677,0.000669282,0.00111105,0.001148152,0,0,0,0,0.036955551,0.017883915,0.000118068,0.000116551,0.000424217,0.000408912,0,7.39E-05,0.0005491,0.000869851,,,0.042088595,0.060083606,0.013288739,0.024903422,7.55E-05,0.000100468,0.008310347,0.005662096,0.002107201,0.001772518,0,0,,,0.061505812,0.062988852,0.023106407,0.01941895,0.001610441,0.001078555,,,0.012257036,0.014215497,,0,0.001660999,0.001033792
15,2010,0.00422195,0.004367729,0.000890346,0.00068489,,,0.002249236,0.002420505,,,0.011098532,0.002919307,,,0.042066549,0.041317177,0.001971517,0.002543741,0.000203815,0.000216885,,,5.60E-06,2.10E-05,0.0028093,0.002484828,3.52E-06,4.28E-05,0,0,0.020831696,0.021528997,0,0,0.000479369,0.000449294,0,0,,,0.017033395,0.00635873,0,0,0.365462548,0.310827382,0.00866267,0.004832175,0.000950412,0.000676229,0.000971212,0.001018595,0.012745984,0.010466856,0,0,0.027582815,0.013127257,0.000139434,0.000137483,0.000372905,0.000358357,0,0.003168834,0.000382298,0.000594484,,,0.042567613,0.060541585,0.028754755,0.047136047,0.000435083,0.00046647,0.007719876,0.005317437,0.001886233,0.001604318,5.26E-07,1.35E-06,,,0.045608674,0.052665947,0.173570416,0.126084881,0.001874754,0.001252161,,,0.030423999,0.037792278,,0.00071002,0.00396993,0.002200502
20,2010,0.005849125,0.006097982,0.000797797,0.000604298,,,0.001477854,0.001572884,,,0.035473809,0.006709809,,,0.065448791,0.064910731,0.001814459,0.002399653,0.000170098,0.00017821,,,1.70E-05,7.29E-05,0.004717639,0.004001094,6.98E-06,0.000295497,0,0,0.02776959,0.031661963,2.45E-06,1.15E-06,0.000412461,0.000386056,4.60E-06,7.08E-06,,,0.02273856,0.01336355,0,0,0.387682403,0.323091384,0.017631218,0.007060932,0.000630508,0.00074115,0.000855026,0.000895845,0.021033389,0.015520636,1.05E-05,0,0.021586669,0.010159169,0.000163089,0.000160984,0.000412354,0.000380068,0,0.005039004,0.000289593,0.000444243,,,0.036807203,0.05153128,0.053151455,0.058729412,0.00129204,0.001087184,0.007342611,0.005000965,0.001723152,0.001455839,1.24E-06,4.07E-06,,,0.030719082,0.036784521,0.247790574,0.179172793,0.002159091,0.001441402,,,0.028047155,0.035608974,,0.005067028,0.00473913,0.002580582
25,2010,0.006346782,0.006658907,0.000718552,0.000524258,,,0.001286624,0.00136853,,,0.053150276,0.008498745,,,0.078884475,0.078426588,0.001733908,0.00228679,0.000135467,0.000136282,,,7.32E-05,0.000153354,0.00682397,0.005766226,3.45E-05,0.001118337,0,0,0.035072556,0.041928436,1.67E-05,7.90E-06,0.000281448,0.000245825,1.83E-05,1.57E-05,,,0.019302784,0.014241059,0,0,0.375210232,0.306895845,0.028287292,0.009543228,0.000415618,0.000397661,0.000761952,0.000807635,0.029863955,0.021065728,2.59E-05,0,0.020753335,0.00957278,0.000186636,0.000185084,0.000558772,0.000488995,0,0.005024639,0.000234618,0.000357717,,,0.033717961,0.046401545,0.068850406,0.06014509,0.002228218,0.001639398,0.00711748,0.004795537,0.001577264,0.001294121,7.36E-06,1.02E-05,,,0.027444988,0.04031977,0.312060564,0.230302826,0.002456563,0.001642975,,,0.027122831,0.032384356,,0.012685911,0.00511489,0.002691811
30,2010,0.006431931,0.006770303,0.000637308,0.000447543,,,0.001252568,0.001337376,,,0.062626118,0.009267982,0.235292254,0.218015125,0.092091377,0.091821108,0.001688772,0.002220269,0.000107266,0.000105113,,,0.000204481,0.000402234,0.008899062,0.0076285,6.93E-05,0.004435686,0,0,0.042875155,0.051602452,4.65E-05,2.17E-05,0.000156876,0.000119703,6.59E-05,4.66E-05,,,0.013025993,0.011262961,0,0,0.387367369,0.322892068,0.040500255,0.012445657,0.000280578,0.000236575,0.000652764,0.00071341,0.03988625,0.028342385,5.05E-05,0,0.020046714,0.009030415,0.000207618,0.000206687,0.000705284,0.000597905,0,0.005345522,0.000199737,0.000303822,,,0.032360791,0.044381803,0.079563474,0.062434048,0.003135563,0.002150962,0.006843478,0.004535976,0.001426784,0.001132003,2.68E-05,3.25E-05,,,0.029247997,0.05191113,0.366321684,0.268232348,0.002768467,0.001853209,,,0.026532937,0.031320454,,0.03593045,0.00496483,0.002561454
35,2010,0.006635472,0.007015632,0.000524903,0.000376084,,,0.001231087,0.001316804,,,0.067444851,0.009663475,0.274128229,0.298333283,0.10270807,0.103144151,0.001679725,0.002146683,8.72E-05,8.22E-05,,,0.000258405,0.000565951,0.010882247,0.00951277,9.23E-05,0.007477568,0,0,0.053137157,0.06227388,9.75E-05,4.40E-05,9.80E-05,6.80E-05,0.000107796,7.85E-05,,,0.009777858,0.00843608,0,0,0.416077585,0.356694171,0.05282426,0.015550134,0.000199841,0.000157372,0.000536531,0.000610199,0.052780812,0.040144731,7.32E-05,0,0.019394862,0.008503661,0.000225812,0.000225241,0.000851584,0.000705584,0,0.004466215,0.00017518,0.00026696,,,0.031751295,0.043921604,0.083973808,0.059982551,0.00388017,0.002555413,0.006608033,0.004375177,0.001231611,0.0009924,4.54E-05,5.29E-05,,,0.034370141,0.058841338,0.405907038,0.297976769,0.003095504,0.002071279,,,0.026110558,0.031233401,,0.044088382,0.004729803,0.002496442
40,2010,0.006969642,0.0074084,0.000423065,0.000317513,,,0.001215993,0.001302107,,,0.070103592,0.009849642,0.32414732,0.392191119,0.110986415,0.1114556,0.001608579,0.002091833,6.99E-05,6.47E-05,,,0.000345189,0.000513275,0.014320771,0.012317757,0.000125496,0.007846592,0.000159013,0.000185531,0.071025115,0.07707193,0.000176381,7.83E-05,7.15E-05,4.77E-05,0.000242768,0.000145724,,,0.008385502,0.006381904,0,0,0.427072366,0.375780276,0.065826931,0.019181304,0.000149157,0.00011524,0.000429723,0.00051455,0.068979106,0.056376761,0.000210526,0,0.018764899,0.007986656,0.000237098,0.000236766,0.001116002,0.000865451,0,0.003019844,0.000157536,0.000241361,,,0.031539473,0.044406854,0.088933404,0.057175006,0.004510338,0.002971064,0.006438633,0.004264701,0.001050327,0.000878941,9.21E-05,5.77E-05,,,0.040996465,0.064482335,0.439132338,0.324439227,0.003436066,0.002296571,,,0.025916845,0.031222088,,0.029013935,0.004477656,0.002328308
45,2010,0.007165605,0.007632841,0.000360393,0.000277322,,,0.001201698,0.001287597,,,0.068312328,0.009636959,0.382492162,0.489733835,0.124632398,0.125850581,0.001575777,0.002080752,5.70E-05,5.18E-05,,,0.000482596,0.000523993,0.024534904,0.019270243,0.000164148,0.007247463,0.001001772,0.001175731,0.091285362,0.091893598,0.000304985,0.000138646,4.66E-05,2.98E-05,0.000476237,0.000185771,,,0.007618806,0.005935794,0,0,0.428372319,0.386237233,0.077891028,0.022864985,0.000104853,7.85E-05,0.000328449,0.000427343,0.089406021,0.075056929,0.000722374,0,0.0181396,0.007479743,0.000242635,0.00024251,0.001542773,0.001096943,0,0.001537573,0.000145034,0.000224345,,,0.031699976,0.045247007,0.094113163,0.052738137,0.005103166,0.00336642,0.006357232,0.004204423,0.000925582,0.000789609,0.000174543,7.21E-05,,,0.045349463,0.074916413,0.470107078,0.345805861,0.00378814,0.002529674,,,0.025863653,0.031288124,,0.016301245,0.004115859,0.002185991
50,2010,0.007196171,0.007652752,0.000327167,0.000250671,,,0.001183641,0.00126981,,,0.063609746,0.009302833,0.444859326,0.579694863,0.150988505,0.153109917,0.001585425,0.002079843,4.63E-05,4.17E-05,,,0.000717646,0.000597226,0.040604999,0.031169163,0.000228518,0.007420663,0.002265787,0.002728692,0.113524459,0.108480705,0.000486185,0.000232868,2.37E-05,1.47E-05,0.000858983,0.000280904,,,0.007209701,0.006124684,0,0,0.428132426,0.391485773,0.090032551,0.027173512,6.22E-05,4.57E-05,0.000238649,0.000344256,0.116496818,0.097101293,0.002184314,0,0.017507626,0.006977632,0.000243563,0.000243502,0.001991414,0.001340458,0,0.000925482,0.000134719,0.000210404,,,0.031815189,0.045531876,0.096364471,0.045615814,0.005836713,0.003887453,0.006308709,0.004139948,0.000855434,0.000722499,0.000242322,9.51E-05,,,0.048399712,0.087309533,0.493693419,0.358518279,0.004151836,0.002770893,,,0.025789148,0.031390152,,0.011607526,0.003681868,0.001967242
55,2010,0.007075348,0.007493832,0.000310643,0.000233762,,,0.001139093,0.001227156,,,0.053545437,0.008742067,0.505942226,0.653216583,0.192178334,0.196989183,0.001549042,0.001998535,3.86E-05,3.53E-05,,,0.000715953,0.000520207,0.055815136,0.045147845,0.000264148,0.006542209,0.003838273,0.004822215,0.142639002,0.13342285,0.000756039,0.000394899,1.34E-05,7.92E-06,0.001076963,0.000290851,,,0.00682627,0.005235804,0,0,0.435354743,0.400483912,0.099485016,0.030809837,3.89E-05,2.82E-05,0.00016267,0.000269908,0.159996618,0.128641993,0.003653953,0,0.016868175,0.006480148,0.000239316,0.000239438,0.002461239,0.001595766,0,0.000349306,0.00012577,0.000198057,,,0.032036004,0.045332845,0.095472362,0.041258396,0.006462438,0.004339804,0.006285027,0.004097449,0.000821559,0.000677983,0.000307978,8.48E-05,,,0.051904974,0.091507643,0.521878045,0.383358414,0.004526444,0.0030202,,,0.025835452,0.031161963,,0.006351778,0.003311421,0.001775882
60,2010,0.006746328,0.007105949,0.000301798,0.000220249,,,0.001015105,0.001107549,,,0.042948329,0.007958403,0.560059021,0.708341306,0.255258823,0.265298264,0.001449493,0.001856107,3.16E-05,3.01E-05,,,0.000705953,0.000552478,0.071229623,0.059706168,0.000265289,0.006710326,0.006244952,0.008343571,0.179702686,0.170537837,0.001275946,0.000695894,8.85E-06,5.05E-06,0.000974392,0.000333861,,,0.006365438,0.003881502,0,0,0.457724024,0.421790796,0.106775044,0.034229618,2.60E-05,1.93E-05,0.000101857,0.000202614,0.215544445,0.16948689,0.006819107,0,0.015520454,0.006149389,0.000231831,0.00023201,0.00335086,0.00227425,0,0.000262375,0.000118008,0.000187136,,,0.032413853,0.044894056,0.095474148,0.040410465,0.006957984,0.004701314,0.006273599,0.004071233,0.000804411,0.000644119,0.00026904,9.28E-05,,,0.055475626,0.088354893,0.542299602,0.397857347,0.004913756,0.003278357,,,0.025911241,0.031190162,,0.005222265,0.00301765,0.001604268
65,2010,0.00615306,0.006453209,0.000296244,0.000204383,,,0.000799689,0.000887502,,,0.036570139,0.006751764,0.602021453,0.748156934,0.356363107,0.373391307,0.001507453,0.001793118,2.59E-05,2.52E-05,,,0.000559504,0.000495889,0.094339188,0.076050152,0.000269351,0.005617053,0.011162793,0.016201692,0.245422618,0.236125085,0.002600461,0.001373521,5.85E-06,3.27E-06,0.000729238,0.000291801,,,0.00554048,0.003007771,0,0,0.466205785,0.425329848,0.111732253,0.037048502,1.66E-05,1.32E-05,5.78E-05,0.00014231,0.270713842,0.219540902,0.007379462,0,0.013388548,0.006056569,0.000222778,0.00022304,0.004774221,0.003520958,0,0.00020475,0.000111302,0.000177451,,,0.032882166,0.044525387,0.097560704,0.040969798,0.007361765,0.005063,0.006268352,0.004059229,0.000794444,0.000611237,0.000237179,7.85E-05,,,0.057398616,0.081538518,0.575317155,0.41245403,0.005314546,0.003545883,,,0.026311356,0.031594019,,0.003154742,0.002793015,0.001520895
70,2010,0.005362408,0.005607258,0.000294141,0.000194525,,,0.000580507,0.000645527,,,0.031973198,0.00558101,0.627668683,0.77594699,0.4915051,0.516502684,0.001579655,0.001800685,2.42E-05,2.37E-05,,,0.000498843,0.000440622,0.121290307,0.094249657,0.000290852,0.004866886,0.021404635,0.032989211,0.338944276,0.326295988,0.004859348,0.002633897,0,0,0.000714806,0.0002673,,,0.004458165,0.002515501,0,0,0.454594701,0.399618071,0.1160019,0.040088629,0,0,2.72E-05,9.03E-05,0.314907958,0.266747792,0.007665886,0,0.011417684,0.005966998,0.00021136,0.000211608,0.00623693,0.004822805,0,0.000162523,0.000105519,0.000168887,,,0.033342994,0.044323654,0.099600608,0.041598417,0.007605599,0.00524736,0.006266299,0.004054668,0.000790967,0.000594394,0.000219398,6.48E-05,,,0.057174829,0.073175777,0.591106872,0.433502729,0.005729626,0.00382369,,,0.026472692,0.031500537,,0.001755349,0.002570314,0.001443069
75,2010,0.004466205,0.004659366,0.000293711,0.000191239,,,0.000421564,0.000469069,,,0.029996276,0.00492492,0.633256883,0.794237229,0.644653025,0.672402135,0.001597309,0.001817939,2.38E-05,2.32E-05,,,0.000472171,0.000341136,0.14618153,0.114413042,0.000297555,0.004135604,0.040638578,0.062410843,0.41650915,0.406245929,0.008092136,0.004889164,0,0,0.000604115,0.000190654,,,0.003450976,0.002568661,0,0,0.443151675,0.376540923,0.119896292,0.043225832,0,0,9.92E-06,4.94E-05,0.322462645,0.27672316,0.007253498,0,0.00959643,0.005880477,0.000196969,0.000197201,0.007726376,0.006172769,0,0.000131152,0.000100536,0.000161332,,,0.033659537,0.044089836,0.101464654,0.042108716,0.007857743,0.005518421,0.006264594,0.004053,0.000790312,0.00058996,0.000174947,3.77E-05,,,0.053089785,0.06410175,0.600772672,0.455599224,0.00616022,0.004112028,,,0.026595018,0.031289389,,0.000950089,0.00237598,0.001329078
80,2010,0.003593222,0.003743838,0.000293659,0.000190579,,,0.000309175,0.000344308,,,0.027807738,0.004364684,,,0.792729409,0.81350212,0.001682602,0.001807601,2.34E-05,2.29E-05,,,0.000416673,0.000321158,0.173908931,0.136470864,0.000329814,0.003855783,0.072034549,0.109044572,0.50165033,0.485255709,0.010745855,0.006959605,0,0,0.000498788,0.00017603,,,0.00266637,0.002874404,0,0,0.440666812,0.365699056,0.123567042,0.046023848,0,0,2.56E-06,2.08E-05,0.295409595,0.250212672,0.006097564,0,0.008805167,0.006083413,0.000182176,0.000182349,0.012019201,0.008852419,0,0.000107513,9.63E-05,0.000154658,,,0.034137357,0.044095317,0.101966987,0.041487834,0.008026067,0.005740204,0.006262146,0.004050428,0.000790238,0.00058929,0.000120331,3.05E-05,,,0.04753208,0.056842255,0.604760097,0.478064067,0.006605558,0.004411476,,,0.026724382,0.031073622,,0.000564477,0.002173208,0.00127112
0,2011,0,0,0.001944601,0.001429766,,,0.007897883,0.007880982,,,0.00048171,0.000526049,,,0.000481599,0.000279651,0.007017184,0.008342605,0.000350222,0.000375371,,,0,0,0,0,0,0,0,0,0.005471609,0.003470304,0,0,0.000606644,0.000566237,0,0,,,0.000463231,0.000123652,0,0,0.159967132,0.153252963,0.001582572,0.001936252,0.003015248,0.001568409,0.001703885,0.001705063,0,0,0,0,0.017912322,0.016342197,1.03E-05,1.05E-05,0.003981653,0.003261259,0,0,0.001635121,0.002714885,,,0.001028131,0.001144621,0.001685783,0.001656978,0,0,0.03547108,0.022230542,0.005008598,0.003950062,0,0,,,0.022142506,0.029876194,0.010822046,0.009137152,0.022633421,0.01880355,,,4.67E-07,4.04E-07,,0,0.017140573,0.016084933
5,2011,0,0,0.001229173,0.00091733,,,0.003037102,0.003174906,,,0.000518534,0.000538807,,,0.002640184,0.002504017,0.002924731,0.003396138,0.000264579,0.00028134,,,0,0,0,0,0,0,0,0,0.011109105,0.009493781,0,0,0.000539449,0.000502376,0,0,,,0,0,0,0,0.17849372,0.168829103,0.00263686,0.002458386,0.001479514,0.000861678,0.001221609,0.001261292,0,0,0,0,0.023523058,0.015013593,5.75E-05,5.81E-05,0.001192983,0.001067872,0,0,0.000825133,0.001359906,,,0.022437841,0.02734081,0.007372128,0.011819903,0,0,0.008758778,0.005983066,0.002427802,0.002006323,0,0,,,0.042999296,0.041275681,0.015556954,0.013386227,0.001923727,0.00133936,,,0.001441764,0.001575418,,0,0.003252563,0.002570935
10,2011,0.000866197,0.000888599,0.001089388,0.000821615,,,0.002807808,0.002947196,,,0.001251935,0.000792437,,,0.015460401,0.015311503,0.002205966,0.002709185,0.000232053,0.000245991,,,0,0,0,0,0,0,0,0,0.014244936,0.012762745,0,0,0.000519874,0.00048065,0,0,,,1.11E-05,8.60E-06,0,0,0.265301483,0.228433062,0.004197105,0.003289809,0.001114144,0.000665532,0.00111016,0.001148152,0,0,0,0,0.035324045,0.017997318,0.000120577,0.000118842,0.000410928,0.000397424,0,7.34E-05,0.000533808,0.00084526,,,0.042076611,0.059689587,0.013298049,0.02493959,7.59E-05,0.000100753,0.00841264,0.005719409,0.002175349,0.001807937,0,0,,,0.061394362,0.063058103,0.021695683,0.01842821,0.001600872,0.001094335,,,0.012275002,0.014183645,,0,0.001632811,0.001016304
15,2011,0.004228773,0.004369624,0.000953432,0.000726945,,,0.002256248,0.002419448,,,0.011106642,0.002919049,,,0.042209859,0.041488301,0.00197372,0.002546505,0.000198594,0.000211637,,,5.74E-06,2.14E-05,0.002810863,0.002474341,3.62E-06,4.35E-05,0,0,0.020867239,0.021520057,0,0,0.000477018,0.000446155,0,0,,,0.017072335,0.006357135,0,0,0.354744086,0.300514284,0.008623258,0.004817682,0.000948169,0.000672404,0.000970027,0.001018191,0.012904375,0.010500879,0,0,0.026896138,0.013195235,0.000142493,0.000140318,0.000366118,0.000351922,0,0.003131489,0.000373808,0.000579322,,,0.042811448,0.06055132,0.028667147,0.047163968,0.000436276,0.000467566,0.00779914,0.005362624,0.001942906,0.001633371,5.21E-07,1.35E-06,,,0.044982947,0.052592398,0.164176399,0.118838741,0.001860184,0.001266853,,,0.030524787,0.037710219,,0.000727932,0.003657312,0.002042604
20,2011,0.005853488,0.006098944,0.000854408,0.000644778,,,0.001480073,0.001570431,,,0.03547942,0.006708478,,,0.065652716,0.065213976,0.001815112,0.00240209,0.0001657,0.000173933,,,1.73E-05,7.29E-05,0.004715311,0.003980426,7.17E-06,0.000296242,0,0,0.027776034,0.031645864,2.51E-06,1.15E-06,0.000410344,0.00038349,4.56E-06,6.84E-06,,,0.022809803,0.01335634,0,0,0.376060455,0.312690489,0.017456529,0.007017675,0.000628746,0.000737164,0.000853055,0.000895016,0.021324578,0.015603325,1.07E-05,0,0.021461746,0.010249389,0.000164325,0.000162072,0.0004075,0.000375437,0,0.005031233,0.000284517,0.000434218,,,0.037004949,0.051927083,0.052981664,0.058726508,0.00129296,0.0010897,0.007403068,0.005042189,0.001771725,0.001484507,1.23E-06,4.02E-06,,,0.02967463,0.036316253,0.247982682,0.178807817,0.002137931,0.001455215,,,0.028116253,0.035523317,,0.005121047,0.00472393,0.002573299
25,2011,0.006349362,0.006659277,0.000771462,0.000565504,,,0.001288606,0.001366491,,,0.053210176,0.008493002,,,0.079035385,0.078762393,0.001734114,0.002289194,0.000132061,0.000133003,,,7.05E-05,0.000132032,0.006820233,0.005735019,3.35E-05,0.000970061,0,0,0.035035925,0.041892552,1.71E-05,7.90E-06,0.00028023,0.000244316,1.72E-05,1.31E-05,,,0.019341634,0.014216424,0,0,0.366082076,0.297814999,0.027960161,0.009464167,0.000414705,0.000395782,0.000760103,0.000807006,0.030233819,0.021186973,2.50E-05,0,0.020596551,0.009646576,0.000187369,0.000185668,0.000549206,0.000480879,0,0.004977865,0.00023149,0.000350526,,,0.033762063,0.046623722,0.068653601,0.060123422,0.002231554,0.001645106,0.007171144,0.004836691,0.001620817,0.001326154,6.94E-06,8.75E-06,,,0.02640648,0.03943767,0.312319701,0.229785559,0.002429402,0.001656153,,,0.027184319,0.03238306,,0.011107289,0.005117113,0.002678291
30,2011,0.006433311,0.006770325,0.000687093,0.000488866,,,0.001254759,0.001335827,,,0.06267058,0.009255094,0.233272102,0.218031146,0.092191648,0.092055486,0.00168908,0.002222799,0.000104533,0.000102571,,,0.000181608,0.000360274,0.008895769,0.007589344,6.21E-05,0.003995304,0,0,0.042779243,0.051528648,4.75E-05,2.17E-05,0.000156454,0.000118998,5.70E-05,4.05E-05,,,0.013027864,0.011228151,0,0,0.378851611,0.313879705,0.040078073,0.012333015,0.000280233,0.000235656,0.000651666,0.000713465,0.040330088,0.028497664,4.52E-05,0,0.019856886,0.009088196,0.000208154,0.000207081,0.000691183,0.000586469,0,0.005314004,0.000197759,0.000298472,,,0.032332766,0.044440548,0.079366567,0.062399037,0.003144554,0.002160931,0.006888712,0.004569196,0.00146688,0.001166664,2.34E-05,2.89E-05,,,0.028272322,0.050620204,0.366614612,0.267845055,0.002735231,0.001865838,,,0.026583748,0.031318206,,0.032755193,0.004947025,0.002556084
35,2011,0.006636045,0.007015583,0.000568891,0.000414134,,,0.001233491,0.001315757,,,0.06734576,0.009633045,0.271704599,0.298245695,0.102962387,0.103286082,0.001680187,0.002149293,8.50E-05,8.02E-05,,,0.000208504,0.000522844,0.010876818,0.009471389,7.55E-05,0.006961571,0,0,0.052965893,0.062161971,9.88E-05,4.41E-05,9.81E-05,6.76E-05,8.40E-05,6.99E-05,,,0.009778616,0.008410288,0,0,0.408828278,0.347837845,0.052326187,0.015394277,0.000199836,0.000156925,0.000536666,0.00061058,0.05341064,0.040310584,5.96E-05,0,0.019173981,0.008545492,0.000226434,0.000225772,0.000832929,0.000691071,0,0.004427022,0.000173958,0.000262934,,,0.031626595,0.043799643,0.083776035,0.059946627,0.003895619,0.002565931,0.006644617,0.004400238,0.001266362,0.00102528,3.58E-05,4.84E-05,,,0.033420288,0.057626908,0.405931579,0.297743789,0.003055924,0.00208341,,,0.02615516,0.031207056,,0.041333012,0.00472461,0.002485517
40,2011,0.006969647,0.00740838,0.000458675,0.00035042,,,0.001218644,0.001301506,,,0.069843048,0.009799566,0.321478858,0.392000574,0.1113286,0.111759006,0.001609183,0.002094625,6.82E-05,6.31E-05,,,0.000293476,0.000501353,0.014292802,0.012273036,0.00010876,0.007714105,0.000158641,0.000185172,0.070810204,0.076942713,0.000177669,7.85E-05,7.17E-05,4.76E-05,0.000199209,0.000137209,,,0.008401077,0.006370541,0,0,0.421249167,0.367301409,0.065267182,0.018967669,0.000149346,0.000115064,0.000430965,0.000515063,0.069855764,0.056547396,0.000180468,0,0.018514356,0.00801224,0.00023823,0.000237863,0.001090959,0.000846505,0,0.002984381,0.000156778,0.00023823,,,0.031363915,0.044122016,0.088707954,0.057125146,0.004529542,0.002980032,0.006464245,0.004281448,0.001076442,0.000907305,7.63E-05,5.57E-05,,,0.040026409,0.063472191,0.438971811,0.324103022,0.003389942,0.002308252,,,0.025954249,0.031176067,,0.028751046,0.004483618,0.002317295
45,2011,0.007165394,0.007632846,0.000387847,0.00030577,,,0.001204717,0.001287514,,,0.067985283,0.009586341,0.379757056,0.489481422,0.125004931,0.12622825,0.001576603,0.00208378,5.57E-05,5.05E-05,,,0.000416247,0.00051184,0.024427359,0.019194048,0.000144601,0.007143758,0.001000251,0.001174105,0.091036701,0.091718357,0.000307277,0.000139096,4.69E-05,2.98E-05,0.000396135,0.000175032,,,0.007642371,0.005931545,0,0,0.422764426,0.377270379,0.077230237,0.022592693,0.000105112,7.85E-05,0.000329992,0.00042791,0.090472584,0.075355498,0.000625757,0,0.017860904,0.007488318,0.000243767,0.000243598,0.001509144,0.001071759,0,0.001518409,0.000144543,0.000221843,,,0.031531437,0.04494947,0.093828379,0.052674048,0.005119797,0.003372739,0.006374794,0.004216208,0.00094136,0.00081323,0.000146268,6.96E-05,,,0.044406836,0.073317435,0.470165389,0.34570694,0.00373527,0.002540904,,,0.025902018,0.031238319,,0.016107196,0.004125282,0.002172295
50,2011,0.007196071,0.007652762,0.000348709,0.00027538,,,0.001187143,0.001270268,,,0.063279546,0.009266567,0.442230528,0.579461296,0.151298092,0.153590045,0.00158649,0.002083275,4.52E-05,4.07E-05,,,0.000661521,0.000589858,0.040430584,0.031020496,0.000213902,0.007381902,0.002265501,0.002727125,0.113251426,0.108274319,0.000490875,0.0002336,2.39E-05,1.47E-05,0.000766191,0.000268537,,,0.007231918,0.006123167,0,0,0.423369157,0.383132665,0.089252466,0.026815508,6.23E-05,4.57E-05,0.0002401,0.000344897,0.117650319,0.097684321,0.002022297,0,0.017201836,0.006976367,0.000244712,0.000244618,0.00194921,0.001308599,0,0.000916452,0.000134429,0.000208422,,,0.031706986,0.045347817,0.096026626,0.045539154,0.005853808,0.003891386,0.006322638,0.004148354,0.000862858,0.000740832,0.000217077,9.31E-05,,,0.047477463,0.084717961,0.493793848,0.358734577,0.004091971,0.00278169,,,0.025835196,0.031348246,,0.011625222,0.003692754,0.001956322
55,2011,0.007075369,0.007493842,0.000328602,0.000255223,,,0.001143373,0.001228506,,,0.053213648,0.008722169,0.503552181,0.653101224,0.192517663,0.197673676,0.001550232,0.002002195,3.77E-05,3.45E-05,,,0.000682164,0.000517483,0.055628496,0.0449284,0.00025488,0.00651185,0.00383794,0.004819903,0.142264526,0.13320114,0.000764525,0.000396249,1.36E-05,7.94E-06,0.000994464,0.000280628,,,0.006843646,0.005232739,0,0,0.431969731,0.394780933,0.098574253,0.030355147,3.90E-05,2.82E-05,0.000163839,0.000270567,0.161066605,0.129699363,0.003499022,0,0.01653509,0.006473473,0.000240678,0.000240764,0.00241057,0.001556634,0,0.000341619,0.000125637,0.000196542,,,0.031958061,0.045243782,0.095079117,0.041168206,0.006479742,0.004340436,0.006298441,0.00410336,0.000823715,0.000691103,0.000285434,8.36E-05,,,0.050968015,0.088657613,0.521967877,0.38350021,0.004459233,0.003030591,,,0.025907637,0.031153421,,0.006388581,0.003316422,0.001766524
60,2011,0.006746353,0.007105952,0.000317396,0.000238458,,,0.001020103,0.00111002,,,0.042638847,0.00793609,0.558110235,0.708491666,0.255700433,0.26603806,0.001450133,0.001859463,3.09E-05,2.94E-05,,,0.000688992,0.000552297,0.071027456,0.059419399,0.000261375,0.006683583,0.006237919,0.008341714,0.179295526,0.170257483,0.001290768,0.00069795,8.94E-06,5.06E-06,0.000923395,0.000324353,,,0.006379704,0.00387594,0,0,0.454827982,0.418561882,0.105781929,0.033690263,2.61E-05,1.93E-05,0.000102645,0.000203124,0.216287846,0.170929864,0.006696451,0,0.01519693,0.006137673,0.000233144,0.000233264,0.00328417,0.002218042,0,0.000256444,0.000118007,0.00018605,,,0.032364532,0.04489894,0.095018375,0.040307059,0.006976268,0.004697757,0.006286868,0.004075585,0.000803224,0.000651937,0.00025569,9.22E-05,,,0.054510127,0.085899846,0.542500509,0.398220331,0.004838649,0.003288311,,,0.02597525,0.031172766,,0.005300751,0.00303065,0.001603898
65,2011,0.006153074,0.006453213,0.000310027,0.000218311,,,0.000804231,0.000890338,,,0.03634034,0.00673106,0.600902863,0.74879624,0.356992647,0.374166119,0.001507821,0.001796306,2.53E-05,2.46E-05,,,0.000551254,0.000500336,0.093873736,0.075660808,0.000267039,0.005609268,0.011144317,0.016199616,0.245124158,0.235922298,0.002629179,0.001376153,5.91E-06,3.28E-06,0.000698983,0.0002865,,,0.005560202,0.003002751,0,0,0.463746584,0.421785664,0.110659827,0.036451986,1.67E-05,1.32E-05,5.82E-05,0.000142676,0.270904559,0.220517652,0.007317587,0,0.013123983,0.006051409,0.00022402,0.000224184,0.004682036,0.003436557,0,0.000200092,0.000111416,0.00017676,,,0.032861688,0.044577974,0.097034994,0.040845486,0.007381995,0.005055657,0.00628198,0.004062573,0.000790828,0.000612813,0.000228036,7.92E-05,,,0.056619092,0.079625217,0.575857283,0.413177291,0.005230989,0.003555404,,,0.026358183,0.03155811,,0.00325011,0.002804636,0.001518137
70,2011,0.005362416,0.005607262,0.000307128,0.000205537,,,0.000583798,0.000647694,,,0.031799543,0.005562751,0.627943942,0.777356642,0.492281707,0.517686816,0.001579885,0.001803857,2.37E-05,2.32E-05,,,0.000489099,0.000446618,0.120397105,0.093737206,0.00028719,0.004857157,0.021374587,0.032974984,0.338839383,0.326318564,0.004909675,0.002640746,0,0,0.000681416,0.000264511,,,0.004481708,0.002512264,0,0,0.448751284,0.392670724,0.114882011,0.03944903,0,0,2.75E-05,9.05E-05,0.314614027,0.266843638,0.007537772,0,0.011208144,0.005969039,0.00021282,0.000213,0.006118527,0.004711134,0,0.000158819,0.000105734,0.000168535,,,0.033351488,0.044386543,0.099003824,0.041449273,0.007626284,0.005237813,0.006280248,0.004057629,0.000786378,0.000592414,0.000209537,6.53E-05,,,0.056720081,0.071815222,0.591567249,0.433923067,0.005637009,0.003832819,,,0.026531089,0.031491758,,0.00180746,0.002577003,0.001439858
75,2011,0.004466209,0.004659368,0.000306512,0.000201193,,,0.000424041,0.000470805,,,0.029859925,0.004911511,0.635687199,0.796739957,0.645061531,0.67394132,0.001597501,0.001821089,2.32E-05,2.27E-05,,,0.000463701,0.000346286,0.145122652,0.113803848,0.000294182,0.004122217,0.040563954,0.062358776,0.416419669,0.406155941,0.008169189,0.004919563,0,0,0.000578668,0.000190263,,,0.003465907,0.002572991,0,0,0.434587393,0.366926938,0.118729269,0.042550161,0,0,1.01E-05,4.95E-05,0.322030065,0.276513175,0.007126687,0,0.009436694,0.005891282,0.000198677,0.000198853,0.007581321,0.006035417,0,0.000128157,0.000100842,0.000161253,,,0.033658517,0.044130801,0.10080949,0.041929243,0.007880594,0.00550829,0.006278765,0.004055702,0.000785476,0.000587013,0.00016757,3.83E-05,,,0.052844736,0.0632409,0.601306992,0.455860814,0.006057633,0.004120745,,,0.026642308,0.031279701,,0.000981687,0.002382524,0.001329272
80,2011,0.003593224,0.003743839,0.000306441,0.000200275,,,0.000311171,0.000345743,,,0.027692817,0.004357949,,,0.793107685,0.814729404,0.001682794,0.001810712,2.29E-05,2.24E-05,,,0.000414032,0.000325517,0.172912233,0.135873895,0.000328131,0.003836051,0.071930696,0.108902374,0.501557276,0.485218561,0.010856126,0.007024036,0,0,0.000487346,0.000176575,,,0.002672346,0.002883879,0,0,0.431048035,0.355432766,0.122375849,0.045337226,0,0,2.60E-06,2.09E-05,0.295100551,0.250081167,0.006027825,0,0.00868781,0.006109214,0.000183634,0.000183803,0.011813643,0.00866392,0,0.000105065,9.66E-05,0.000154749,,,0.034097717,0.044096992,0.101272442,0.041293865,0.00805041,0.005730374,0.006276669,0.004052906,0.00078533,0.000586112,0.000117506,3.11E-05,,,0.047414497,0.056382948,0.605300795,0.478145691,0.006492606,0.004419836,,,0.026761449,0.031047209,,0.000583178,0.002178048,0.001272477
0,2012,0,0,0.002079097,0.001511304,,,0.007824175,0.007836266,,,0.000481153,0.000526146,,,0.000490883,0.000283034,0.007016013,0.008339229,0.000330435,0.000353327,,,0,0,0,0,0,0,0,0,0.005496649,0.003489045,0,0,0.000599626,0.000556389,0,0,,,0.000463897,0.000123267,0,0,0.1571778,0.150212061,0.001581279,0.001914413,0.003001383,0.001549406,0.001699866,0.001705031,0,0,0,0,0.016435352,0.015356051,1.03E-05,1.04E-05,0.003754554,0.003093681,0,0,0.00160509,0.002669888,,,0.001035883,0.001153926,0.001720895,0.001662553,0,0,0.035719955,0.022300344,0.005064496,0.003975752,0,0,,,0.022229585,0.029962576,0.011464936,0.009694953,0.02247664,0.018503777,,,4.74E-07,4.09E-07,,0,0.017180246,0.016099621
5,2012,0,0,0.001344648,0.000990931,,,0.003044775,0.003173904,,,0.000516245,0.000537721,,,0.002655971,0.002516132,0.002923937,0.003403977,0.000249911,0.000265223,,,0,0,0,0,0,0,0,0,0.011137297,0.009509464,0,0,0.000532662,0.000493613,0,0,,,0,0,0,0,0.175004736,0.165252388,0.002660018,0.00246146,0.001469708,0.000849821,0.001220096,0.001262061,0,0,0,0,0.02204422,0.015013348,5.81E-05,5.86E-05,0.001140532,0.001027268,0,0,0.000787766,0.001294716,,,0.022534208,0.027401417,0.007420758,0.011850376,0,0,0.008968144,0.006117864,0.002508788,0.002058399,0,0,,,0.042989238,0.041316262,0.014647818,0.01271696,0.001998409,0.001441875,,,0.00145301,0.001582559,,0,0.003240025,0.002570882
10,2012,0.000868379,0.00088951,0.001190438,0.000885801,,,0.002820691,0.002946351,,,0.001253427,0.000790538,,,0.015518126,0.015406853,0.002206646,0.002713344,0.000219196,0.000232049,,,0,0,0,0,0,0,0,0,0.014276164,0.012765041,0,0,0.000513537,0.000472073,0,0,,,1.10E-05,8.49E-06,0,0,0.257039185,0.220801545,0.004193594,0.003284962,0.001106576,0.000656025,0.001109095,0.001148507,0,0,0,0,0.033321753,0.018254615,0.00012316,0.000121144,0.000393059,0.000382956,0,7.29E-05,0.000512453,0.00080533,,,0.042026542,0.059274259,0.013323919,0.024982374,7.65E-05,0.000101078,0.008600126,0.005832158,0.002242274,0.001848915,0,0,,,0.06107905,0.063134612,0.020707888,0.017723966,0.0015955,0.001131193,,,0.012070665,0.013886705,,0,0.001615771,0.001004988
15,2012,0.0042393,0.0043725,0.001041635,0.000785214,,,0.002267357,0.002417248,,,0.01111232,0.002916601,,,0.04239085,0.041752588,0.001975118,0.002550343,0.000187695,0.000199604,,,5.79E-06,2.13E-05,0.002816062,0.002464062,3.65E-06,4.32E-05,0,0,0.020923758,0.021477209,0,0,0.000471641,0.000438393,0,0,,,0.017125013,0.006351987,0,0,0.341425543,0.288054617,0.008536944,0.004781218,0.000942131,0.00066296,0.000968895,0.001018004,0.013100482,0.010527575,0,0,0.02608208,0.013352454,0.000146532,0.000144007,0.000354749,0.00034224,0,0.003093261,0.00036216,0.000555906,,,0.043065253,0.060542952,0.028600939,0.047199531,0.000438232,0.000469212,0.007953948,0.005458502,0.001998581,0.001668065,5.13E-07,1.33E-06,,,0.043545282,0.052363379,0.144055305,0.103213679,0.00185087,0.001301445,,,0.029477044,0.036205047,,0.000728977,0.0030199,0.001684993
20,2012,0.005859088,0.006100146,0.000934178,0.000701096,,,0.001484308,0.001567091,,,0.035469603,0.006701843,,,0.065908189,0.065634874,0.001814432,0.002405352,0.000156433,0.000164148,,,1.74E-05,7.17E-05,0.004716182,0.00395997,7.27E-06,0.000292101,0,0,0.027779514,0.031572305,2.60E-06,1.15E-06,0.000405833,0.000377241,4.47E-06,6.53E-06,,,0.022892995,0.013340953,0,0,0.361784742,0.300149146,0.017139938,0.006914546,0.000624483,0.000727487,0.000850511,0.000894236,0.021650073,0.015663739,1.07E-05,0,0.021333956,0.010348248,0.00016586,0.000163422,0.000397459,0.000366829,0,0.005016885,0.000277351,0.000419516,,,0.037181706,0.052299306,0.052725345,0.058705127,0.001293854,0.001093785,0.007526596,0.005125706,0.001817723,0.001517101,1.22E-06,3.92E-06,,,0.027293489,0.035431589,0.248867587,0.178525516,0.002121347,0.001487906,,,0.027136891,0.034098091,,0.005084878,0.004711241,0.00255225
25,2012,0.006352582,0.006659787,0.000846692,0.000622747,,,0.001292845,0.001364141,,,0.053301043,0.008477424,,,0.079206687,0.079173583,0.00173327,0.002292612,0.000124775,0.000125527,,,6.80E-05,0.000119565,0.006819868,0.005703508,3.26E-05,0.000884494,0,0,0.034975478,0.041777056,1.77E-05,7.87E-06,0.000277796,0.000240675,1.62E-05,1.15E-05,,,0.019385135,0.014169358,0,0,0.354993943,0.28714306,0.02738977,0.009279844,0.00041258,0.000391312,0.000757727,0.000806684,0.030626466,0.021275165,2.42E-05,0,0.020424712,0.009726464,0.000188131,0.000186262,0.000534497,0.000468354,0,0.004909383,0.000226872,0.000340538,,,0.033772076,0.046814958,0.068214989,0.060060874,0.00223626,0.001653231,0.007286458,0.004922098,0.001661451,0.001360474,6.62E-06,7.88E-06,,,0.024075662,0.037504181,0.31334901,0.229230943,0.002406928,0.001687488,,,0.026221485,0.031143819,,0.010190132,0.005125858,0.002652505
30,2012,0.006435098,0.006770412,0.000759033,0.000546708,,,0.001259732,0.001334208,,,0.062758631,0.009225117,0.230825663,0.217605079,0.092256578,0.092313872,0.00168861,0.002226469,9.88E-05,9.68E-05,,,0.000166311,0.000336464,0.008896037,0.007548609,5.74E-05,0.003754364,0,0,0.042634388,0.051326261,4.89E-05,2.17E-05,0.000155681,0.00011739,5.09E-05,3.68E-05,,,0.013022876,0.011156916,0,0,0.367864998,0.302855034,0.039260877,0.012058973,0.000279505,0.000233533,0.000650378,0.000714368,0.040795731,0.028610436,4.16E-05,0,0.019638891,0.00915009,0.000208749,0.000207509,0.000671755,0.000570144,0,0.005260085,0.000194675,0.000291362,,,0.032280706,0.04447611,0.078851816,0.062293549,0.003161254,0.002174217,0.006990899,0.004643215,0.00150427,0.001202464,2.11E-05,2.68E-05,,,0.026120109,0.047583097,0.367653764,0.267528228,0.002706904,0.001895964,,,0.025643908,0.030160417,,0.031012124,0.004931693,0.002542921
35,2012,0.006636945,0.007015552,0.000635647,0.00046903,,,0.001239123,0.001314899,,,0.067282306,0.009574527,0.268805862,0.29761323,0.103216637,0.103399439,0.001680078,0.002153131,8.04E-05,7.58E-05,,,0.000182892,0.000505861,0.010875291,0.009427953,6.71E-05,0.00676664,0,0,0.052706614,0.061859204,0.000100382,4.41E-05,9.82E-05,6.69E-05,7.14E-05,6.55E-05,,,0.009775381,0.008355232,0,0,0.398800756,0.336223118,0.051339324,0.015007385,0.000199805,0.000155921,0.000537286,0.000612,0.054106857,0.040424748,5.25E-05,0,0.018910576,0.008589475,0.000227012,0.000226229,0.000808674,0.000671127,0,0.00436533,0.00017189,0.000257811,,,0.031478936,0.043656202,0.0831785,0.059817177,0.003923967,0.002580573,0.006734977,0.004464487,0.001299851,0.00105919,3.09E-05,4.65E-05,,,0.031229036,0.054753843,0.406514273,0.297804106,0.003021339,0.002112364,,,0.025213618,0.030026653,,0.040451793,0.004723701,0.002464999
40,2012,0.006969874,0.00740837,0.000516736,0.00040011,,,0.001224945,0.001301315,,,0.069622925,0.009722676,0.318284633,0.391187891,0.111752491,0.112057008,0.00160941,0.002098777,6.47E-05,5.96E-05,,,0.00026668,0.000500254,0.01426977,0.012226327,9.99E-05,0.007739882,0.000157969,0.00018444,0.070467758,0.076585899,0.000179168,7.88E-05,7.23E-05,4.74E-05,0.000174944,0.000132337,,,0.008417424,0.006344025,0,0,0.413193719,0.355458763,0.064074898,0.018441765,0.000149663,0.000114688,0.000432958,0.000516612,0.070882359,0.056661669,0.000164939,0,0.018205793,0.008038736,0.000239509,0.000239076,0.001059945,0.000821997,0,0.00292083,0.000155439,0.000234432,,,0.031162788,0.043815546,0.087972499,0.05695792,0.004565815,0.002993588,0.006537656,0.004332998,0.001102783,0.000937029,6.82E-05,5.53E-05,,,0.037739888,0.061124468,0.439272266,0.323878116,0.003348686,0.002336121,,,0.025022405,0.029977828,,0.029003337,0.004500123,0.002298173
45,2012,0.00716532,0.007632869,0.000435913,0.000350531,,,0.001211805,0.00128811,,,0.067630895,0.009526219,0.376450668,0.488568393,0.125478544,0.126635475,0.001577175,0.002088308,5.28E-05,4.78E-05,,,0.000379376,0.000508279,0.024301474,0.019111346,0.000133776,0.007138562,0.000997607,0.001171211,0.090593186,0.091263757,0.0003098,0.000139669,4.77E-05,2.98E-05,0.000348818,0.000168162,,,0.007666557,0.005918403,0,0,0.415404343,0.364848818,0.075793138,0.021932359,0.000105547,7.85E-05,0.000332394,0.000429271,0.091709064,0.075591367,0.000571174,0,0.017508298,0.007497145,0.000245032,0.000244804,0.001468674,0.001041201,0,0.001484021,0.00014366,0.000218924,,,0.031339904,0.044632727,0.092943044,0.052469489,0.005154047,0.003383795,0.006435704,0.004259456,0.000957541,0.00083838,0.000130879,6.87E-05,,,0.042233086,0.069638426,0.470640716,0.346071032,0.003686987,0.00256769,,,0.024975941,0.030032857,,0.016102886,0.004147875,0.002141747
50,2012,0.007196045,0.007652794,0.000388767,0.000315732,,,0.00119523,0.001271792,,,0.062799879,0.009222135,0.438997577,0.578567838,0.151593421,0.154200576,0.001587388,0.002088445,4.29E-05,3.86E-05,,,0.000632628,0.000588322,0.040208688,0.030841235,0.000206885,0.007389157,0.002265355,0.00272546,0.112620783,0.107730811,0.000496412,0.000234526,2.45E-05,1.47E-05,0.000711116,0.000259813,,,0.007254641,0.006113964,0,0,0.416012981,0.371578439,0.08756128,0.02599569,6.25E-05,4.56E-05,0.000242326,0.000346208,0.118902226,0.098198498,0.001940756,0,0.016805688,0.006972465,0.00024591,0.000245792,0.001898977,0.001271318,0,0.000900361,0.000133895,0.000206219,,,0.031572786,0.045142182,0.09502133,0.045299405,0.005888833,0.00390083,0.006377137,0.004184338,0.00086945,0.000760783,0.000203923,9.23E-05,,,0.045516408,0.078732369,0.494321272,0.359929362,0.004036165,0.002807441,,,0.024923721,0.030152075,,0.011710364,0.003720059,0.001939901
55,2012,0.007075448,0.007493869,0.000363383,0.000291434,,,0.001153094,0.001231726,,,0.052654442,0.008671938,0.500541707,0.652352774,0.192840076,0.198530939,0.001551315,0.002007931,3.58E-05,3.27E-05,,,0.000663289,0.000516998,0.055382411,0.044657268,0.000249917,0.006498011,0.003838295,0.004816702,0.141441603,0.132564934,0.000776171,0.000397778,1.39E-05,7.99E-06,0.00093866,0.000272561,,,0.006861065,0.005221776,0,0,0.426234106,0.386668631,0.096669766,0.029413883,3.91E-05,2.82E-05,0.000165582,0.000271729,0.162093262,0.130734858,0.003413068,0,0.016093565,0.006460064,0.000242198,0.000242254,0.002350358,0.001511919,0,0.000327343,0.000125389,0.000194948,,,0.031858735,0.045129719,0.093959248,0.040897683,0.006513455,0.004347769,0.006351039,0.004134006,0.0008232,0.000705465,0.000272509,8.32E-05,,,0.048895317,0.082084027,0.522379248,0.384520816,0.004395397,0.003055373,,,0.025015349,0.029989807,,0.006436128,0.003331066,0.001755876
60,2012,0.006746411,0.007105964,0.000348622,0.000270268,,,0.001031745,0.001115718,,,0.042050964,0.007876876,0.55554009,0.708044958,0.256154827,0.266833916,0.001450421,0.001864834,2.94E-05,2.79E-05,,,0.000682084,0.000553238,0.070744528,0.059048674,0.000260078,0.006650309,0.006225849,0.008339659,0.178341633,0.169520081,0.001315844,0.000700044,9.16E-06,5.09E-06,0.000890153,0.000316338,,,0.006393947,0.003862324,0,0,0.450557916,0.413778824,0.10373404,0.032644939,2.62E-05,1.94E-05,0.000103699,0.000203966,0.216890457,0.172404058,0.006656301,0,0.01477172,0.006121668,0.00023467,0.00023476,0.00320154,0.002151089,0,0.000245467,0.00011798,0.000184978,,,0.032287238,0.044883776,0.093799664,0.040011205,0.007011727,0.0047018,0.006338957,0.004102504,0.000797674,0.000660175,0.000248926,9.21E-05,,,0.052254377,0.080247186,0.543002255,0.399812276,0.004765905,0.003312049,,,0.025071255,0.030006296,,0.005375276,0.003061907,0.001606733
65,2012,0.006153101,0.006453219,0.000338455,0.000244234,,,0.000815037,0.000896867,,,0.035882432,0.006676367,0.599171865,0.748872161,0.357549453,0.374976338,0.001507609,0.001801502,2.40E-05,2.34E-05,,,0.000551132,0.000504806,0.093224157,0.075163474,0.000266887,0.005582479,0.011110564,0.016198444,0.244400386,0.23537282,0.002687012,0.001377948,6.05E-06,3.30E-06,0.000683425,0.000281825,,,0.005580275,0.002991073,0,0,0.459309955,0.41677679,0.108514335,0.035338757,1.68E-05,1.32E-05,5.88E-05,0.000143241,0.27076151,0.22142014,0.007347283,0,0.012789743,0.0060452,0.000225373,0.00022549,0.004561295,0.003329657,0,0.000191362,0.000111559,0.000176144,,,0.03281598,0.044613448,0.095719499,0.04051769,0.007421949,0.005055983,0.006333879,0.004086961,0.000781563,0.000613529,0.000225156,8.03E-05,,,0.054835626,0.07522637,0.576841768,0.415652913,0.005148343,0.00357811,,,0.025423249,0.030360727,,0.003339533,0.002832244,0.001517019
70,2012,0.005362429,0.005607266,0.000334306,0.000227368,,,0.000591692,0.00065276,,,0.031472176,0.005515057,0.627615321,0.778225094,0.492701732,0.518942315,0.001579438,0.001809012,2.24E-05,2.20E-05,,,0.000484295,0.000451693,0.11903316,0.093106108,0.000284684,0.00482584,0.02133163,0.032957475,0.338750564,0.326307862,0.005020931,0.002646715,0,0,0.000659939,0.000261704,,,0.004506474,0.002503886,0,0,0.440958828,0.383266978,0.112668048,0.038261023,0,0,2.78E-05,9.08E-05,0.313604409,0.266568972,0.007474257,0,0.010951901,0.005975217,0.000214381,0.000214542,0.005959565,0.004565785,0,0.00015176,0.00010602,0.000168301,,,0.033328222,0.044424937,0.097589971,0.041087517,0.007666909,0.005236426,0.006331749,0.004080987,0.000775644,0.000588656,0.000204739,6.60E-05,,,0.055797773,0.068690928,0.592378591,0.435622701,0.005543338,0.003854587,,,0.02559324,0.03030869,,0.001850446,0.002593809,0.001436084
75,2012,0.004466216,0.004659371,0.000333395,0.000221441,,,0.000429994,0.000474917,,,0.029582275,0.004876924,0.637503889,0.798698638,0.644756281,0.675453167,0.001596986,0.00182617,2.20E-05,2.16E-05,,,0.000460136,0.000351807,0.143415662,0.113046848,0.000291092,0.004092352,0.040451598,0.062283536,0.41642793,0.405893286,0.008343521,0.004950528,0,0,0.000563508,0.000190712,,,0.003481411,0.0025743,0,0,0.424243834,0.354390043,0.116462429,0.041283622,0,0,1.02E-05,4.97E-05,0.320701494,0.275727287,0.007060096,0,0.009246404,0.005914445,0.000200584,0.000200733,0.00738529,0.005854344,0,0.000122351,0.000101244,0.000161328,,,0.033627611,0.044152099,0.099292212,0.041528817,0.007924463,0.005507332,0.006330331,0.004078832,0.00077446,0.000581931,0.000164445,3.91E-05,,,0.052439909,0.061259717,0.602219412,0.457103624,0.005951364,0.00414153,,,0.02570164,0.03010795,,0.001014249,0.002398992,0.0013314
80,2012,0.003593228,0.003743841,0.000333276,0.000220122,,,0.000315972,0.00034917,,,0.027417795,0.004339328,,,0.792878928,0.815822177,0.001682241,0.001815733,2.17E-05,2.13E-05,,,0.000412149,0.000328026,0.171247718,0.13512143,0.00032512,0.003787745,0.07176367,0.108671576,0.50144962,0.484924863,0.011117648,0.00709381,0,0,0.000479172,0.000176233,,,0.002678117,0.0028916,0,0,0.419333099,0.342833539,0.120081064,0.044035611,0,0,2.65E-06,2.10E-05,0.294038808,0.249461823,0.005964961,0,0.008551969,0.006160152,0.00018534,0.000185504,0.011540621,0.00843538,0,0.000100221,9.71E-05,0.000155065,,,0.034027987,0.044070773,0.099705296,0.040875375,0.008096575,0.005730438,0.006328401,0.004076077,0.000774338,0.000580797,0.000116354,3.16E-05,,,0.047232082,0.055342019,0.606169378,0.478972547,0.006373151,0.004439769,,,0.025795362,0.029865728,,0.000598257,0.002192419,0.001277828
0,2013,0,0,0.002230778,0.001604179,,,0.007710086,0.007765817,,,0.000480584,0.000526207,,,0.000501203,0.000287167,0.007000867,0.008330112,0.000306864,0.000326211,,,0,0,0,0,0,0,0,0,0.005533025,0.0035176,0,0,0.000590722,0.000543809,0,0,,,0.000465244,0.000123123,0,0,0.154182776,0.146906976,0.001580677,0.001883764,0.002977662,0.00152425,0.001692415,0.001703354,0,0,0,0,0.015027223,0.014385637,1.02E-05,1.04E-05,0.003479398,0.002894816,0,0,0.001572137,0.002610189,,,0.001063049,0.001182646,0.001763513,0.001668205,0,0,0.035863327,0.022339446,0.005099621,0.003991797,0,0,,,0.022352201,0.030072585,0.012348329,0.010459823,0.022280769,0.018195251,,,4.84E-07,4.16E-07,,0,0.017184148,0.016089435
5,2013,0,0,0.00147639,0.001076153,,,0.003052691,0.003171674,,,0.000513478,0.000536492,,,0.002672634,0.002530473,0.0029219,0.003412991,0.00023253,0.000245601,,,0,0,0,0,0,0,0,0,0.011169527,0.009527614,0,0,0.000524509,0.000482641,0,0,,,0,0,0,0,0.171346131,0.161356087,0.002683435,0.002460637,0.001457414,0.000835192,0.001217949,0.001262844,0,0,0,0,0.020479211,0.015025351,5.86E-05,5.91E-05,0.001075021,0.000978754,0,0,0.000748076,0.001219268,,,0.022804166,0.027705819,0.007477801,0.011881588,0,0,0.009217843,0.006280297,0.002592065,0.002116483,0,0,,,0.042962492,0.041364676,0.013816312,0.012105309,0.002087676,0.001564519,,,0.001464992,0.001590111,,0,0.003229433,0.002573086
10,2013,0.000870895,0.000890551,0.001307708,0.000961368,,,0.002834765,0.002944643,,,0.001254981,0.000788211,,,0.015579181,0.015515498,0.002206611,0.002717837,0.000203984,0.000215129,,,0,0,0,0,0,0,0,0,0.014311364,0.012766649,0,0,0.000505972,0.00046139,0,0,,,1.09E-05,8.37E-06,0,0,0.248000426,0.212540111,0.004187268,0.003276518,0.001097279,0.000644346,0.001107561,0.001148835,0,0,0,0,0.03111465,0.01856142,0.000125701,0.000123362,0.000372367,0.000366479,0,7.25E-05,0.000489851,0.000760648,,,0.0422608,0.059312378,0.013356461,0.025026249,7.72E-05,0.000101397,0.008826137,0.005969937,0.00231279,0.001897183,0,0,,,0.060687587,0.063215755,0.019982009,0.017187672,0.001590621,0.001175218,,,0.01210672,0.013858155,,0,0.001605168,0.000997133
15,2013,0.004251623,0.004375797,0.001145492,0.0008546,,,0.002279818,0.002414242,,,0.011117874,0.002912523,,,0.042582831,0.042047154,0.001976438,0.002554589,0.000174784,0.000185067,,,5.84E-06,2.13E-05,0.002822802,0.002454206,3.68E-06,4.30E-05,0,0,0.020989957,0.021416754,0,0,0.000465288,0.000428767,0,0,,,0.017183151,0.006345984,0,0,0.326844497,0.274738101,0.008427368,0.004733823,0.000934802,0.000651413,0.00096742,0.001017745,0.013305894,0.010551546,0,0,0.025188113,0.013539909,0.000150927,0.00014797,0.000340683,0.000330508,0,0.003055092,0.000349874,0.00053024,,,0.043338956,0.060523207,0.028533652,0.047235586,0.000440488,0.000471004,0.00814234,0.005576613,0.002057838,0.001709875,5.04E-07,1.30E-06,,,0.041842845,0.052078625,0.120332643,0.084775586,0.001841959,0.001342746,,,0.029563156,0.036036476,,0.000727482,0.002274293,0.001258672
20,2013,0.005865242,0.006101449,0.001028557,0.000768499,,,0.001489171,0.001563095,,,0.035453054,0.00669114,,,0.066174013,0.066078931,0.001813339,0.002408883,0.000145474,0.000152348,,,1.76E-05,7.20E-05,0.004718198,0.003939696,7.41E-06,0.000294498,0,0,0.027782491,0.031464272,2.69E-06,1.14E-06,0.000400567,0.000369545,4.41E-06,6.37E-06,,,0.022974878,0.01332327,0,0,0.346241555,0.286758476,0.01675659,0.006781351,0.000619376,0.000715735,0.000847396,0.000893361,0.021967217,0.015716605,1.08E-05,0,0.021194317,0.010439487,0.000167623,0.000164979,0.000384441,0.000355811,0,0.004999359,0.000269731,0.000403792,,,0.037383738,0.052581514,0.052396454,0.058669531,0.001295021,0.001098339,0.007676988,0.005227104,0.001866232,0.001555671,1.21E-06,3.89E-06,,,0.024473686,0.034413175,0.249852976,0.178248175,0.002104524,0.001526907,,,0.02719921,0.033959521,,0.005116851,0.004695745,0.00251862
25,2013,0.006356124,0.006660369,0.000936164,0.000691286,,,0.001297798,0.001361484,,,0.053397736,0.008455196,,,0.079375007,0.079580161,0.001732101,0.00229635,0.000116137,0.000116533,,,6.56E-05,0.000111025,0.006820741,0.005671827,3.17E-05,0.000827004,0,0,0.034908785,0.041606096,1.83E-05,7.83E-06,0.000275005,0.000236229,1.53E-05,1.04E-05,,,0.01942681,0.014113699,0,0,0.342918102,0.275786205,0.026707331,0.009042441,0.000410062,0.000385944,0.00075488,0.00080647,0.030988439,0.02135255,2.34E-05,0,0.020234942,0.00979962,0.000188913,0.000186866,0.000516739,0.000453097,0,0.0048304,0.000221922,0.00033017,,,0.033864239,0.047091103,0.067616917,0.059969825,0.002241798,0.001661888,0.007428161,0.00502661,0.001704429,0.001399867,6.30E-06,7.28E-06,,,0.021322132,0.035219782,0.314634269,0.228657069,0.002384095,0.001724888,,,0.026274405,0.031117019,,0.009488063,0.00513678,0.002621781
30,2013,0.006437132,0.00677055,0.000845232,0.000616248,,,0.001265614,0.001332458,,,0.062854666,0.009183861,0.228180347,0.216789176,0.092298871,0.092559676,0.001687891,0.002230514,9.21E-05,8.99E-05,,,0.000150105,0.00031644,0.008897671,0.007507107,5.23E-05,0.003550635,0,0,0.04247243,0.051037209,5.03E-05,2.16E-05,0.000154818,0.000115465,4.49E-05,3.38E-05,,,0.013013612,0.011068051,0,0,0.355581712,0.290855673,0.038256012,0.011703124,0.000278664,0.000231009,0.000648864,0.000715619,0.041219979,0.028708199,3.78E-05,0,0.019396581,0.009206394,0.000209348,0.000207933,0.000649076,0.000550728,0,0.005196243,0.000191348,0.000284154,,,0.032287103,0.044612208,0.078124453,0.062139622,0.003181311,0.002187916,0.007117293,0.004735442,0.001544259,0.001242848,1.88E-05,2.51E-05,,,0.023581272,0.043957926,0.368954598,0.267263526,0.002678293,0.001931931,,,0.025695596,0.030158322,,0.029334603,0.00491664,0.002525644
35,2013,0.006638056,0.007015534,0.000717125,0.000535903,,,0.001245817,0.001314033,,,0.067223988,0.009495866,0.265676649,0.296494329,0.103440644,0.103490156,0.001679782,0.002157409,7.50E-05,7.06E-05,,,0.000153108,0.000486079,0.010875274,0.009383519,5.69E-05,0.006539532,0,0,0.052408798,0.061434239,0.000102012,4.41E-05,9.83E-05,6.61E-05,5.80E-05,6.11E-05,,,0.009769702,0.008284885,0,0,0.38722783,0.32324265,0.050111407,0.014504942,0.000199781,0.000154736,0.000538098,0.000613863,0.054759667,0.040516701,4.43E-05,0,0.018615936,0.008629036,0.000227524,0.000226605,0.000780927,0.000647686,0,0.004293123,0.000169624,0.000252725,,,0.031426187,0.043653171,0.082314987,0.059622523,0.003957518,0.002596044,0.006848524,0.004546711,0.001336874,0.001097617,2.54E-05,4.43E-05,,,0.028625509,0.051315383,0.407347906,0.298045411,0.002986622,0.002146928,,,0.025256519,0.030006301,,0.039130603,0.00472437,0.002440806
40,2013,0.006970257,0.007408362,0.000589318,0.00046169,,,0.001232447,0.001301223,,,0.069406195,0.009624734,0.314825069,0.389814238,0.112165671,0.112333176,0.001609513,0.002103446,6.05E-05,5.54E-05,,,0.000232635,0.000497761,0.014248709,0.012178726,8.87E-05,0.007749078,0.000157215,0.000183581,0.070057442,0.076086008,0.000180632,7.91E-05,7.31E-05,4.71E-05,0.000147618,0.000127627,,,0.008432465,0.00630916,0,0,0.40373234,0.341924346,0.062566126,0.017762299,0.000150054,0.000114249,0.000435365,0.000518582,0.071878221,0.056746063,0.00014462,0,0.017858631,0.008062348,0.000240769,0.000240245,0.001024869,0.000793811,0,0.002842798,0.000153959,0.000230746,,,0.031059308,0.043666882,0.086897798,0.056709607,0.004609355,0.003008224,0.00663142,0.00440065,0.0011332,0.000971207,5.82E-05,5.46E-05,,,0.035015282,0.058311594,0.43981244,0.323743049,0.003307515,0.002369384,,,0.025059392,0.0299372,,0.029052121,0.004519869,0.002276219
45,2013,0.007165324,0.007632897,0.000497045,0.000406653,,,0.001220218,0.001288916,,,0.067239477,0.009454864,0.372844188,0.487054422,0.125942663,0.127031738,0.001577658,0.002093431,4.94E-05,4.46E-05,,,0.000334299,0.00050327,0.024170199,0.019027566,0.000120317,0.007112247,0.000994623,0.001167939,0.090032554,0.090642175,0.000312193,0.000140287,4.87E-05,2.99E-05,0.00029709,0.000161367,,,0.007688672,0.005900707,0,0,0.406848362,0.350699819,0.073971604,0.021083299,0.000106085,7.85E-05,0.000335345,0.00043093,0.092910917,0.075773992,0.000503725,0,0.017109505,0.007504855,0.000246336,0.00024604,0.00142299,0.001006985,0,0.00144177,0.000142681,0.000216147,,,0.03124012,0.044447494,0.091659472,0.052168895,0.005196332,0.003395956,0.006514676,0.004317114,0.000977222,0.00086765,0.000112636,6.74E-05,,,0.039649959,0.065260255,0.471302829,0.346707224,0.00363912,0.00259966,,,0.025023182,0.030001366,,0.015983663,0.004174353,0.002105251
50,2013,0.007196046,0.007652834,0.000440156,0.000366694,,,0.001204805,0.001273676,,,0.062220381,0.009168154,0.435435091,0.577069588,0.151835872,0.15483285,0.00158824,0.002094298,4.03E-05,3.60E-05,,,0.000589821,0.000585791,0.039973125,0.030660013,0.000195839,0.007385099,0.002265338,0.002724001,0.111776327,0.106983272,0.000501808,0.000235531,2.51E-05,1.48E-05,0.00064395,0.000251371,,,0.007275222,0.006101138,0,0,0.407086332,0.358377436,0.085421325,0.024954943,6.27E-05,4.55E-05,0.000245081,0.000347758,0.120095556,0.098624845,0.001812157,0,0.016355529,0.006965688,0.000247124,0.000246987,0.001842175,0.001230277,0,0.000880389,0.000133302,0.000204175,,,0.031527493,0.045039166,0.093571095,0.04494888,0.005932196,0.003911472,0.006447951,0.004232722,0.000878084,0.000784413,0.000186187,9.12E-05,,,0.043211175,0.071626451,0.495043075,0.361610778,0.003981234,0.002838177,,,0.024992533,0.030143045,,0.011720858,0.003752658,0.001922141
55,2013,0.007075545,0.007493903,0.000408159,0.000337455,,,0.001164586,0.00123559,,,0.051967922,0.008600025,0.497181347,0.651021088,0.193098382,0.199403826,0.001552397,0.002014485,3.36E-05,3.06E-05,,,0.000637701,0.000515964,0.055122747,0.044388795,0.000243013,0.006478225,0.003839091,0.00481334,0.140355571,0.131673566,0.000788257,0.00039928,1.43E-05,8.06E-06,0.000878226,0.000264843,,,0.006876547,0.005207268,0,0,0.41916491,0.377195087,0.094279116,0.02824518,3.92E-05,2.82E-05,0.000167709,0.000273054,0.163032099,0.131664295,0.003289209,0,0.015589511,0.006439629,0.000243775,0.000243803,0.002282004,0.001463286,0,0.00030985,0.000125119,0.000193518,,,0.031844345,0.045107675,0.092353358,0.040505658,0.006554725,0.004356642,0.006418874,0.004175504,0.000823107,0.000722908,0.000256898,8.25E-05,,,0.046440045,0.074281699,0.522954001,0.38600466,0.004333112,0.003084952,,,0.025122978,0.030033049,,0.006440816,0.003348724,0.001745348
60,2013,0.00674648,0.007105978,0.000388873,0.00031089,,,0.001045614,0.001122567,,,0.041330262,0.007793246,0.552609659,0.707047097,0.256546449,0.267596699,0.001450625,0.001871032,2.75E-05,2.61E-05,,,0.000671038,0.000554763,0.07044576,0.058678291,0.000257345,0.006617445,0.006212454,0.008337302,0.177074076,0.168500531,0.001343434,0.000701978,9.42E-06,5.14E-06,0.000854221,0.000309714,,,0.006406499,0.003845263,0,0,0.445569233,0.408013212,0.101170546,0.031365622,2.63E-05,1.94E-05,0.000104958,0.000204904,0.21739998,0.173782997,0.006563609,0,0.01428711,0.006099781,0.000236301,0.000236384,0.003106162,0.002076933,0,0.000232015,0.000117962,0.000184057,,,0.032306263,0.044958757,0.092072514,0.039586117,0.007055052,0.004707757,0.006405869,0.004138906,0.000791137,0.000670557,0.000240275,9.21E-05,,,0.049559672,0.073527946,0.543661606,0.402008946,0.004695582,0.003340381,,,0.025180803,0.030052576,,0.005432503,0.00309921,0.001610764
65,2013,0.006153134,0.006453227,0.000375063,0.000277439,,,0.000827969,0.0009047,,,0.035304241,0.006599207,0.597078632,0.748428727,0.357976047,0.375765319,0.00150723,0.001807453,2.24E-05,2.19E-05,,,0.000548687,0.00051052,0.092543972,0.074669153,0.000266041,0.005555212,0.011071587,0.016197286,0.243406517,0.234602562,0.002753568,0.001379212,6.23E-06,3.33E-06,0.000667198,0.000278521,,,0.005598299,0.002976392,0,0,0.453803659,0.410860294,0.105846538,0.033987202,1.70E-05,1.33E-05,5.95E-05,0.000143854,0.270478251,0.222233096,0.007344319,0,0.0124111,0.006036615,0.000226784,0.000226892,0.004419454,0.003208214,0,0.00018062,0.000111734,0.000175658,,,0.032874937,0.0447629,0.093879889,0.040053904,0.007470938,0.005058279,0.006400338,0.004120075,0.0007701,0.00061485,0.000221011,8.16E-05,,,0.052713483,0.070003758,0.578015079,0.418927934,0.005069215,0.003605209,,,0.025487384,0.03035354,,0.003424929,0.002865241,0.001516601
70,2013,0.005362445,0.005607272,0.000369273,0.000255325,,,0.000601157,0.000658853,,,0.031053595,0.005448642,0.626925098,0.778596653,0.492807627,0.520156451,0.001578785,0.001814869,2.10E-05,2.06E-05,,,0.000480107,0.000457518,0.117579974,0.092489343,0.000282324,0.004793575,0.021284866,0.03293951,0.338596833,0.326229498,0.005151691,0.002651818,0,0,0.000641868,0.000259421,,,0.0045293,0.002492902,0,0,0.432059765,0.372619976,0.109923134,0.03682021,0,0,2.81E-05,9.11E-05,0.312325416,0.266138709,0.007418198,0,0.010662178,0.005982527,0.000215966,0.000216136,0.005771479,0.004398944,0,0.000143035,0.000106355,0.000168176,,,0.033421683,0.044610327,0.095636346,0.040583947,0.007716741,0.005237258,0.00639763,0.004112642,0.000762197,0.000584403,0.000199878,6.67E-05,,,0.054722398,0.064986823,0.593371526,0.437955276,0.00545457,0.003880567,,,0.025638163,0.030286641,,0.001887458,0.002614083,0.001431956
75,2013,0.004466224,0.004659375,0.000367976,0.000247316,,,0.000437137,0.000479862,,,0.02922491,0.004829386,0.638947036,0.80015986,0.644030336,0.67681945,0.001596253,0.001831923,2.06E-05,2.02E-05,,,0.000455441,0.000357621,0.141566253,0.112304682,0.000287249,0.0040568,0.040329039,0.062203731,0.416417358,0.405524338,0.008549412,0.004979785,0,0,0.000549078,0.000191326,,,0.003495473,0.002573583,0,0,0.412873383,0.340548252,0.113661509,0.039746774,0,0,1.03E-05,4.99E-05,0.319049007,0.274723643,0.006979094,0,0.009030722,0.005941459,0.00020256,0.000202706,0.007152961,0.005645435,0,0.000115141,0.000101704,0.000161507,,,0.03371959,0.044324548,0.09721076,0.040981481,0.007977882,0.00550918,0.006396197,0.004110218,0.000760644,0.000575917,0.000160772,4.00E-05,,,0.05199144,0.058907881,0.603330169,0.458866081,0.005851752,0.004166338,,,0.025762707,0.03011526,,0.001043314,0.002418815,0.001334231
80,2013,0.003593232,0.003743843,0.000367794,0.000245476,,,0.00032173,0.000353284,,,0.02706098,0.004313395,,,0.792294695,0.816772907,0.001681456,0.001821423,2.03E-05,1.99E-05,,,0.000409101,0.000331429,0.169424583,0.134379344,0.000321058,0.003734486,0.071575956,0.10841454,0.501288816,0.484476027,0.011429529,0.007162455,0,0,0.000471079,0.000176803,,,0.00268292,0.002897345,0,0,0.40645335,0.329238997,0.117253178,0.042453599,0,0,2.69E-06,2.10E-05,0.29271338,0.248655554,0.005892792,0,0.008396735,0.006218494,0.000187187,0.000187347,0.011216233,0.008181047,0,9.42E-05,9.77E-05,0.000155517,,,0.034092388,0.044208795,0.097568895,0.04030748,0.008152804,0.005733741,0.006394271,0.004107608,0.000760559,0.000574491,0.000114719,3.22E-05,,,0.047036632,0.054100473,0.60723393,0.480225526,0.006262287,0.004463561,,,0.025858963,0.029881904,,0.000613005,0.002210205,0.00128448
0,2014,0,0,0.002383068,0.001700543,,,0.007606808,0.007700591,,,0.000480036,0.000526247,,,0.000510435,0.000291241,0.006986228,0.00832404,0.000286218,0.000302065,,,0,0,0,0,0,0,0,0,0.005570095,0.003548249,0,0,0.000583082,0.000532235,0,0,,,0.000466985,0.000123162,0,0,0.151197592,0.143617442,0.001579335,0.001851612,0.002954631,0.001501564,0.001682807,0.001699582,0,0,0,0,0.013623086,0.013366626,1.02E-05,1.03E-05,0.003183993,0.002678794,0,0,0.001545503,0.002550242,,,0.001097199,0.001230615,0.001800762,0.001672329,0,0,0.035970455,0.02237375,0.005133483,0.004010101,0,0,,,0.022476414,0.030179078,0.013319879,0.011295345,0.022044718,0.017868693,,,4.95E-07,4.24E-07,,0,0.017181826,0.016075857
5,2014,0,0,0.001611338,0.00116636,,,0.003059848,0.003169158,,,0.00051107,0.000535574,,,0.002688133,0.002544587,0.002921973,0.00342266,0.000217405,0.000228315,,,0,0,0,0,0,0,0,0,0.011202619,0.009547469,0,0,0.0005177,0.000472695,0,0,,,0,0,0,0,0.167860513,0.157561767,0.002703731,0.00245793,0.001446895,0.000822438,0.001214936,0.001263197,0,0,0,0,0.018850924,0.015028032,5.91E-05,5.95E-05,0.001003681,0.000926237,0,0,0.000715118,0.001151682,,,0.0231377,0.028215308,0.007529562,0.011910303,0,0,0.009457069,0.006434667,0.002681802,0.002182464,0,0,,,0.042941106,0.04142292,0.013213225,0.011657308,0.002164005,0.001668209,,,0.001476648,0.001597679,,0,0.003224077,0.002576816
10,2014,0.000873515,0.000891646,0.001430183,0.001042678,,,0.002847569,0.002942593,,,0.001256514,0.000786226,,,0.015639786,0.015614575,0.002207668,0.002722458,0.000190796,0.000200231,,,0,0,0,0,0,0,0,0,0.014348706,0.012771599,0,0,0.000499708,0.000451708,0,0,,,1.08E-05,8.27E-06,0,0,0.23918363,0.204524952,0.004181789,0.003267572,0.001089538,0.000634125,0.001105301,0.001148796,0,0,0,0,0.028873657,0.018823572,0.000128089,0.000125405,0.000350655,0.000348989,0,7.20E-05,0.00047091,0.000721893,,,0.042580895,0.059635191,0.013386216,0.025066689,7.78E-05,0.000101666,0.009043743,0.006102381,0.00239178,0.001954552,0,0,,,0.060351533,0.063301788,0.019357655,0.016701474,0.001582554,0.001212479,,,0.012147317,0.013833138,,0,0.001596328,0.000990071
15,2014,0.004263923,0.004379084,0.001255344,0.000929993,,,0.002290913,0.002410846,,,0.011126012,0.002907459,,,0.042759622,0.042310197,0.001978465,0.002558655,0.000163583,0.000172326,,,5.88E-06,2.15E-05,0.002829033,0.002445078,3.72E-06,4.34E-05,0,0,0.021054925,0.021355788,0,0,0.000460046,0.000420063,0,0,,,0.017238886,0.006342027,0,0,0.312382539,0.261873046,0.008318764,0.004686741,0.000928747,0.000641315,0.000965232,0.001017158,0.013491974,0.010577721,0,0,0.02426426,0.013698799,0.000155046,0.000151631,0.000325847,0.00031794,0,0.003018038,0.000339523,0.000508371,,,0.043458002,0.060292516,0.028443483,0.047266528,0.000442583,0.000472553,0.008321966,0.005688541,0.002125276,0.001760319,4.96E-07,1.29E-06,,,0.040432016,0.051840007,0.100239433,0.069114237,0.001828619,0.001377561,,,0.029607499,0.035803303,,0.000729724,0.001640348,0.000895196
20,2014,0.005871644,0.006102788,0.001129007,0.000842234,,,0.001493357,0.001558697,,,0.035440609,0.006677689,,,0.066412851,0.066452359,0.001812872,0.002412161,0.000136021,0.00014203,,,1.78E-05,7.43E-05,0.004719596,0.003919624,7.59E-06,0.000305262,0,0,0.027789162,0.031345145,2.76E-06,1.14E-06,0.000396222,0.000362644,4.38E-06,6.40E-06,,,0.02304354,0.013309344,0,0,0.330848475,0.273815122,0.016383152,0.006648015,0.000615126,0.000705531,0.000843767,0.000892258,0.022234418,0.015776855,1.09E-05,0,0.021035174,0.010506956,0.00016955,0.00016669,0.000370691,0.000343961,0,0.004982117,0.00026332,0.000390707,,,0.037494994,0.052683754,0.052012309,0.058624708,0.001296844,0.001102275,0.007818296,0.005322009,0.001922459,0.001602289,1.20E-06,3.96E-06,,,0.022118929,0.033544356,0.250359512,0.177900302,0.002082768,0.001559658,,,0.027253101,0.033789502,,0.005257736,0.004672383,0.002473628
25,2014,0.006359942,0.006660983,0.001031812,0.000766419,,,0.001301977,0.001358527,,,0.053477245,0.008429531,,,0.079520379,0.079902354,0.00173141,0.002299719,0.000108683,0.0001087,,,6.33E-05,0.000105769,0.006821022,0.005640126,3.10E-05,0.000794886,0,0,0.034855015,0.041403932,1.88E-05,7.80E-06,0.000272731,0.000232305,1.46E-05,9.68E-06,,,0.019461005,0.014063328,0,0,0.330845236,0.264652172,0.02604574,0.008804207,0.00040799,0.00038137,0.000751654,0.000806167,0.031267486,0.021441449,2.26E-05,0,0.020025302,0.009853247,0.000189709,0.000187483,0.000498052,0.00043679,0,0.00475214,0.000217814,0.00032184,,,0.033928571,0.047365887,0.066945033,0.059862862,0.002247733,0.001669199,0.007561241,0.005125086,0.001755091,0.001447122,6.01E-06,6.89E-06,,,0.019018502,0.033285332,0.315674412,0.228082844,0.002355953,0.001756262,,,0.02632536,0.031068338,,0.00907239,0.005145777,0.002593456
30,2014,0.00643931,0.006770726,0.000937788,0.000692666,,,0.001270535,0.001330515,,,0.062923601,0.009137144,0.22541214,0.215719098,0.092331979,0.09275637,0.001687468,0.002234171,8.63E-05,8.39E-05,,,0.000134363,0.000298832,0.008898555,0.007465653,4.74E-05,0.00337557,0,0,0.042325622,0.050703419,5.14E-05,2.16E-05,0.000154128,0.000113808,3.94E-05,3.13E-05,,,0.01300277,0.010980356,0,0,0.343181171,0.278919567,0.037271785,0.011345111,0.000277985,0.000228889,0.000647095,0.000716718,0.041539876,0.028818471,3.41E-05,0,0.01913399,0.009247407,0.000209903,0.00020832,0.000625234,0.000530024,0,0.005134964,0.000188644,0.000278512,,,0.032269801,0.04478164,0.077290501,0.061959343,0.003200398,0.002199129,0.007235169,0.004823292,0.001592167,0.001291264,1.66E-05,2.35E-05,,,0.021446933,0.040902912,0.370035231,0.267032805,0.002644228,0.001962085,,,0.025745361,0.03014665,,0.027828871,0.004899716,0.002507932
35,2014,0.006639316,0.007015532,0.00080528,0.000609886,,,0.001251413,0.001312963,,,0.067140819,0.009405012,0.262398194,0.295040093,0.103605117,0.103564222,0.001679696,0.002161339,7.03E-05,6.61E-05,,,0.000124951,0.000457376,0.010874464,0.009339151,4.74E-05,0.006201373,0,0,0.052122422,0.060955758,0.000103286,4.42E-05,9.85E-05,6.54E-05,4.61E-05,5.58E-05,,,0.009763201,0.008213223,0,0,0.375346524,0.310289296,0.04889127,0.014002519,0.000199798,0.000153747,0.000538808,0.000615569,0.055259594,0.040615936,3.68E-05,0,0.018301526,0.008657601,0.00022795,0.000226892,0.000751799,0.000622683,0,0.004222383,0.000167806,0.000248808,,,0.031372301,0.043707767,0.081320082,0.059391016,0.003988607,0.002609051,0.006954706,0.004625697,0.001382233,0.00114405,2.03E-05,4.14E-05,,,0.026439626,0.048404776,0.408128387,0.298355562,0.00294667,0.00217589,,,0.02530121,0.029982361,,0.036971289,0.00472395,0.002418854
40,2014,0.006970755,0.007408352,0.000668492,0.000530272,,,0.001238707,0.001300922,,,0.06915611,0.009511508,0.311185219,0.388035953,0.112476165,0.112571154,0.001609749,0.002107791,5.70E-05,5.19E-05,,,0.000196517,0.000489533,0.014226707,0.012131336,7.67E-05,0.007688149,0.000156595,0.000182841,0.069639181,0.075527595,0.000181814,7.94E-05,7.38E-05,4.68E-05,0.0001208,0.000121793,,,0.008444149,0.006272748,0,0,0.393693144,0.328370438,0.061057965,0.017088139,0.000150466,0.000113887,0.000437852,0.000520364,0.072662889,0.056827101,0.000123108,0,0.01749237,0.008079287,0.000241848,0.000241208,0.000987646,0.00076383,0,0.002763896,0.000152776,0.000227952,,,0.030964177,0.043605826,0.085655058,0.05641653,0.004650375,0.003020435,0.00671811,0.004465706,0.001171546,0.001012934,4.81E-05,5.33E-05,,,0.032731286,0.055906036,0.440372574,0.323676581,0.003261659,0.002397252,,,0.02509872,0.029901663,,0.028701191,0.004535568,0.002256712
45,2014,0.007165377,0.007632921,0.0005637,0.000469179,,,0.001227221,0.001289462,,,0.066801668,0.009370549,0.369024172,0.485090038,0.126287275,0.127376597,0.001578223,0.002098242,4.66E-05,4.18E-05,,,0.000279998,0.000494254,0.0240466,0.018948148,0.00010372,0.0070495,0.000992088,0.001165182,0.089432871,0.089966049,0.000314099,0.000140873,4.96E-05,2.99E-05,0.000240332,0.000153906,,,0.00770606,0.005882793,0,0,0.397654788,0.336550965,0.072159079,0.020245093,0.000106652,7.84E-05,0.000338537,0.000432392,0.093874002,0.07591287,0.000422039,0,0.016692333,0.007510081,0.000247587,0.000247216,0.001373729,0.000970827,0,0.001398449,0.000141901,0.000214067,,,0.03114195,0.044306268,0.090180588,0.051816745,0.005237093,0.00340559,0.006586451,0.004372132,0.001003499,0.000903628,9.20E-05,6.55E-05,,,0.037479373,0.061563868,0.471923613,0.347424811,0.003587517,0.002626446,,,0.025082579,0.02998791,,0.015712539,0.004195451,0.002073711
50,2014,0.007196048,0.007652877,0.00049569,0.000423234,,,0.001212776,0.001275215,,,0.061590881,0.009103248,0.431628553,0.575103372,0.151987286,0.155378322,0.001589174,0.002099779,3.80E-05,3.38E-05,,,0.000525702,0.000579912,0.039757844,0.030505494,0.000178532,0.007354289,0.002265451,0.002723057,0.110862008,0.10616482,0.000506078,0.000236498,2.58E-05,1.49E-05,0.000557631,0.000241825,,,0.007291037,0.006088764,0,0,0.397612989,0.345084385,0.083296946,0.023934552,6.30E-05,4.55E-05,0.000248123,0.000349118,0.121073691,0.098944458,0.001618747,0,0.015887764,0.006955803,0.000248324,0.000248164,0.001780269,0.001187141,0,0.000859494,0.000132839,0.00020267,,,0.031473204,0.04495401,0.091898946,0.044539935,0.005974326,0.003919004,0.006510845,0.004278329,0.000891633,0.000813783,0.000162448,8.93E-05,,,0.041256547,0.065674029,0.495728175,0.363287246,0.00392401,0.002863932,,,0.025079892,0.030160909,,0.011625638,0.003779435,0.001907204
55,2014,0.007075628,0.007493936,0.000456106,0.000388346,,,0.001174176,0.001238873,,,0.051254281,0.008515087,0.493553486,0.649226568,0.193245642,0.200135317,0.001553587,0.002020601,3.17E-05,2.88E-05,,,0.000596423,0.000511938,0.054895443,0.044177359,0.00023112,0.006439193,0.003840088,0.004810547,0.139191627,0.130686325,0.000798066,0.00040055,1.47E-05,8.13E-06,0.000799243,0.000256095,,,0.006888116,0.005193575,0,0,0.411779922,0.367408695,0.091912237,0.027108676,3.94E-05,2.82E-05,0.000170032,0.000274199,0.163838841,0.132403572,0.003087154,0,0.015068875,0.00641188,0.000245311,0.000245304,0.002206913,0.0014124,0,0.000292511,0.000124925,0.000192493,,,0.031828241,0.045106021,0.090502484,0.040051003,0.006594707,0.004361901,0.006478009,0.004213972,0.000826532,0.000745274,0.00023533,8.12E-05,,,0.044355495,0.067745564,0.523534692,0.387536418,0.004270562,0.003109736,,,0.025253902,0.030110951,,0.006392062,0.003362773,0.001736353
60,2014,0.006746546,0.007105993,0.000431544,0.000355536,,,0.001057296,0.001128492,,,0.040622373,0.007697689,0.549397235,0.705603349,0.256799966,0.268237399,0.001451015,0.00187687,2.60E-05,2.46E-05,,,0.000649151,0.0005532,0.070196143,0.058392583,0.000251493,0.006571568,0.00620145,0.008334547,0.175725657,0.16737357,0.001365796,0.000703552,9.68E-06,5.18E-06,0.000806281,0.000301294,,,0.006415695,0.003829362,0,0,0.440517792,0.401836844,0.098633274,0.030124872,2.65E-05,1.94E-05,0.000106358,0.000205704,0.21786431,0.174940284,0.006381868,0,0.013785409,0.006070419,0.000237929,0.00023802,0.003001236,0.001999114,0,0.000218659,0.000117989,0.000183422,,,0.032320276,0.045044377,0.090091865,0.039095042,0.007096939,0.004709946,0.006463613,0.004171708,0.000786991,0.000684808,0.0002281,9.13E-05,,,0.047277405,0.067873223,0.544335807,0.404186287,0.004627741,0.00336412,,,0.02534026,0.030156642,,0.005438372,0.00313035,0.001613982
65,2014,0.006153167,0.006453235,0.00041339,0.000313215,,,0.00083889,0.000911443,,,0.034713606,0.006511107,0.5946977,0.747559044,0.358215075,0.37647651,0.001507097,0.001812912,2.11E-05,2.06E-05,,,0.000539743,0.000513519,0.091986743,0.074288866,0.000262779,0.005528958,0.011037446,0.016195258,0.242297128,0.233735892,0.002808459,0.001380254,6.41E-06,3.36E-06,0.000642737,0.000273636,,,0.005611878,0.002962068,0,0,0.448135647,0.404593351,0.103209996,0.032676345,1.72E-05,1.33E-05,6.02E-05,0.000144367,0.270248442,0.222941304,0.007271274,0,0.012013332,0.006024325,0.000228198,0.000228321,0.00426397,0.003080185,0,0.000169928,0.000111942,0.000175355,,,0.032943055,0.044951568,0.091782278,0.039521649,0.007518272,0.005056844,0.006457645,0.004149595,0.000759889,0.000618243,0.000213977,8.23E-05,,,0.050917964,0.065619188,0.579121886,0.422049493,0.004996211,0.003627915,,,0.025563638,0.030366658,,0.003487096,0.002893028,0.001515943
70,2014,0.005362461,0.005607278,0.00040563,0.000284713,,,0.000609159,0.000664102,,,0.030606302,0.005374224,0.625945712,0.778555744,0.492641902,0.521216558,0.001578397,0.001820148,1.98E-05,1.94E-05,,,0.000472636,0.000461562,0.116419073,0.092019899,0.000278564,0.004763492,0.021243403,0.032923918,0.338295769,0.326044185,0.005260532,0.002656069,0,0,0.000619499,0.000256338,,,0.004547022,0.00248194,0,0,0.422896604,0.361942919,0.107213342,0.035422914,0,0,2.85E-05,9.14E-05,0.3112234,0.265767801,0.007325763,0,0.010352204,0.00598796,0.000217496,0.000217686,0.005565704,0.004222793,0,0.000134328,0.000106714,0.000168155,,,0.033532874,0.044864054,0.093420735,0.040009383,0.007765046,0.005234366,0.006454719,0.004140497,0.000749468,0.00058094,0.000193607,6.71E-05,,,0.05380846,0.061886848,0.59437676,0.440274491,0.005376663,0.003902335,,,0.025666402,0.030246945,,0.001911849,0.002631176,0.00142768
75,2014,0.004466232,0.004659378,0.000403872,0.000274152,,,0.000443184,0.000484093,,,0.028849416,0.00477712,0.640089119,0.801203024,0.6431768,0.677921995,0.001595795,0.001837088,1.94E-05,1.91E-05,,,0.000447176,0.000362166,0.140080133,0.111739999,0.000282141,0.004025167,0.040223813,0.062137975,0.41626915,0.405110985,0.008721147,0.005005058,0,0,0.000529057,0.000191051,,,0.003506089,0.002571334,0,0,0.401228467,0.327019614,0.110895293,0.038261016,0,0,1.05E-05,5.00E-05,0.317644707,0.273860417,0.006859428,0,0.008794813,0.00596382,0.000204472,0.000204638,0.006899012,0.005424574,0,0.000107935,0.000102184,0.00016174,,,0.033839754,0.044576731,0.094863644,0.040361304,0.008029382,0.005507466,0.006453268,0.004137688,0.00074741,0.000570175,0.000155525,4.06E-05,,,0.051615473,0.05693508,0.604459543,0.460686647,0.005769136,0.004187124,,,0.025835887,0.03013386,,0.00106432,0.002435421,0.001336531
80,2014,0.003593236,0.003743844,0.000403625,0.000271694,,,0.000326598,0.000356781,,,0.026700679,0.00428472,,,0.791606589,0.817574104,0.001680957,0.00182654,1.92E-05,1.88E-05,,,0.000403384,0.000333826,0.167952035,0.133813522,0.00031546,0.003683933,0.071410043,0.108193638,0.501036206,0.483970248,0.011690876,0.007223501,0,0,0.000458598,0.000176436,,,0.002686092,0.00290099,0,0,0.393340166,0.315986783,0.114465815,0.040926687,0,0,2.75E-06,2.11E-05,0.2916133,0.247963291,0.005794953,0,0.008221204,0.006266506,0.000189068,0.00018923,0.010856582,0.00791517,0,8.81E-05,9.83E-05,0.000156015,,,0.034187998,0.044427199,0.095167187,0.039665324,0.008207342,0.005733631,0.006451213,0.004135167,0.000747288,0.000568341,0.000112047,3.26E-05,,,0.046879947,0.053039315,0.608362568,0.481585538,0.006175109,0.004483495,,,0.025957032,0.029933948,,0.000621527,0.002225289,0.001289735
0,2015,0,0,0.002520295,0.001793187,,,0.007566333,0.007673623,,,0.000479997,0.000526694,,,0.000516946,0.000294695,0.006990308,0.008333495,0.000275432,0.000289148,,,0,0,0,0,0,0,0,0,0.005601716,0.003576248,0,0,0.000580331,0.0005258,0,0,,,0.000468983,0.000123361,0,0,0.148561646,0.140740557,0.00157655,0.00182609,0.00294379,0.001490561,0.001673167,0.001694127,0,0,0,0,0.012152783,0.012232571,1.03E-05,1.04E-05,0.002897227,0.002460581,0,0,0.001535912,0.002506751,,,0.001118797,0.00126513,0.001821035,0.001674732,0,0,0.036082296,0.022418783,0.005184663,0.004042591,0,0,,,0.022600247,0.030290843,0.014235675,0.012071093,0.021778672,0.017519777,,,5.05E-07,4.32E-07,,0,0.01720939,0.016085886
5,2015,0,0,0.001736167,0.001254823,,,0.003065262,0.00316734,,,0.000509864,0.000535426,,,0.002700398,0.00255602,0.002927551,0.00343248,0.000209579,0.00021926,,,0,0,0,0,0,0,0,0,0.011233321,0.009568219,0,0,0.000514987,0.000467035,0,0,,,0,0,0,0,0.164897866,0.1542964,0.002717477,0.002455373,0.001442472,0.000816248,0.001210826,0.00126268,0,0,0,0,0.017184087,0.014999642,5.96E-05,6.00E-05,0.000933891,0.000873675,0,0,0.00069809,0.001110246,,,0.023442388,0.028657996,0.007562137,0.011933246,0,0,0.009634245,0.006544963,0.002782157,0.002258209,0,0,,,0.042947852,0.041493275,0.012991856,0.011480123,0.00219949,0.001713527,,,0.001488006,0.001605038,,0,0.00322731,0.002581345
10,2015,0.000875911,0.000892693,0.001546425,0.001124014,,,0.002856296,0.002940659,,,0.001257805,0.000785344,,,0.015694461,0.015680746,0.002211404,0.002726934,0.000184064,0.000192382,,,0,0,0,0,0,0,0,0,0.014384857,0.012783739,0,0,0.000497258,0.000446148,0,0,,,1.08E-05,8.23E-06,0,0,0.231584462,0.197634644,0.004180421,0.003261168,0.001086577,0.000629001,0.001101938,0.001148027,0,0,0,0,0.026771143,0.018946077,0.000130191,0.000127178,0.000329731,0.000331487,0,7.18E-05,0.000460573,0.000699791,,,0.042867461,0.059896492,0.013402137,0.025098716,7.81E-05,0.000101839,0.009204258,0.006198834,0.002483836,0.00202277,0,0,,,0.0601979,0.063391409,0.018671432,0.016146836,0.001567413,0.001228935,,,0.012185774,0.013812786,,0,0.001584363,0.000981098
15,2015,0.004273565,0.004381819,0.001360993,0.001006214,,,0.002297467,0.002407418,,,0.011137474,0.002901991,,,0.042886898,0.04247854,0.001981635,0.002561885,0.00015785,0.000165696,,,5.86E-06,2.15E-05,0.002832176,0.002436919,3.69E-06,4.36E-05,0,0,0.021103832,0.021310933,0,0,0.000457958,0.000415065,0,0,,,0.017281042,0.006342872,0,0,0.299408689,0.250769583,0.008234366,0.004651148,0.000926405,0.000636216,0.000961791,0.00101596,0.013627012,0.010610774,0,0,0.023358508,0.013769756,0.000158216,0.000154405,0.00031216,0.00030575,0,0.002983103,0.00033367,0.00049636,,,0.043549875,0.059988894,0.02830352,0.047285461,0.000443971,0.000473454,0.008448194,0.005765603,0.002205038,0.001820857,5.21E-07,1.29E-06,,,0.039870681,0.051748427,0.091106371,0.0618402,0.001805663,0.001392607,,,0.0296317,0.03557786,,0.000721613,0.0013413,0.000726644
20,2015,0.00587772,0.006104079,0.001226874,0.000917539,,,0.001495493,0.001554143,,,0.035441645,0.00666279,,,0.066584304,0.066661071,0.001813996,0.002414651,0.00013128,0.000136694,,,1.81E-05,7.72E-05,0.0047184,0.003899763,7.71E-06,0.000319644,0,0,0.027802569,0.031238215,2.80E-06,1.14E-06,0.000394464,0.000358781,4.35E-06,6.51E-06,,,0.02308602,0.013305195,0,0,0.317019837,0.262616414,0.016096051,0.006544479,0.000613419,0.000700503,0.000839644,0.000890789,0.022408911,0.015859378,1.10E-05,0,0.020847948,0.010534455,0.000171571,0.000168502,0.000358451,0.000332852,0,0.004968609,0.000259777,0.000383925,,,0.037599743,0.052732127,0.051588165,0.058575463,0.00129965,0.001104502,0.007914074,0.005386006,0.001991536,0.001659018,1.29E-06,4.15E-06,,,0.021136581,0.033108639,0.249794466,0.177405712,0.002051276,0.001573584,,,0.02733537,0.033652674,,0.005430579,0.004635887,0.002418488
25,2015,0.006363677,0.006661565,0.001125498,0.000843439,,,0.001303826,0.001355272,,,0.053514059,0.008403618,,,0.079618947,0.080060083,0.001731918,0.002302024,0.00010495,0.000104709,,,6.16E-05,0.000104071,0.006818546,0.00560854,3.03E-05,0.000793253,0,0,0.034831711,0.041194668,1.90E-05,7.79E-06,0.000271837,0.00023023,1.40E-05,9.41E-06,,,0.019481109,0.014032097,0,0,0.31975398,0.254648477,0.02553721,0.00861741,0.000407186,0.000379282,0.000748104,0.000805576,0.031409687,0.02156412,2.21E-05,0,0.019792886,0.009874507,0.00019051,0.000188114,0.000480539,0.000421112,0,0.004685821,0.000215711,0.000317965,,,0.033985026,0.047606714,0.066282111,0.059752381,0.002253517,0.00167328,0.007650237,0.005192358,0.001818698,0.001505022,6.24E-06,6.87E-06,,,0.018038787,0.032401897,0.315951759,0.227526419,0.002317431,0.001769507,,,0.026407021,0.031058427,,0.008938168,0.005148482,0.002574862
30,2015,0.006441696,0.006770932,0.001028814,0.000771141,,,0.001272657,0.001328317,,,0.062931947,0.009090785,0.222671214,0.214457835,0.092371776,0.092867414,0.001687934,0.002236679,8.36E-05,8.09E-05,,,0.000123304,0.000289082,0.008896803,0.007425065,4.37E-05,0.003305042,0,0,0.042227452,0.050366779,5.18E-05,2.16E-05,0.000153878,0.000113006,3.56E-05,2.98E-05,,,0.012993394,0.010912639,0,0,0.331853673,0.268084836,0.036518267,0.01106464,0.00027775,0.000227976,0.000645058,0.000717162,0.041693439,0.028968775,3.17E-05,0,0.018855681,0.009263432,0.000210367,0.000208634,0.000602335,0.000509832,0,0.005088735,0.000187434,0.0002761,,,0.032242364,0.0449091,0.076458359,0.061774803,0.003214263,0.002204955,0.007311963,0.004884172,0.001653368,0.001351161,1.62E-05,2.30E-05,,,0.020509947,0.039576421,0.370422876,0.266817937,0.002599602,0.001974769,,,0.025828734,0.030170208,,0.026971978,0.004878889,0.002493467
35,2015,0.00664066,0.007015542,0.00089206,0.00068611,,,0.001253749,0.001311493,,,0.067002816,0.00930991,0.259129575,0.293317214,0.103680596,0.103627591,0.001680215,0.002164132,6.82E-05,6.38E-05,,,0.000105154,0.000425882,0.010870549,0.009295909,4.05E-05,0.005842936,0,0,0.051897519,0.060492402,0.000103844,4.42E-05,9.86E-05,6.51E-05,3.78E-05,5.07E-05,,,0.009757502,0.008154219,0,0,0.364394649,0.298755777,0.047928626,0.013615796,0.000199889,0.000153331,0.000539126,0.000616522,0.055497035,0.04075194,3.16E-05,0,0.017978818,0.008668597,0.000228273,0.000227084,0.000723408,0.00059805,0,0.004165094,0.000167087,0.000247192,,,0.031315005,0.043735212,0.080328626,0.059151003,0.00400956,0.002616299,0.007022936,0.004680235,0.001440737,0.001201978,1.81E-05,3.89E-05,,,0.025501984,0.047115256,0.40855124,0.298622319,0.002896376,0.002188039,,,0.025374601,0.029989643,,0.03447964,0.004719775,0.002405059
40,2015,0.006971326,0.007408338,0.000746328,0.000600963,,,0.001241279,0.001300105,,,0.06883589,0.009388767,0.307533605,0.385919021,0.112591877,0.112754575,0.001610374,0.002110971,5.54E-05,5.02E-05,,,0.000170063,0.000478125,0.014200848,0.01208526,6.73E-05,0.007597889,0.000156325,0.000182467,0.069272901,0.074995171,0.000182467,7.96E-05,7.44E-05,4.67E-05,0.000101638,0.000115999,,,0.008450423,0.006241592,0,0,0.383904377,0.316469297,0.059868706,0.016578361,0.000150845,0.00011374,0.000440084,0.000521345,0.073055782,0.056931298,0.000107778,0,0.017126512,0.008085762,0.000242583,0.000241805,0.000950192,0.000733941,0,0.002697737,0.000152329,0.000226829,,,0.030870312,0.04352562,0.084415839,0.056115018,0.004679086,0.003026715,0.006770283,0.004509468,0.001221675,0.001065304,4.40E-05,5.25E-05,,,0.031766866,0.054780258,0.440732824,0.323657438,0.003206348,0.002408935,,,0.025164613,0.029899226,,0.028058058,0.004539928,0.002244929
45,2015,0.00716545,0.007632932,0.000628337,0.000533153,,,0.001230075,0.00128928,,,0.066308038,0.00927155,0.365166551,0.482735952,0.126402256,0.127629577,0.001579041,0.002101835,4.53E-05,4.06E-05,,,0.000236182,0.000481821,0.02394372,0.018878529,8.96E-05,0.00696526,0.000990787,0.00116383,0.088871997,0.089347776,0.000315159,0.000141348,5.03E-05,3.00E-05,0.000195914,0.000146186,,,0.007716056,0.005868999,0,0,0.388381555,0.324129851,0.07075061,0.019617649,0.000107174,7.85E-05,0.000341661,0.000433163,0.094394035,0.076017483,0.000357725,0,0.016284581,0.007511457,0.000248693,0.000248244,0.001322526,0.000934445,0,0.001361613,0.000141619,0.000213243,,,0.031037864,0.04414074,0.088709765,0.051457522,0.005266766,0.003409065,0.00662576,0.00440746,0.001039472,0.000948905,8.15E-05,6.45E-05,,,0.036543292,0.059930228,0.472274549,0.348033006,0.003528024,0.002637679,,,0.025167762,0.030003226,,0.015282564,0.004201895,0.002058032
50,2015,0.007196015,0.007652909,0.000548181,0.000480316,,,0.001216049,0.001275702,,,0.060961159,0.009026037,0.427757292,0.572721726,0.152009294,0.155728353,0.001590316,0.002103835,3.70E-05,3.29E-05,,,0.000466865,0.000570674,0.03959674,0.030406322,0.000161333,0.007311188,0.002265689,0.00272293,0.110021388,0.105408445,0.000508234,0.000237313,2.62E-05,1.50E-05,0.000481198,0.000232067,,,0.007299453,0.006080911,0,0,0.388616398,0.333253897,0.081654711,0.023176293,6.33E-05,4.55E-05,0.000251206,0.000349855,0.121679824,0.099138371,0.001445841,0,0.015438779,0.006942573,0.000249478,0.000249284,0.001714723,0.001143575,0,0.000840947,0.000132692,0.000202085,,,0.031405294,0.044824191,0.090228426,0.044124927,0.006005641,0.003919115,0.006541572,0.00430598,0.000912973,0.000850954,0.000152072,8.88E-05,,,0.040347283,0.063148956,0.496144794,0.364466951,0.003861317,0.002874737,,,0.025195393,0.030208717,,0.011427883,0.00378927,0.001899252
55,2015,0.00707566,0.00749396,0.000500396,0.000439166,,,0.001178192,0.001240351,,,0.050613689,0.008425779,0.48983625,0.647013278,0.19323477,0.200568318,0.001554993,0.00202502,3.09E-05,2.80E-05,,,0.000553476,0.000505079,0.054746406,0.044077325,0.000217361,0.006389482,0.003841042,0.004809053,0.138134391,0.129762388,0.000802877,0.000401384,1.50E-05,8.18E-06,0.000723078,0.000246746,,,0.006893796,0.005185052,0,0,0.405096721,0.358357774,0.090081953,0.026264615,3.95E-05,2.83E-05,0.00017236,0.000274824,0.164469062,0.13286854,0.002885819,0,0.014577601,0.006376526,0.000246706,0.000246648,0.002126492,0.001360925,0,0.000278698,0.000124901,0.000192114,,,0.031807211,0.045073394,0.088648386,0.039592605,0.00662455,0.004358387,0.006504499,0.004235529,0.000836567,0.000774403,0.00023073,8.10E-05,,,0.043394999,0.064970596,0.523963429,0.388700625,0.004205931,0.003120134,,,0.025418928,0.030219792,,0.006289671,0.003366587,0.0017303
60,2015,0.006746591,0.007106005,0.00047003,0.000399416,,,0.001062375,0.001131418,,,0.040072906,0.007602693,0.546075986,0.703750866,0.256839831,0.268666942,0.001451859,0.00188116,2.53E-05,2.40E-05,,,0.000625842,0.000547352,0.070060615,0.058275864,0.000243963,0.006515408,0.006196549,0.008331292,0.174528424,0.166313639,0.00137519,0.000704567,9.88E-06,5.22E-06,0.00076045,0.000291513,,,0.006419867,0.003819231,0,0,0.436059161,0.395821433,0.096667362,0.029195953,2.66E-05,1.95E-05,0.000107838,0.000206129,0.218331157,0.175749478,0.006209019,0,0.013308917,0.006031989,0.000239446,0.000239553,0.002889956,0.001921176,0,0.00020797,0.000118093,0.000183212,,,0.032327746,0.045095851,0.088113481,0.038601256,0.007128079,0.004702681,0.006488189,0.004187826,0.000788613,0.000704651,0.00023286,9.15E-05,,,0.046258982,0.06541412,0.544881651,0.405720145,0.004562439,0.003374078,,,0.02552013,0.030289294,,0.005377838,0.003143118,0.00161438
65,2015,0.006153193,0.006453242,0.00044697,0.000346849,,,0.000843664,0.000914706,,,0.034218361,0.006423591,0.592195314,0.746295624,0.358209049,0.377053314,0.001507623,0.001816626,2.06E-05,2.01E-05,,,0.000530077,0.000513564,0.091705999,0.074133628,0.000258282,0.005499496,0.011018192,0.016191472,0.24122585,0.23289501,0.002831293,0.001381382,6.55E-06,3.39E-06,0.000619201,0.000267847,,,0.005618613,0.002951856,0,0,0.443213752,0.3985331,0.101161848,0.031685986,1.73E-05,1.34E-05,6.10E-05,0.000144629,0.270265648,0.223529525,0.007207153,0,0.011621714,0.006007006,0.000229562,0.000229709,0.004102296,0.002953529,0,0.000161344,0.000112184,0.000175289,,,0.033002483,0.045117596,0.089693738,0.038988486,0.007553261,0.00504598,0.006482087,0.004163202,0.000754383,0.000625174,0.000222939,8.33E-05,,,0.05011437,0.063734469,0.579906634,0.424064677,0.004931938,0.003637439,,,0.025675647,0.030419195,,0.0034824,0.002905006,0.001514103
70,2015,0.005362476,0.005607283,0.000436974,0.000310838,,,0.000612664,0.000666633,,,0.030192797,0.005302518,0.624836655,0.778132787,0.492246998,0.522009939,0.001578746,0.001823567,1.92E-05,1.89E-05,,,0.000464782,0.000464339,0.115931971,0.091830765,0.000273805,0.004748702,0.021216341,0.032913528,0.337763021,0.325706064,0.005306026,0.002659484,0,0,0.000597649,0.000253013,,,0.004556479,0.002473533,0,0,0.414311814,0.352448995,0.105108543,0.034366337,0,0,2.89E-05,9.16E-05,0.31074468,0.265671183,0.007257781,0,0.010035202,0.005988512,0.000218896,0.000219095,0.005353675,0.004049517,0,0.000127328,0.000107072,0.00016823,,,0.033639747,0.045090027,0.091221994,0.039434697,0.00780109,0.005221809,0.006479843,0.004152454,0.000740888,0.000579548,0.00020196,6.83E-05,,,0.053370462,0.060574949,0.59522491,0.441934016,0.005315574,0.003911465,,,0.025727695,0.030248605,,0.001917755,0.002638439,0.001423462
75,2015,0.004466239,0.004659382,0.000434698,0.000297282,,,0.000445851,0.000486068,,,0.028517378,0.004728352,0.641084322,0.801859105,0.64248873,0.678642605,0.001596103,0.001840406,1.89E-05,1.86E-05,,,0.000439853,0.00036525,0.139463002,0.111515442,0.000276857,0.004008089,0.040163448,0.062104877,0.415861664,0.404708716,0.008793005,0.005024074,0,0,0.00051167,0.000189672,,,0.003511249,0.002568344,0,0,0.390061493,0.315422172,0.108736487,0.037148774,0,0,1.07E-05,5.02E-05,0.317060677,0.273495773,0.006782084,0,0.008543839,0.005973024,0.00020619,0.000206393,0.006638121,0.005207644,0,0.00010214,0.000102645,0.000161977,,,0.033948746,0.044794989,0.092550597,0.03974241,0.008067494,0.005495821,0.006478448,0.004149069,0.00073814,0.000565908,0.000162514,4.16E-05,,,0.051428146,0.056091002,0.605427766,0.462103767,0.005713852,0.004195842,,,0.025939603,0.030187272,,0.001074445,0.002442242,0.001337066
80,2015,0.00359324,0.003743846,0.000434398,0.000294133,,,0.000328729,0.000358355,,,0.026415202,0.004257877,,,0.791066169,0.818218262,0.001681258,0.001829841,1.87E-05,1.83E-05,,,0.000397157,0.00033588,0.167339276,0.133589843,0.00030939,0.003653065,0.071308416,0.108071238,0.500652774,0.483500856,0.011800796,0.007270477,0,0,0.00044628,0.000175851,,,0.002686992,0.002902469,0,0,0.380924915,0.304414537,0.11229661,0.03979148,0,0,2.82E-06,2.12E-05,0.29122759,0.247685957,0.005714478,0,0.008024469,0.006286452,0.000190877,0.000191049,0.010477767,0.007652,0,8.33E-05,9.88E-05,0.00015647,,,0.03427385,0.044611576,0.092805407,0.039024113,0.008248433,0.005723453,0.006476155,0.004146419,0.00073782,0.000563495,0.00011773,3.35E-05,,,0.046813825,0.052539554,0.609423371,0.482733486,0.00612671,0.004491855,,,0.026087556,0.030022795,,0.00062578,0.002231555,0.001290899
0,2016,0,0,0.00266099,0.001899652,,,0.007589644,0.007694708,,,0.00047928,0.000526762,,,0.000521161,0.000297529,0.007016065,0.008373893,0.000272115,0.000284903,,,0,0,0,0,0,0,0,0,0.005624505,0.003602489,0,0,0.000581215,0.00052345,0,0,,,0.000471095,0.00012369,2.15E-07,1.55E-07,0.146240448,0.138262013,0.001570129,0.001804779,0.002942553,0.001488914,0.001655803,0.00168358,0,0,0,0,0.010342706,0.010640925,1.04E-05,1.05E-05,0.002563234,0.002189727,0,0,0.001539211,0.002473476,,,0.001134676,0.001293497,0.001807008,0.00166351,0,0,0.036184413,0.022486651,0.005271518,0.004112857,0,0,,,0.022717171,0.03042372,0.015253679,0.01291775,0.021396377,0.017112399,,,5.25E-07,4.48E-07,,0,0.017269488,0.01612217
5,2016,0,0,0.001875091,0.00136515,,,0.003063396,0.003162541,,,0.000508325,0.000535273,,,0.002709504,0.002566316,0.002939512,0.003443902,0.000207341,0.000216548,,,0,0,0,0,0,0,0,0,0.011262471,0.009598935,0,0,0.000515507,0.000464806,0,0,,,0,0,3.37E-07,2.43E-07,0.162704297,0.151727526,0.002723573,0.002452086,0.001443154,0.000815236,0.001202235,0.001259819,0,0,0,0,0.015275019,0.01428402,6.02E-05,6.04E-05,0.000851626,0.000814879,0,0,0.000692954,0.001088991,,,0.023808079,0.029213025,0.007545739,0.011934112,0,0,0.009751487,0.006615469,0.002936982,0.002387726,0,0,,,0.042933748,0.041598742,0.013281215,0.011672314,0.002152306,0.001649653,,,0.001492486,0.001605364,,0,0.003243879,0.002587775
10,2016,0.000878422,0.000893851,0.001683793,0.001231569,,,0.002855407,0.002935021,,,0.00125781,0.000784483,,,0.015745823,0.015722068,0.002218227,0.002731747,0.000182287,0.000189951,,,0,0,0,0,0,0,0,0,0.014425392,0.012811255,0,0,0.000497867,0.00044387,0,0,,,1.09E-05,8.27E-06,3.87E-07,2.75E-07,0.225399247,0.191821849,0.004181554,0.003256746,0.001087656,0.000627891,0.001094921,0.001145447,0,0,0,0,0.024722021,0.018408836,0.000132175,0.000128798,0.000306133,0.000311513,0,7.14E-05,0.00045674,0.00069037,,,0.04334895,0.060610108,0.013345734,0.025095982,7.79E-05,0.000101771,0.009309533,0.00626113,0.002638979,0.002152215,0,0,,,0.06019663,0.063527241,0.017819729,0.015421533,0.001492731,0.001169546,,,0.01223399,0.013801232,,0,0.00156743,0.000968329
15,2016,0.004281725,0.004384392,0.001489871,0.001111037,,,0.002294636,0.002400668,,,0.011154815,0.002888548,,,0.042976455,0.042580405,0.001986481,0.002564683,0.000156279,0.000163718,,,5.84E-06,2.21E-05,0.002827347,0.002429151,3.67E-06,4.47E-05,0,0,0.021148971,0.021271949,0,0,0.000458316,0.000412961,0,0,,,0.017314714,0.006352314,3.73E-07,2.70E-07,0.287617852,0.241330862,0.008169647,0.004623169,0.000927016,0.000634948,0.000954725,0.001013134,0.013729373,0.010672544,0,0,0.0223708,0.013365875,0.000160768,0.000156603,0.000297621,0.000291606,0,0.002949974,0.000331175,0.000491739,,,0.043786894,0.060002417,0.028017808,0.047243504,0.000444751,0.000473192,0.008518274,0.005807573,0.002346391,0.001942275,5.05E-07,1.30E-06,,,0.039991894,0.051787802,0.090044749,0.060797358,0.001726612,0.001330701,,,0.029659131,0.035372803,,0.000727652,0.001290282,0.000701775
20,2016,0.005885277,0.006105644,0.001349066,0.0010231,,,0.001491669,0.001547189,,,0.035457186,0.006620936,,,0.066712363,0.066712749,0.0018176,0.002416852,0.000130119,0.000135138,,,1.83E-05,8.14E-05,0.004710431,0.003879584,7.83E-06,0.00034006,0,0,0.02783835,0.031123182,2.79E-06,1.15E-06,0.000394796,0.00035728,4.32E-06,6.72E-06,,,0.023102848,0.013316572,3.72E-07,2.74E-07,0.304201964,0.252803438,0.015879861,0.006460824,0.000613842,0.000699424,0.000833037,0.000887921,0.022516337,0.016017905,1.12E-05,0,0.020553821,0.010224752,0.000174298,0.000170967,0.000346021,0.000320446,0,0.004967208,0.000258424,0.000381818,,,0.037818794,0.052988507,0.050991198,0.05846327,0.001305959,0.001104538,0.007959449,0.005417357,0.00211948,0.001773107,1.28E-06,4.32E-06,,,0.021187472,0.032999971,0.24090158,0.170974895,0.001968295,0.001508764,,,0.027389301,0.033486448,,0.005671761,0.00428037,0.00221096
25,2016,0.006367917,0.006662188,0.001243046,0.000951484,,,0.001299932,0.001349757,,,0.053453621,0.008343287,,,0.079671359,0.080064013,0.001734455,0.002303966,0.00010402,0.00010362,,,6.06E-05,0.000107384,0.006807123,0.005576431,3.00E-05,0.000830507,0,0,0.034838097,0.040954146,1.89E-05,7.85E-06,0.000272124,0.000229565,1.35E-05,9.59E-06,,,0.019471363,0.014012983,3.86E-07,2.84E-07,0.30936009,0.2450967,0.025147945,0.008464804,0.00040749,0.000379092,0.000742656,0.000803824,0.031457052,0.021792746,2.20E-05,0,0.019460232,0.009582557,0.000191424,0.000188853,0.000461336,0.000403112,0,0.004631381,0.00021511,0.000317308,,,0.034150039,0.048045759,0.065463698,0.059575975,0.002260228,0.001672759,0.007689429,0.005226313,0.001939122,0.001618983,6.03E-06,7.06E-06,,,0.01803364,0.032300742,0.315674022,0.227260726,0.002229868,0.001702893,,,0.026435319,0.030983268,,0.00920104,0.005135631,0.002566657
30,2016,0.006444412,0.006771184,0.001143256,0.000881223,,,0.001268936,0.001323945,,,0.062746595,0.009005214,0.219960912,0.213139376,0.092435822,0.092917025,0.001690229,0.002238734,8.30E-05,8.02E-05,,,0.000116908,0.000290631,0.008884424,0.007384858,4.16E-05,0.003359896,0,0,0.042168155,0.049990384,5.17E-05,2.17E-05,0.000154189,0.000112854,3.31E-05,2.95E-05,,,0.012967004,0.010852024,4.11E-07,3.05E-07,0.321711469,0.257628069,0.035948047,0.010836214,0.000278071,0.000228095,0.000641596,0.000716558,0.041723335,0.02922439,3.04E-05,0,0.018486123,0.008988476,0.000210835,0.00020895,0.000576323,0.000486277,0,0.00505934,0.000187331,0.000276078,,,0.032318115,0.045236758,0.075394937,0.061509047,0.003223459,0.002202558,0.00733999,0.004914646,0.00177064,0.001467798,1.51E-05,2.30E-05,,,0.020453022,0.039538311,0.370012912,0.266525768,0.002508366,0.001908092,,,0.025873376,0.030149984,,0.027077173,0.004834586,0.002479935
35,2016,0.00664222,0.007015575,0.00100184,0.000794707,,,0.001250183,0.001307864,,,0.066590816,0.009164096,0.25587393,0.291479886,0.103651147,0.1037,0.001682452,0.002166514,6.79E-05,6.34E-05,,,9.49E-05,0.000411863,0.010855739,0.009252907,3.68E-05,0.005716378,0,0,0.051713468,0.059992873,0.000103811,4.45E-05,9.90E-05,6.50E-05,3.32E-05,4.79E-05,,,0.00973748,0.008096099,4.41E-07,3.29E-07,0.354237266,0.28800651,0.047171993,0.01331163,0.000200253,0.000153494,0.000538737,0.000616388,0.055541743,0.040990806,2.89E-05,0,0.017575036,0.008410426,0.000228529,0.000227199,0.000690534,0.000569341,0,0.004121193,0.000167217,0.000247407,,,0.031358127,0.043964641,0.07909042,0.058816774,0.004021741,0.002613503,0.007043791,0.004705907,0.001553046,0.001315556,1.60E-05,3.73E-05,,,0.025487003,0.047038735,0.408406326,0.298643725,0.002803091,0.002122145,,,0.025446386,0.0300007,,0.033255807,0.004704091,0.002398134
40,2016,0.006972072,0.007408326,0.000845898,0.000703993,,,0.001237869,0.00129714,,,0.068184516,0.009199195,0.30387217,0.383628351,0.112435702,0.11293806,0.001612513,0.00211371,5.52E-05,4.99E-05,,,0.000156174,0.000478979,0.014168995,0.012039132,6.25E-05,0.00769917,0.000156313,0.000182349,0.068913864,0.074435322,0.000182819,8.00E-05,7.48E-05,4.67E-05,9.07E-05,0.000113551,,,0.008442282,0.006207317,4.89E-07,3.68E-07,0.373739985,0.305665648,0.058936896,0.016188453,0.000151342,0.00011387,0.00044217,0.000521142,0.073163093,0.057107763,0.000100028,0,0.016703743,0.007844191,0.000243074,0.000242142,0.000904738,0.000698963,0,0.002638526,0.000152516,0.000227157,,,0.030875243,0.043638891,0.082946918,0.055709925,0.004696882,0.003022012,0.006777768,0.00452676,0.001320438,0.001170256,3.95E-05,5.23E-05,,,0.031797261,0.054614742,0.440861019,0.32356642,0.003113671,0.002344109,,,0.02522364,0.029888942,,0.028111753,0.004509462,0.002239757
45,2016,0.007165616,0.007632935,0.000710584,0.000627215,,,0.001226871,0.001286954,,,0.06556688,0.009088195,0.361271077,0.48015602,0.126226579,0.127853724,0.00158129,0.002104995,4.51E-05,4.04E-05,,,0.00020981,0.000482899,0.023863447,0.018818524,8.11E-05,0.007048519,0.000990606,0.001163919,0.088267013,0.088731184,0.000315771,0.00014194,5.07E-05,3.00E-05,0.00016854,0.000143181,,,0.007711713,0.005853687,5.51E-07,4.14E-07,0.378280008,0.312854126,0.069682099,0.019151872,0.000107712,7.86E-05,0.000345104,0.000432923,0.094583967,0.076124384,0.000319784,0,0.01584309,0.007285623,0.000249836,0.0002493,0.001256847,0.000890848,0,0.001325937,0.000141832,0.000213594,,,0.031034486,0.044185194,0.087008166,0.050987296,0.005287475,0.003401443,0.006621386,0.004417478,0.001115359,0.001041606,7.04E-05,6.42E-05,,,0.03652699,0.059823254,0.472180912,0.348330068,0.003437656,0.002574158,,,0.025199036,0.029960697,,0.015302837,0.004169634,0.002056218
50,2016,0.007195994,0.007652936,0.000612442,0.000563003,,,0.001213187,0.001274038,,,0.060218637,0.008862028,0.423818137,0.570077911,0.151811891,0.155955199,0.001592969,0.002107367,3.69E-05,3.27E-05,,,0.000428764,0.000574059,0.039487189,0.030354965,0.00015001,0.007389478,0.002265943,0.002724997,0.109142347,0.104620221,0.000509003,0.000238235,2.66E-05,1.50E-05,0.000429753,0.000228158,,,0.007292465,0.006076441,6.41E-07,4.81E-07,0.379977395,0.322168805,0.08041252,0.022614385,6.37E-05,4.56E-05,0.000254834,0.000349709,0.121997297,0.099247957,0.0013371,0,0.014975899,0.006724141,0.000250719,0.000250478,0.001627633,0.001090959,0,0.00082062,0.000132937,0.00020244,,,0.031446991,0.044916453,0.088289198,0.04359132,0.006029102,0.003905739,0.006528939,0.004309946,0.000964222,0.000928466,0.000136334,8.88E-05,,,0.040214265,0.06316073,0.49609338,0.365121474,0.003774651,0.002812755,,,0.025217071,0.03015116,,0.011475044,0.003776439,0.001897662
55,2016,0.00707566,0.007493982,0.000552191,0.000512624,,,0.001176089,0.001239516,,,0.050022791,0.008275115,0.486023325,0.644519554,0.192851087,0.200811309,0.001558005,0.002028766,3.08E-05,2.79E-05,,,0.000526325,0.000507189,0.054657554,0.044065819,0.000208139,0.0064158,0.003843113,0.004807847,0.137080452,0.128745173,0.000804071,0.000402138,1.53E-05,8.24E-06,0.00067006,0.000242359,,,0.006882225,0.005182389,7.58E-07,5.68E-07,0.399042758,0.349231872,0.08868262,0.025642483,4.00E-05,2.84E-05,0.000175111,0.00027478,0.164969971,0.133146543,0.002769641,0,0.014091575,0.006158842,0.000248068,0.000247958,0.002016893,0.001298681,0,0.000268065,0.000125179,0.000192477,,,0.031885645,0.045251061,0.086489244,0.03901093,0.006646824,0.004337638,0.006487638,0.004234014,0.000869592,0.000839101,0.000214428,8.10E-05,,,0.04326591,0.064961916,0.524395497,0.389376428,0.004124512,0.003059949,,,0.02546403,0.030195196,,0.006297813,0.003343234,0.001725958
60,2016,0.006746625,0.007106019,0.000512357,0.00046237,,,0.00106149,0.001131481,,,0.03967224,0.007470974,0.542636583,0.701613316,0.256411864,0.269057468,0.001454657,0.001885027,2.53E-05,2.39E-05,,,0.000614879,0.000549789,0.070012498,0.058326563,0.00023998,0.006534923,0.006198846,0.00832342,0.173417,0.165076128,0.001372072,0.000705507,1.01E-05,5.29E-06,0.000730611,0.000286751,,,0.006404746,0.003814163,8.70E-07,6.48E-07,0.432077604,0.389318263,0.095135551,0.028502334,2.71E-05,1.96E-05,0.000109741,0.000206145,0.218934893,0.176328222,0.006166405,0,0.012834619,0.005824671,0.000241033,0.000241137,0.00274027,0.001827919,0,0.000199644,0.000118428,0.000183594,,,0.032442303,0.045348348,0.085828935,0.037979206,0.00715074,0.004676367,0.006469548,0.004181431,0.000807092,0.00075422,0.00022423,9.15E-05,,,0.046183945,0.065301193,0.545393107,0.406590181,0.004488001,0.003316081,,,0.025603122,0.030311043,,0.005388453,0.003123571,0.001607457
65,2016,0.006153216,0.00645325,0.000479968,0.000390743,,,0.000843177,0.000914801,,,0.033795627,0.006308981,0.589559226,0.744749879,0.357808123,0.377863799,0.00151045,0.001819941,2.06E-05,2.01E-05,,,0.000527918,0.000519589,0.091639771,0.074271556,0.000256449,0.005524098,0.011011074,0.016179745,0.240145365,0.231828274,0.002805997,0.001384723,6.72E-06,3.47E-06,0.000605247,0.000265385,,,0.005605935,0.002944103,9.51E-07,7.05E-07,0.439007845,0.392283094,0.099553323,0.030940457,1.77E-05,1.37E-05,6.22E-05,0.000144631,0.270760633,0.224113229,0.007251375,0,0.011207031,0.005822391,0.000231044,0.000231212,0.003891582,0.002804146,0,0.000154596,0.000112598,0.00017568,,,0.033168452,0.045491989,0.087297618,0.03832377,0.007577709,0.005014879,0.006463325,0.004154619,0.000757528,0.000648469,0.000218212,8.40E-05,,,0.050055106,0.063700465,0.579917204,0.425098329,0.004866576,0.003581975,,,0.025762868,0.030445825,,0.003511136,0.002884668,0.001508121
70,2016,0.005362491,0.005607288,0.000465348,0.000339007,,,0.000612287,0.000666727,,,0.029741415,0.005213733,0.623582737,0.77743018,0.491521517,0.522981004,0.001581535,0.001826549,1.93E-05,1.89E-05,,,0.000462443,0.000473186,0.115998871,0.09209048,0.000271354,0.004780224,0.021193908,0.032904617,0.337012948,0.32504501,0.005246203,0.002667601,0,0,0.000584331,0.00025301,,,0.004547408,0.002465224,1.02E-06,7.50E-07,0.406109429,0.343726858,0.103466698,0.033566691,0,0,2.96E-05,9.17E-05,0.31109686,0.265949778,0.007285611,0,0.009676495,0.005822688,0.000220282,0.000220469,0.0050811,0.003846341,0,0.000121789,0.000107553,0.000168655,,,0.033851016,0.045528013,0.088709199,0.038726756,0.007826558,0.005188952,0.006461867,0.004142306,0.000736443,0.00058362,0.000197556,6.94E-05,,,0.053293623,0.060656077,0.595476588,0.442866102,0.005261773,0.003858845,,,0.025782898,0.030243398,,0.001943363,0.002626153,0.00141662
75,2016,0.004466247,0.004659385,0.000461942,0.000318683,,,0.00044561,0.000485976,,,0.028173239,0.004674456,0.641914334,0.802225055,0.641904259,0.679611991,0.001598876,0.001843301,1.89E-05,1.86E-05,,,0.000437184,0.000371864,0.139703946,0.111869238,0.000273278,0.004021725,0.040136976,0.062102808,0.415202778,0.404150086,0.008716327,0.005043057,0,0,0.000500557,0.000190301,,,0.0035007,0.002563148,1.02E-06,7.56E-07,0.378910148,0.305142989,0.107048299,0.036316264,0,0,1.11E-05,5.04E-05,0.317421051,0.273705259,0.006779785,0,0.008238255,0.005816316,0.000207842,0.000208049,0.006303805,0.004953235,0,9.75E-05,0.000103185,0.000162472,,,0.034170346,0.045225318,0.089922997,0.038993976,0.008093617,0.005461947,0.006460528,0.004138242,0.000731871,0.000562927,0.000158899,4.23E-05,,,0.051402416,0.05614677,0.605746207,0.46301636,0.005674532,0.004146562,,,0.026005613,0.030198311,,0.001091554,0.002427048,0.00133171
80,2016,0.003593244,0.003743848,0.000461498,0.000313821,,,0.000328495,0.000358184,,,0.026163148,0.004231104,,,0.790733101,0.819345911,0.001684156,0.001832721,1.87E-05,1.84E-05,,,0.000393529,0.000340444,0.167784167,0.134057281,0.000304374,0.003647436,0.071259371,0.108034279,0.500110502,0.482872331,0.011725414,0.007308865,0,0,0.000437509,0.000176659,,,0.002676155,0.002901895,1.01E-06,7.50E-07,0.368557283,0.293858941,0.110618099,0.038951093,0,0,2.96E-06,2.14E-05,0.291666022,0.24796133,0.00567414,0,0.007758625,0.006128274,0.000192768,0.000192944,0.009968453,0.007342922,0,7.94E-05,9.94E-05,0.000157089,,,0.034466857,0.045008108,0.090127647,0.038251638,0.008277378,0.005690525,0.006458021,0.00413538,0.00073117,0.000559062,0.000115502,3.41E-05,,,0.046855435,0.052467383,0.61007854,0.483568839,0.006102656,0.00444635,,,0.02616733,0.030051438,,0.000633182,0.00221738,0.001284429
0,2017,0,0,0.002821062,0.0020277,,,0.007638387,0.007740146,,,0.000477019,0.000525624,,,0.000524815,0.000300067,0.007053091,0.00843904,0.000269426,0.000281343,,,0,0,0,0,0,0,0,0,0.005642311,0.003628644,0,0,0.00058231,0.000521396,0,0,,,0.000473118,0.000124077,7.31E-07,5.27E-07,0.143996719,0.135860083,0.001561013,0.001782652,0.002942409,0.001488009,0.001627609,0.001667062,0,0,0,0,0.008232543,0.008595217,1.07E-05,1.07E-05,0.002161861,0.001853299,0,0,0.001544172,0.002436827,,,0.001140755,0.001308224,0.001762259,0.001634149,0,0,0.03626729,0.022573918,0.005386088,0.004217014,0,0,,,0.022828772,0.030565845,0.016476588,0.013921034,0.020880374,0.0166469,,,5.44E-07,4.63E-07,,0,0.017343211,0.01616429
5,2017,0,0,0.002042777,0.001506525,,,0.003053271,0.003153314,,,0.00050496,0.000534328,,,0.002717649,0.002578368,0.002955228,0.003457822,0.000205647,0.000214409,,,0,0,0,0,0,0,0,0,0.011294014,0.009644486,0,0,0.000516511,0.00046309,0,0,,,0,0,1.14E-06,8.25E-07,0.161063488,0.149586026,0.002725242,0.002446879,0.001445009,0.000814937,0.0011888,0.001254779,0,0,0,0,0.013102004,0.012649145,6.08E-05,6.10E-05,0.000751486,0.000746807,0,0,0.00068949,0.001070701,,,0.024108456,0.029723813,0.00748143,0.011910861,0,0,0.009848223,0.006675288,0.003153539,0.002580176,0,0,,,0.042875585,0.041749737,0.013993357,0.01218237,0.002041379,0.00150253,,,0.001497618,0.001606208,,0,0.003273229,0.002597682
10,2017,0.000881354,0.000895239,0.001855799,0.001374514,,,0.002844607,0.002924177,,,0.001256124,0.000782458,,,0.015797214,0.015761429,0.00222647,0.002737173,0.000180961,0.00018798,,,0,0,0,0,0,0,0,0,0.01447301,0.012852727,0,0,0.000498918,0.000442001,0,0,,,1.10E-05,8.37E-06,1.32E-06,9.32E-07,0.219905085,0.186430061,0.00418109,0.003251944,0.001089576,0.000627227,0.001083929,0.001141091,0,0,0,0,0.022605731,0.017095458,0.000134212,0.00013041,0.000278561,0.000288299,0,7.09E-05,0.000453913,0.000682626,,,0.043727717,0.061290971,0.013201356,0.025052886,7.70E-05,0.000101472,0.009394606,0.006312868,0.002866516,0.002354262,0,0,,,0.060221659,0.063723117,0.016902084,0.014600126,0.001345544,0.001031728,,,0.012289096,0.013795555,,0,0.00154936,0.000953644
15,2017,0.004290861,0.004387346,0.001654626,0.001253829,,,0.002283217,0.002389412,,,0.011176785,0.002864331,,,0.043059344,0.042679325,0.001992637,0.002567705,0.000155048,0.000162089,,,5.88E-06,2.27E-05,0.002813483,0.002421228,3.67E-06,4.62E-05,0,0,0.021207048,0.021223168,0,0,0.000458985,0.000411156,0,0,,,0.017350805,0.006369151,1.26E-06,9.14E-07,0.276057557,0.232608803,0.008107254,0.004594641,0.000928133,0.000633992,0.000944008,0.001008686,0.01383177,0.010766215,0,0,0.021271578,0.012391808,0.000163406,0.000158855,0.000280958,0.000274636,0,0.002917383,0.000329212,0.000488019,,,0.043942131,0.060035103,0.027575814,0.047128585,0.000445429,0.000471997,0.00856491,0.005836472,0.002559281,0.002136641,4.97E-07,1.32E-06,,,0.040211542,0.051860807,0.089265906,0.060064877,0.001583945,0.001190087,,,0.029685412,0.035179432,,0.000737511,0.001250594,0.000681469
20,2017,0.005895438,0.006107688,0.001506944,0.001168169,,,0.00148149,0.001537188,,,0.035476925,0.006542975,,,0.066842989,0.066702001,0.001823183,0.002419415,0.000129248,0.000133855,,,1.87E-05,8.34E-05,0.004693713,0.003858659,7.97E-06,0.00035218,0,0,0.027900596,0.030979386,2.76E-06,1.17E-06,0.000395536,0.000356016,4.30E-06,6.76E-06,,,0.023107575,0.013340316,1.26E-06,9.28E-07,0.291394946,0.243391294,0.015680473,0.006376999,0.00061476,0.000698659,0.000823603,0.000883562,0.022613776,0.016256277,1.15E-05,0,0.020148134,0.009482998,0.000177986,0.000174297,0.000331908,0.000305632,0,0.004977068,0.000257467,0.000380269,,,0.03797669,0.053244098,0.050172741,0.058267895,0.001316318,0.001103256,0.00798166,0.005435003,0.002314849,0.001955117,1.28E-06,4.40E-06,,,0.021300092,0.032920031,0.221426243,0.15639775,0.001829806,0.001364187,,,0.027423102,0.033307672,,0.005751719,0.003488218,0.001798359
25,2017,0.006372783,0.006662907,0.001394895,0.001099757,,,0.00129016,0.001341487,,,0.053284037,0.008235236,,,0.079698334,0.080005165,0.001738638,0.002306437,0.00010328,0.000102724,,,6.05E-05,0.00011128,0.006783115,0.005543132,3.01E-05,0.000876336,0,0,0.034855241,0.040664561,1.87E-05,7.99E-06,0.000272728,0.000229009,1.33E-05,9.85E-06,,,0.019431661,0.013992117,1.31E-06,9.63E-07,0.298969282,0.235352155,0.024780217,0.008312553,0.000408092,0.000379073,0.000734974,0.000800877,0.03149162,0.022132797,2.22E-05,0,0.019020528,0.008885123,0.00019256,0.000189798,0.000438984,0.000381593,0,0.004580485,0.000214704,0.000316963,,,0.034236963,0.048455693,0.064385847,0.059311075,0.002268443,0.001668939,0.007703216,0.005245969,0.00212383,0.001798219,5.99E-06,7.32E-06,,,0.018058588,0.032238192,0.315374741,0.227359976,0.002092709,0.00155579,,,0.026437557,0.03088308,,0.009519107,0.005097861,0.002562138
30,2017,0.006447572,0.006771503,0.001291173,0.001032306,,,0.001259768,0.001316882,,,0.062333301,0.008864798,0.217371494,0.211823489,0.092520808,0.09295513,0.001694293,0.002241286,8.26E-05,7.97E-05,,,0.00011588,0.000294732,0.008857075,0.00734383,4.13E-05,0.003458376,0,0,0.042115898,0.049539027,5.13E-05,2.20E-05,0.000154856,0.000112759,3.22E-05,2.96E-05,,,0.012915914,0.010782052,1.39E-06,1.03E-06,0.312026229,0.246825017,0.035411579,0.010609351,0.000278745,0.000228471,0.000636518,0.00071532,0.041727144,0.029588382,3.04E-05,0,0.018017087,0.008332382,0.00021138,0.000209321,0.000545724,0.000458059,0,0.00503762,0.000187355,0.000276392,,,0.032319747,0.04553433,0.073965522,0.061133169,0.003231802,0.002193886,0.007341868,0.004931218,0.001951099,0.001649765,1.49E-05,2.34E-05,,,0.020424714,0.039558125,0.36930526,0.26620995,0.00237321,0.001761325,,,0.025889074,0.030101884,,0.027420519,0.00476066,0.002464123
35,2017,0.006644093,0.007015638,0.001144696,0.000945473,,,0.001241542,0.00130169,,,0.065836121,0.008952369,0.252727818,0.289591296,0.103549851,0.103785711,0.001686556,0.00216944,6.76E-05,6.29E-05,,,9.59E-05,0.000416391,0.010825837,0.009208536,3.71E-05,0.005856047,0,0,0.051527401,0.059396085,0.000103615,4.49E-05,9.95E-05,6.50E-05,3.26E-05,4.74E-05,,,0.009696939,0.008027129,1.49E-06,1.11E-06,0.344014451,0.277034749,0.046448724,0.013014941,0.00020093,0.000153911,0.000537844,0.00061568,0.055549954,0.041332248,2.91E-05,0,0.017078995,0.00779476,0.000228775,0.000227278,0.000651645,0.000535112,0,0.004082077,0.000167491,0.000248072,,,0.031337474,0.044176055,0.077453372,0.05835553,0.004032292,0.002602418,0.007037987,0.00471776,0.001725903,0.001493127,1.60E-05,3.77E-05,,,0.025505207,0.047022645,0.407976477,0.298496544,0.002671889,0.001977173,,,0.025489886,0.029982994,,0.033540255,0.00467359,0.002392419
40,2017,0.006973062,0.007408324,0.000977142,0.000849613,,,0.001229714,0.00129175,,,0.067134754,0.00892775,0.300302496,0.381226845,0.112076215,0.113155431,0.001616446,0.002116983,5.50E-05,4.97E-05,,,0.00015845,0.000494584,0.014130419,0.011991037,6.33E-05,0.008051445,0.000156323,0.000182229,0.068521646,0.073772006,0.000183226,8.05E-05,7.53E-05,4.67E-05,8.94E-05,0.000114626,,,0.00841889,0.006163703,1.66E-06,1.24E-06,0.362556646,0.294755135,0.058046559,0.015812828,0.000152043,0.000114189,0.000444425,0.000520249,0.073219695,0.057351331,0.000102195,0,0.016208956,0.007268166,0.000243511,0.000242423,0.000849753,0.000657453,0,0.002575492,0.00015291,0.000228011,,,0.030806755,0.043718462,0.081091401,0.055162392,0.004712478,0.003008016,0.006758998,0.004530576,0.001474534,0.001336049,3.96E-05,5.41E-05,,,0.031887935,0.054502019,0.440902486,0.32347264,0.002989922,0.0022015,,,0.025254323,0.029857811,,0.029007522,0.004440134,0.002236128
45,2017,0.007165927,0.00763294,0.0008198,0.000761614,,,0.001219281,0.001282406,,,0.064524617,0.008805446,0.357442157,0.477408797,0.125853747,0.128104822,0.001585355,0.002108754,4.51E-05,4.03E-05,,,0.000208711,0.000498909,0.023792911,0.018761538,8.06E-05,0.007334772,0.0009908,0.001164643,0.087571765,0.088014633,0.00031647,0.000142781,5.12E-05,3.01E-05,0.000163222,0.000145011,,,0.007693534,0.005832086,1.87E-06,1.40E-06,0.366864503,0.301499355,0.068680288,0.018711376,0.000108314,7.88E-05,0.000349198,0.000432073,0.09470175,0.076251034,0.000321156,0,0.015348057,0.006748547,0.000251147,0.000250514,0.001174888,0.000838689,0,0.001285402,0.000142297,0.000214482,,,0.030965826,0.044202454,0.084906192,0.050360585,0.005307737,0.003384748,0.006590167,0.004414013,0.00123721,0.001189499,6.94E-05,6.65E-05,,,0.036553505,0.059774504,0.471815125,0.348459167,0.003323125,0.002434411,,,0.025204029,0.029892457,,0.015836685,0.004096205,0.002057812
50,2017,0.007196032,0.007652974,0.000696793,0.000680965,,,0.0012064,0.001270458,,,0.059300333,0.008592088,0.419915718,0.567223265,0.15141118,0.156181311,0.001597601,0.002111576,3.69E-05,3.27E-05,,,0.000428769,0.00058917,0.039394354,0.030317118,0.000149359,0.007589252,0.002266127,0.002729366,0.108130433,0.103679976,0.000509683,0.000239421,2.70E-05,1.51E-05,0.000418494,0.000229204,,,0.007270161,0.006071815,2.17E-06,1.63E-06,0.370986675,0.310743148,0.079249119,0.022083051,6.43E-05,4.57E-05,0.000259312,0.000349015,0.122229191,0.099333257,0.001352051,0,0.01447415,0.006224925,0.000252128,0.000251831,0.001516669,0.001027951,0,0.000795388,0.000133467,0.000203324,,,0.031416396,0.044981008,0.085897181,0.04288784,0.00605335,0.00388128,0.00648924,0.004300845,0.001049758,0.00105313,0.000135029,9.13E-05,,,0.040120374,0.063267456,0.495742913,0.365563338,0.003670413,0.002676381,,,0.02520993,0.030067457,,0.011755727,0.003746487,0.0018983
55,2017,0.007075661,0.007494013,0.000618857,0.000617954,,,0.001170984,0.001237298,,,0.049403512,0.008043886,0.482217319,0.641788813,0.192072278,0.201053271,0.00156313,0.00203325,3.09E-05,2.79E-05,,,0.000531351,0.00051819,0.054578054,0.04407448,0.000208592,0.006524549,0.003846886,0.00480584,0.135903564,0.127488897,0.000804865,0.000403131,1.57E-05,8.35E-06,0.000659701,0.000242745,,,0.006851564,0.005182514,2.57E-06,1.92E-06,0.392832179,0.339319598,0.087365175,0.025060535,4.07E-05,2.86E-05,0.000178541,0.000274352,0.165439123,0.133387273,0.002828909,0,0.01357981,0.005696497,0.000249516,0.000249366,0.001875005,0.0012243,0,0.00025812,0.000125758,0.000193348,,,0.031891968,0.045399282,0.083826737,0.038249408,0.006669593,0.004302138,0.006443854,0.004219106,0.000928458,0.00094561,0.000214765,8.29E-05,,,0.043170499,0.065034422,0.524794892,0.389849007,0.004031551,0.002927533,,,0.025476391,0.030139734,,0.006423611,0.003292182,0.001721547
60,2017,0.006746661,0.00710604,0.000565008,0.000553027,,,0.001058893,0.001130608,,,0.039297487,0.007286645,0.539178181,0.699227196,0.255503245,0.269558507,0.001459843,0.001889837,2.54E-05,2.40E-05,,,0.000628503,0.00055976,0.069979541,0.058453436,0.00024263,0.006618325,0.006205216,0.00830947,0.172223341,0.163487687,0.001364125,0.00070675,1.05E-05,5.41E-06,0.000730348,0.000285693,,,0.006367123,0.003810428,2.94E-06,2.19E-06,0.428022829,0.381900457,0.093673755,0.02785389,2.79E-05,2.00E-05,0.000112207,0.000205974,0.219740282,0.1768684,0.006374865,0,0.012334043,0.005393186,0.000242836,0.000242907,0.002547301,0.001716624,0,0.000191786,0.000119054,0.000184481,,,0.032479017,0.045587809,0.083028636,0.037168558,0.007173116,0.00463367,0.006424529,0.00416203,0.000843495,0.000838947,0.000227647,9.33E-05,,,0.046153792,0.065252083,0.545826529,0.407217982,0.004407456,0.003188481,,,0.025661077,0.03030459,,0.005466253,0.003076819,0.001593362
65,2017,0.006153241,0.006453262,0.00051771,0.000451526,,,0.000841514,0.000913991,,,0.033363311,0.006155016,0.58688479,0.742953214,0.357029911,0.379077215,0.001515945,0.001824418,2.06E-05,2.01E-05,,,0.000542189,0.000531893,0.091613349,0.074609432,0.000259823,0.005597176,0.011006075,0.016158011,0.238955088,0.230404186,0.002745543,0.001390801,6.98E-06,3.64E-06,0.000610199,0.000266439,,,0.005572164,0.002935853,3.22E-06,2.38E-06,0.434859148,0.385429041,0.098013877,0.030245299,1.83E-05,1.43E-05,6.38E-05,0.000144517,0.271701442,0.224757701,0.007531595,0,0.010751299,0.00541148,0.000232767,0.000232947,0.003623793,0.002626263,0,0.000148177,0.000113258,0.000176561,,,0.033259443,0.045835689,0.084372884,0.037463621,0.007600534,0.004965772,0.006417845,0.004132558,0.000768002,0.00069076,0.000223173,8.61E-05,,,0.050038887,0.063739132,0.57927524,0.425853517,0.004799531,0.003459949,,,0.02582019,0.030443768,,0.003579881,0.002835226,0.001497689
70,2017,0.005362507,0.005607295,0.000495411,0.000373825,,,0.000610989,0.000666162,,,0.029201485,0.005096717,0.622276424,0.7764766,0.490462255,0.524372165,0.001587112,0.001830745,1.94E-05,1.90E-05,,,0.000471816,0.000485733,0.116194537,0.092719694,0.000272686,0.004840373,0.021164053,0.032891914,0.336143683,0.32409686,0.005103112,0.002682564,0,0,0.000586743,0.000255052,,,0.004519729,0.00245399,3.44E-06,2.54E-06,0.397709804,0.334907867,0.101903625,0.032819299,0,0,3.07E-05,9.19E-05,0.311993599,0.266456665,0.00749967,0,0.009264343,0.005431443,0.000221781,0.000221943,0.004736747,0.003604474,0,0.000116486,0.000108239,0.000169545,,,0.033989624,0.045942058,0.085648202,0.03781917,0.007850136,0.00513834,0.006416377,0.004118707,0.000733485,0.000593202,0.000201208,7.14E-05,,,0.053249051,0.060883822,0.595146995,0.443529046,0.005209312,0.003743077,,,0.025816024,0.030213024,,0.001982014,0.002596165,0.001406141
75,2017,0.004466256,0.004659389,0.00049008,0.000341934,,,0.000444689,0.000485268,,,0.027768101,0.004606891,0.642670149,0.802329746,0.64120924,0.681178589,0.001604441,0.001847413,1.90E-05,1.87E-05,,,0.000442704,0.000381587,0.140307937,0.112735074,0.0002721,0.004056351,0.040114893,0.062111047,0.414413687,0.403393343,0.008532733,0.005066554,0,0,0.000500099,0.000192793,,,0.00347312,0.002555201,3.45E-06,2.56E-06,0.367241776,0.294955288,0.105443197,0.035538758,0,0,1.17E-05,5.06E-05,0.31827978,0.274202683,0.006907076,0,0.007868921,0.005442931,0.000209581,0.000209738,0.005881825,0.004649781,0,9.31E-05,0.000103887,0.000163384,,,0.034322912,0.045645956,0.086726324,0.038047976,0.008116918,0.005408077,0.006415,0.004114014,0.000725671,0.000560287,0.00016077,4.37E-05,,,0.051420223,0.056323729,0.605399149,0.463729575,0.005637669,0.004038143,,,0.026035792,0.030170931,,0.001115503,0.002391038,0.001319871
80,2017,0.003593249,0.00374385,0.000489357,0.000334018,,,0.000327682,0.000357508,,,0.025883067,0.004199519,,,0.790463803,0.821211756,0.001690002,0.001836788,1.88E-05,1.84E-05,,,0.000394374,0.000345028,0.168868248,0.135213149,0.000300451,0.003648312,0.071220005,0.108017603,0.499424648,0.482019364,0.011544654,0.007347181,0,0,0.00043548,0.000177107,,,0.002651051,0.002900125,3.41E-06,2.54E-06,0.355596763,0.283309098,0.109035165,0.038168981,0,0,3.19E-06,2.16E-05,0.292546063,0.248578216,0.00569881,0,0.007413618,0.005751056,0.000194867,0.000195031,0.009307857,0.006977565,0,7.56E-05,0.000100136,0.000158033,,,0.034587284,0.045383048,0.086871786,0.037279111,0.00830335,0.00563709,0.00641242,0.004111062,0.000724509,0.000553938,0.000116533,3.49E-05,,,0.046960449,0.05243025,0.610245728,0.484316795,0.00608148,0.004346236,,,0.026213348,0.03004495,,0.000637981,0.002183931,0.001271349
0,2018,0,0,0.002980715,0.002157018,,,0.007703521,0.007800091,,,0.000474477,0.00052425,,,0.000528439,0.000302645,0.007099876,0.008516693,0.000267726,0.000278871,,,0,0,0,0,0,0,0,0,0.005663265,0.003655986,0,0,0.000584099,0.000520251,0,0,,,0.00047503,0.000124504,1.35E-06,9.74E-07,0.141914603,0.133643434,0.001553839,0.00176588,0.002946148,0.00148906,0.001597831,0.001650406,0,0,0,0,0.006216696,0.006554944,1.10E-05,1.10E-05,0.001775346,0.001524418,0,0,0.001551275,0.002405047,,,0.001141741,0.001315836,0.001707172,0.001599581,0,0,0.03637401,0.022687814,0.005507836,0.004329693,0,0,,,0.022952878,0.030719742,0.017681149,0.014897953,0.02033697,0.016186384,,,5.63E-07,4.78E-07,,0,0.01743321,0.016218163
5,2018,0,0,0.002210845,0.00165028,,,0.003040948,0.003143904,,,0.000501081,0.000533143,,,0.00272549,0.002591431,0.002972948,0.003472604,0.000204581,0.000212933,,,0,0,0,0,0,0,0,0,0.011329586,0.009696709,0,0,0.000517997,0.000462053,0,0,,,0,0,2.11E-06,1.52E-06,0.159673016,0.147647801,0.002725366,0.002441093,0.001448146,0.000815385,0.001174758,0.001249452,0,0,0,0,0.010967031,0.010711745,6.15E-05,6.15E-05,0.000653977,0.000678146,0,0,0.000687822,0.001056745,,,0.024297081,0.030088988,0.007402121,0.011881443,0,0,0.009928115,0.00672566,0.003381468,0.002784681,0,0,,,0.042823473,0.041922109,0.014956089,0.012892553,0.00193049,0.001348272,,,0.001503492,0.001607504,,0,0.003310453,0.002610798
10,2018,0.000884534,0.000896723,0.002030265,0.00152151,,,0.002830433,0.002912278,,,0.001253906,0.000780017,,,0.015849725,0.015798696,0.002235508,0.002742792,0.000180126,0.000186543,,,0,0,0,0,0,0,0,0,0.014525691,0.012898676,0,0,0.000500346,0.000440671,0,0,,,1.12E-05,8.49E-06,2.43E-06,1.72E-06,0.214883286,0.181458324,0.004180123,0.003247312,0.001092235,0.000627004,0.001072384,0.001136331,0,0,0,0,0.020560363,0.015519316,0.000136251,0.00013199,0.000252305,0.000265424,0,7.05E-05,0.000452216,0.000676859,,,0.043974115,0.061750591,0.013028297,0.02499692,7.61E-05,0.00010114,0.009463212,0.006355558,0.003110047,0.002571901,0,0,,,0.060282911,0.063938406,0.016068707,0.013831077,0.00118246,0.000880421,,,0.012339123,0.013785174,,0,0.001534292,0.000940017
15,2018,0.004300534,0.004390368,0.001822508,0.001401674,,,0.002268653,0.002377191,,,0.01119963,0.002837127,,,0.043135612,0.042765426,0.001999376,0.002570708,0.000154198,0.000160868,,,5.85E-06,2.26E-05,0.002793907,0.002413433,3.61E-06,4.65E-05,0,0,0.021272095,0.021172708,0,0,0.000459933,0.000409776,0,0,,,0.017388299,0.006388671,2.33E-06,1.68E-06,0.265209041,0.224650384,0.008052328,0.00457037,0.000929699,0.000633379,0.000932771,0.001003871,0.013925146,0.010868719,0,0,0.020220602,0.011226173,0.000166019,0.000161056,0.000265286,0.000258271,0,0.002884872,0.000327896,0.000485265,,,0.04410039,0.06012876,0.027083311,0.046989382,0.000446133,0.000470594,0.008596459,0.005856869,0.002788654,0.002347222,4.83E-07,1.30E-06,,,0.040471022,0.051945251,0.088825114,0.059619437,0.001431651,0.001040767,,,0.029739697,0.035028083,,0.000720677,0.001222832,0.000666287
20,2018,0.005906685,0.006109918,0.001668235,0.00131878,,,0.001468802,0.001526758,,,0.035492766,0.006454708,,,0.066967625,0.066663992,0.001829596,0.002422031,0.000128665,0.000132888,,,1.88E-05,8.26E-05,0.004669581,0.003837146,8.00E-06,0.00035435,0,0,0.027975059,0.030829378,2.73E-06,1.19E-06,0.000396569,0.00035506,4.24E-06,6.58E-06,,,0.023106979,0.013369004,2.33E-06,1.71E-06,0.27938264,0.234742847,0.015516542,0.006307745,0.000616,0.000698223,0.000813854,0.000878994,0.022704864,0.016514413,1.15E-05,0,0.01973455,0.008596743,0.000182021,0.000177926,0.000318688,0.000291379,0,0.004987743,0.000256905,0.000379219,,,0.038008362,0.053287267,0.049275583,0.058051668,0.001328104,0.001101586,0.007990863,0.005445296,0.002526129,0.002151999,1.27E-06,4.33E-06,,,0.021437229,0.03286383,0.198311994,0.138971194,0.001687995,0.001215684,,,0.027494353,0.033179413,,0.005617207,0.002537655,0.001316308
25,2018,0.006377807,0.006663664,0.001549769,0.001253627,,,0.001277993,0.001332667,,,0.053047219,0.008114002,,,0.079713164,0.079924202,0.001743517,0.002309027,0.000102742,0.000102049,,,6.04E-05,0.000113036,0.006748762,0.005508773,3.00E-05,0.000908834,0,0,0.034877061,0.04036004,1.85E-05,8.15E-06,0.000273538,0.000228599,1.30E-05,9.92E-06,,,0.019380855,0.013973177,2.41E-06,1.77E-06,0.288978999,0.226377201,0.024473199,0.008188132,0.000408868,0.000379217,0.000727052,0.0007978,0.03152194,0.022506509,2.23E-05,0,0.018578413,0.00805235,0.000193915,0.000190962,0.000417755,0.000360871,0,0.004531971,0.000214488,0.000316843,,,0.03420572,0.048621888,0.06322934,0.059030026,0.002277088,0.001663959,0.007702949,0.005257915,0.002323431,0.001991198,5.92E-06,7.46E-06,,,0.018098196,0.032203337,0.315051635,0.227545644,0.001958414,0.001407768,,,0.026468952,0.0308143,,0.009589015,0.005030562,0.002557583
30,2018,0.006450903,0.006771856,0.001442218,0.001189326,,,0.001248406,0.001309165,,,0.061803845,0.008711217,0.214886829,0.210595822,0.092607943,0.092983327,0.001699121,0.002243943,8.24E-05,7.93E-05,,,0.000117787,0.000297008,0.008817809,0.007301702,4.19E-05,0.003549042,0,0,0.042069306,0.049057152,5.08E-05,2.24E-05,0.000155656,0.000112719,3.22E-05,2.95E-05,,,0.012858676,0.010716127,2.57E-06,1.90E-06,0.302722337,0.236712597,0.034964598,0.010426306,0.000279563,0.000229013,0.00063123,0.00071415,0.041723025,0.02999482,3.11E-05,0,0.017553234,0.007549188,0.000211911,0.000209672,0.000516505,0.000430842,0,0.005019619,0.000187485,0.000276886,,,0.032241422,0.045699476,0.072423768,0.0607411,0.003239766,0.002183205,0.007330977,0.004941246,0.002146434,0.001845498,1.50E-05,2.36E-05,,,0.020417255,0.039608782,0.368715352,0.266071596,0.002247066,0.001614553,,,0.025924926,0.030069339,,0.027424411,0.004675093,0.002448364
35,2018,0.00664613,0.007015722,0.001291079,0.001103039,,,0.001230857,0.001294837,,,0.064934198,0.008729576,0.24967386,0.287753359,0.103420909,0.103867451,0.00169148,0.002172464,6.75E-05,6.26E-05,,,0.000102255,0.000427543,0.010783889,0.009162768,3.93E-05,0.006104633,0,0,0.051356115,0.058755897,0.000103352,4.55E-05,0.000100081,6.51E-05,3.41E-05,4.77E-05,,,0.009650912,0.007961342,2.75E-06,2.05E-06,0.333882833,0.266676641,0.045827695,0.012778605,0.000201718,0.00015446,0.000536936,0.000615063,0.055541597,0.041706184,3.07E-05,0,0.016594743,0.007059926,0.000229017,0.000227345,0.000614401,0.000501801,0,0.00404692,0.000167879,0.000248956,,,0.031237723,0.044270668,0.075700501,0.057874941,0.004042182,0.002588805,0.007020196,0.004723786,0.001913172,0.001684462,1.68E-05,3.87E-05,,,0.025542183,0.047043533,0.407695713,0.298486715,0.002554291,0.001832204,,,0.025568214,0.030002395,,0.034175483,0.004632496,0.002387268
40,2018,0.00697421,0.007408328,0.001112415,0.001002958,,,0.001219664,0.001285657,,,0.065940186,0.008643618,0.296805155,0.378826195,0.111640257,0.113359093,0.001621177,0.002120327,5.49E-05,4.95E-05,,,0.000169267,0.000511574,0.014084335,0.011941255,6.71E-05,0.008450731,0.000156361,0.000182126,0.068161495,0.073055356,0.000183628,8.11E-05,7.57E-05,4.68E-05,9.35E-05,0.000116272,,,0.008390465,0.006120783,3.05E-06,2.29E-06,0.351160594,0.284436523,0.05728518,0.015519117,0.0001528,0.000114605,0.000446825,0.000519363,0.073237978,0.057607134,0.000109119,0,0.015725019,0.006580659,0.000243871,0.000242639,0.000796518,0.000616901,0,0.002514783,0.000153462,0.000229115,,,0.030684278,0.043734921,0.079136796,0.054593235,0.00472707,0.002991337,0.00672944,0.004529479,0.001642566,0.001515257,4.19E-05,5.61E-05,,,0.032003739,0.054432628,0.440904577,0.323637482,0.002881664,0.002058893,,,0.025340494,0.029883817,,0.02980947,0.004353992,0.002233382
45,2018,0.007166338,0.007632939,0.000933029,0.000903815,,,0.001209945,0.001277173,,,0.063379458,0.008503521,0.353657535,0.474606485,0.12540592,0.128331429,0.001590219,0.002112579,4.50E-05,4.02E-05,,,0.000222701,0.000516753,0.023723085,0.018703382,8.48E-05,0.007655648,0.000991215,0.001165624,0.086917242,0.087241344,0.000317106,0.000143655,5.15E-05,3.01E-05,0.000170702,0.000147313,,,0.007670068,0.005809841,3.43E-06,2.58E-06,0.355093296,0.290830234,0.067827929,0.018365375,0.000108894,7.91E-05,0.000353552,0.000431194,0.094761076,0.076378266,0.000344483,0,0.014862354,0.006107844,0.000252452,0.000251719,0.001094386,0.000788157,0,0.001245178,0.000142944,0.000215629,,,0.030845615,0.044169576,0.082713045,0.049709603,0.005327604,0.00336579,0.00654884,0.00440618,0.00137186,0.001349634,7.34E-05,6.93E-05,,,0.036601905,0.059766369,0.471471797,0.348746808,0.003224841,0.002294662,,,0.025237723,0.029857472,,0.016358972,0.004004715,0.002061032
50,2018,0.007196097,0.00765301,0.000784309,0.000806082,,,0.001198065,0.001266255,,,0.058330709,0.008297872,0.416024256,0.564262181,0.150928455,0.156373315,0.001603086,0.002115857,3.69E-05,3.27E-05,,,0.000453019,0.000603381,0.039303825,0.030281245,0.000155612,0.00779127,0.002266275,0.002734433,0.107156369,0.102679823,0.000510144,0.000240598,2.73E-05,1.52E-05,0.000433654,0.000230283,,,0.007242036,0.006067488,3.99E-06,3.00E-06,0.361784814,0.299978641,0.078274281,0.021674424,6.49E-05,4.58E-05,0.000264094,0.00034824,0.122398528,0.099403242,0.001440007,0,0.013981536,0.005634088,0.00025359,0.000253233,0.001406659,0.000967131,0,0.00076932,0.00013419,0.000204467,,,0.031330967,0.044968922,0.083407468,0.042158904,0.006077342,0.003854123,0.006439405,0.004288021,0.001145835,0.001188413,0.000141494,9.37E-05,,,0.040058561,0.0634159,0.495415203,0.365811977,0.0035828,0.002540007,,,0.025210278,0.029992121,,0.011948148,0.003705194,0.001900062
55,2018,0.00707566,0.007494046,0.000687864,0.000730002,,,0.001164704,0.001234629,,,0.048774308,0.007797412,0.478388442,0.638913387,0.191140015,0.201257826,0.001569159,0.0020378,3.10E-05,2.79E-05,,,0.000559309,0.000527981,0.054504691,0.044089432,0.000216243,0.006634923,0.003851256,0.004803646,0.134757117,0.126167072,0.000805298,0.000404095,1.61E-05,8.47E-06,0.000680959,0.000242664,,,0.006814121,0.005184122,4.72E-06,3.54E-06,0.386414036,0.329818206,0.086279699,0.024612582,4.15E-05,2.89E-05,0.000182219,0.000273853,0.165907844,0.133600045,0.003002848,0,0.013077977,0.005157792,0.000250967,0.000250788,0.001733346,0.001152663,0,0.000249013,0.000126535,0.000194478,,,0.031841089,0.045458972,0.081060287,0.037461519,0.006692256,0.004263143,0.006389902,0.004200679,0.000995966,0.001061922,0.000224088,8.47E-05,,,0.043104612,0.065147728,0.524717144,0.390311971,0.003955158,0.002795117,,,0.025479794,0.030071597,,0.006500872,0.003231399,0.001717665
60,2018,0.006746693,0.007106062,0.00061906,0.000649779,,,0.001055588,0.001129411,,,0.038924559,0.007094295,0.535666586,0.69667227,0.254400896,0.270047021,0.001466086,0.001894767,2.55E-05,2.40E-05,,,0.000662538,0.000568471,0.069958394,0.058606294,0.000251123,0.006711364,0.006213046,0.008293331,0.171034334,0.161830354,0.001354446,0.000707927,1.08E-05,5.55E-06,0.000756611,0.000284614,,,0.006321935,0.003808093,5.42E-06,4.04E-06,0.423899412,0.374472684,0.092489619,0.027353992,2.88E-05,2.04E-05,0.000114863,0.000205771,0.22069099,0.177354877,0.006767004,0,0.011841336,0.004892743,0.000244692,0.000244716,0.00235502,0.001609556,0,0.000184582,0.000119866,0.000185624,,,0.03244997,0.045717443,0.080119336,0.036330558,0.007194805,0.004587295,0.006369441,0.004139543,0.000886175,0.000932506,0.000237965,9.50E-05,,,0.046153023,0.065248505,0.545832897,0.407642296,0.004342916,0.003060882,,,0.025697879,0.030270264,,0.005497345,0.003019234,0.001577061
65,2018,0.006153267,0.006453275,0.000555476,0.000515827,,,0.000839328,0.000912814,,,0.032940451,0.005996353,0.584133434,0.740973571,0.356068161,0.380338748,0.00152261,0.001829137,2.07E-05,2.02E-05,,,0.000568843,0.000541309,0.091611134,0.07501626,0.000267582,0.005667663,0.011002349,0.01613157,0.237751639,0.228917045,0.002673114,0.001397522,7.26E-06,3.84E-06,0.00063128,0.000266079,,,0.005531238,0.002928118,5.93E-06,4.39E-06,0.430732785,0.378501412,0.096770738,0.02970266,1.90E-05,1.50E-05,6.55E-05,0.000144375,0.272887636,0.225372405,0.007957994,0,0.010296649,0.004927841,0.000234609,0.000234783,0.003358616,0.002455323,0,0.000142294,0.000114071,0.000177699,,,0.033283222,0.04606633,0.081332771,0.036575914,0.007621717,0.004912517,0.006362161,0.004107189,0.000781353,0.00073822,0.000233025,8.78E-05,,,0.050050514,0.063818924,0.578585868,0.426244639,0.004747249,0.003337922,,,0.02589724,0.030456812,,0.003609973,0.002775673,0.001485841
70,2018,0.005362524,0.005607301,0.000524688,0.000409549,,,0.00060926,0.000665314,,,0.028666998,0.004975146,0.620875762,0.775328901,0.4892589,0.525767707,0.001593911,0.001835219,1.95E-05,1.91E-05,,,0.000490603,0.000496261,0.116442303,0.093479544,0.000277985,0.004900953,0.021132461,0.032875923,0.335236015,0.323091582,0.004931359,0.002699301,0,0,0.00060364,0.000256285,,,0.004485548,0.002442468,6.33E-06,4.67E-06,0.389379925,0.326519261,0.100628839,0.032240655,0,0,3.18E-05,9.20E-05,0.313140305,0.267035009,0.007833189,0,0.008846377,0.004965444,0.000223328,0.000223467,0.004396648,0.00337208,0,0.000111629,0.000109052,0.000170686,,,0.034070545,0.046268559,0.082466024,0.036883129,0.007871589,0.005083798,0.006360273,0.004091846,0.000731492,0.000604568,0.000208796,7.31E-05,,,0.053230077,0.061165084,0.594748503,0.444065576,0.005169528,0.003627309,,,0.025899984,0.03024197,,0.002000499,0.002559184,0.001394744
75,2018,0.004466265,0.004659392,0.000517208,0.000364773,,,0.000443432,0.00048429,,,0.027373533,0.004534012,0.64330853,0.802219524,0.640468163,0.682800749,0.001611231,0.001851806,1.91E-05,1.88E-05,,,0.000456837,0.000390518,0.141054488,0.113818775,0.000273709,0.004093694,0.040096917,0.06211957,0.413548058,0.4026188,0.00831192,0.005089775,0,0,0.00051252,0.00019459,,,0.003439905,0.002546522,6.36E-06,4.71E-06,0.355703335,0.285556352,0.104120657,0.034942982,0,0,1.23E-05,5.08E-05,0.319353605,0.27480359,0.007137588,0,0.007486611,0.004997348,0.000211308,0.00021141,0.005465218,0.004357934,0,8.90E-05,0.000104688,0.00016452,,,0.034408865,0.045984117,0.083404703,0.037072933,0.008137574,0.005349634,0.006358819,0.004086606,0.000719973,0.000558062,0.000165858,4.50E-05,,,0.051461158,0.056546901,0.604916038,0.464391171,0.005610395,0.003929723,,,0.026107355,0.030185996,,0.001129612,0.002347784,0.001305625
80,2018,0.003593254,0.003743852,0.000516174,0.000353426,,,0.000326572,0.000356618,,,0.025623193,0.004163014,,,0.790204823,0.823229552,0.001697139,0.001841122,1.89E-05,1.85E-05,,,0.000399398,0.000349442,0.170176218,0.136695838,0.000298176,0.003655467,0.071185983,0.108005432,0.498643326,0.481164675,0.011328314,0.007383503,0,0,0.000440061,0.000177823,,,0.002621421,0.002897999,6.27E-06,4.68E-06,0.342989461,0.273581281,0.107726843,0.037573049,0,0,3.44E-06,2.19E-05,0.293618239,0.24931408,0.005763034,0,0.007045319,0.005300785,0.000197018,0.000197167,0.008647905,0.006627542,0,7.22E-05,0.000100934,0.000159148,,,0.034665076,0.045700807,0.08348708,0.036277084,0.00832641,0.005578883,0.006356304,0.004083633,0.00071837,0.000548945,0.000118737,3.57E-05,,,0.047088405,0.052421041,0.610176082,0.485146832,0.006067733,0.004246123,,,0.02628534,0.030065438,,0.000639931,0.002144275,0.00125581
0,2019,0,0,0.0031155,0.00226382,,,0.007765854,0.007853763,,,0.000472253,0.00052288,,,0.000531768,0.000305116,0.007144677,0.008582173,0.000266989,0.000277475,,,0,0,0,0,0,0,0,0,0.005686329,0.003679746,0,0,0.000586227,0.000519869,0,0,,,0.000477296,0.000125039,1.88E-06,1.35E-06,0.139867832,0.131524024,0.001550738,0.001757771,0.002952164,0.001490959,0.001573371,0.001636948,0,0,0,0,0.004682459,0.004970226,1.13E-05,1.13E-05,0.001483858,0.001274019,0,0,0.00155889,0.002382999,,,0.001140799,0.001378749,0.001659823,0.001570495,0,0,0.036484139,0.022791732,0.005607392,0.00441814,0,0,,,0.023076762,0.030852514,0.018616341,0.015642909,0.019850275,0.015771664,,,6.36E-07,5.40E-07,,0,0.017518182,0.016266396
5,2019,0,0,0.002349931,0.001766893,,,0.003031915,0.003137738,,,0.000497906,0.000532132,,,0.00273306,0.00260401,0.002990234,0.003485627,0.000204185,0.000212158,,,0,0,0,0,0,0,0,0,0.011368295,0.009744652,0,0,0.000519849,0.000461733,0,0,,,0,0,2.93E-06,2.11E-06,0.158190676,0.145648313,0.002726245,0.002435406,0.001452358,0.000816386,0.001164152,0.001245404,0,0,0,0,0.009175248,0.009092618,6.22E-05,6.21E-05,0.000579813,0.000617535,0,0,0.000687926,0.00104824,,,0.024373561,0.030881117,0.007339536,0.011860659,0,0,0.00999254,0.006765935,0.003568849,0.002948955,0,0,,,0.042819123,0.04207997,0.015991479,0.013680165,0.001883997,0.001263461,,,0.001755773,0.001870868,,0,0.003349853,0.002626124
10,2019,0.000887699,0.000898104,0.002174233,0.001640825,,,0.002819267,0.002903292,,,0.001252238,0.000777849,,,0.015903093,0.015832667,0.002244491,0.002747992,0.000179812,0.000185703,,,0,0,0,0,0,0,0,0,0.014580035,0.012938628,0,0,0.000502043,0.000439982,0,0,,,1.14E-05,8.60E-06,3.37E-06,2.38E-06,0.210098527,0.176893656,0.004179401,0.003243188,0.001095439,0.000627174,0.00106367,0.001132475,0,0,0,0,0.018726003,0.014196805,0.000138229,0.000133499,0.000232735,0.000246491,0,7.00E-05,0.000451742,0.000673328,,,0.044098178,0.062473759,0.012885598,0.024953548,7.53E-05,0.000100964,0.009518098,0.006390227,0.003311904,0.002747448,0,0,,,0.060385036,0.064128097,0.015471345,0.013263314,0.001060884,0.000780986,,,0.013880074,0.015440018,,0,0.001526305,0.000930376
15,2019,0.004309675,0.004393024,0.001960124,0.001521486,,,0.002256113,0.0023675,,,0.011218039,0.002814677,,,0.043198986,0.042827728,0.002005669,0.002573385,0.000153752,0.000160115,,,5.83E-06,2.24E-05,0.002771562,0.00240599,3.58E-06,4.65E-05,0,0,0.021335001,0.02112818,0,0,0.00046106,0.000408932,0,0,,,0.017423706,0.006405981,3.23E-06,2.33E-06,0.255526622,0.217499559,0.00800894,0.004555071,0.000931522,0.000633124,0.000924041,0.000999922,0.013998255,0.010956614,0,0,0.019376775,0.010248611,0.000168469,0.000163094,0.000253717,0.000245951,0,0.002851921,0.000327298,0.00048353,,,0.044223411,0.060531461,0.026643413,0.046873499,0.000446929,0.000469694,0.008620064,0.005873184,0.002978464,0.002517016,4.75E-07,1.28E-06,,,0.040705109,0.052017664,0.088765471,0.059436335,0.001324067,0.000952947,,,0.032076448,0.037589358,,0.000697042,0.00120744,0.000656782
20,2019,0.005916891,0.006111949,0.001800106,0.001440873,,,0.001457338,0.001518497,,,0.035493023,0.006381878,,,0.067070746,0.066632881,0.001835495,0.002424353,0.000128353,0.000132283,,,1.90E-05,8.29E-05,0.00463893,0.003815151,8.02E-06,0.000360599,0,0,0.028044522,0.030695314,2.70E-06,1.21E-06,0.000397741,0.000354481,4.18E-06,6.48E-06,,,0.023105533,0.013394988,3.23E-06,2.36E-06,0.268941472,0.227219506,0.015405551,0.006267744,0.000617325,0.000698119,0.000806247,0.000875485,0.022790876,0.01673185,1.16E-05,0,0.019415908,0.00785391,0.000185759,0.000181284,0.000308937,0.000280661,0,0.004988694,0.000256713,0.000378601,,,0.037872854,0.053293866,0.048439801,0.057876117,0.001338537,0.001100443,0.007996433,0.005454504,0.002700984,0.00231057,1.26E-06,4.34E-06,,,0.021559184,0.032825903,0.17854988,0.123999595,0.001595394,0.001139198,,,0.029650021,0.035554744,,0.005519066,0.001709343,0.000900663
25,2019,0.006382484,0.006664383,0.001676242,0.001378438,,,0.001266919,0.001325501,,,0.052785007,0.008014118,,,0.079728692,0.079861576,0.001748127,0.002311318,0.000102417,0.000101623,,,6.04E-05,0.000114892,0.006706286,0.00547347,3.01E-05,0.000943386,0,0,0.03489726,0.04007465,1.83E-05,8.29E-06,0.00027444,0.000228371,1.29E-05,9.98E-06,,,0.019337779,0.013959809,3.33E-06,2.45E-06,0.279789569,0.219134254,0.024266192,0.008119014,0.000409695,0.000379517,0.000720888,0.000795655,0.031556403,0.022836014,2.23E-05,0,0.01823888,0.007354501,0.000195489,0.000192355,0.00040194,0.000345266,0,0.004484653,0.000214454,0.00031686,,,0.034044356,0.048789969,0.062175934,0.058805089,0.002285069,0.001659952,0.007699973,0.005268729,0.002488318,0.002146352,5.88E-06,7.63E-06,,,0.01813692,0.032185172,0.314700998,0.227538433,0.001879627,0.00133843,,,0.028505354,0.033036701,,0.00962979,0.004929103,0.002549262
30,2019,0.006454215,0.006772197,0.001565983,0.001317205,,,0.001238129,0.00130283,,,0.061271144,0.008586147,0.212558062,0.209538347,0.092679565,0.093003034,0.001703727,0.00224631,8.22E-05,7.90E-05,,,0.000119216,0.000301631,0.008769814,0.007258176,4.22E-05,0.003670377,0,0,0.042027653,0.048589191,5.03E-05,2.28E-05,0.000156367,0.000112734,3.21E-05,2.96E-05,,,0.012814059,0.01066763,3.55E-06,2.62E-06,0.293729519,0.228327733,0.034663567,0.010329339,0.00028032,0.000229626,0.000627151,0.000713753,0.041729763,0.030377697,3.15E-05,0,0.017199748,0.006892979,0.00021234,0.000209933,0.000494658,0.000410291,0,0.005001366,0.000187701,0.000277406,,,0.032064267,0.045946842,0.071025882,0.060426755,0.003247865,0.002174779,0.007320837,0.004952079,0.002308243,0.002003411,1.51E-05,2.41E-05,,,0.020423166,0.039663131,0.368664554,0.266311372,0.002183026,0.001547874,,,0.027927362,0.032320903,,0.027493324,0.004595983,0.002434986
35,2019,0.006648158,0.007015813,0.00141139,0.001232034,,,0.001221161,0.001289169,,,0.064080463,0.008550561,0.246768166,0.286061192,0.103308194,0.103927865,0.001696169,0.002175143,6.74E-05,6.25E-05,,,0.000105443,0.000440774,0.010732891,0.009115568,4.03E-05,0.006390807,0,0,0.051216193,0.058126208,0.000103118,4.59E-05,0.000100563,6.51E-05,3.44E-05,4.83E-05,,,0.009614398,0.007912767,3.80E-06,2.84E-06,0.323998611,0.257768239,0.04537781,0.012655512,0.000202415,0.000155021,0.0005365,0.000615206,0.055536338,0.042042496,3.13E-05,0,0.016226413,0.006444259,0.000229258,0.000227424,0.000586473,0.000475847,0,0.004014892,0.000168346,0.000249829,,,0.031038829,0.044464777,0.074115945,0.057482738,0.004052364,0.002578425,0.00700508,0.004731973,0.002068643,0.001839327,1.73E-05,4.01E-05,,,0.025583402,0.047077909,0.407996513,0.298919964,0.002501881,0.001766321,,,0.027618688,0.032334337,,0.034790156,0.004585023,0.002382037
40,2019,0.00697542,0.00740833,0.001224048,0.001129168,,,0.001210566,0.001280584,,,0.064854528,0.008415982,0.293441874,0.376528089,0.111254587,0.113501418,0.001625701,0.002123275,5.49E-05,4.95E-05,,,0.000176195,0.000526952,0.014029939,0.011890059,6.95E-05,0.008843515,0.000156434,0.000182059,0.067898619,0.07233552,0.000183969,8.16E-05,7.60E-05,4.68E-05,9.55E-05,0.000117419,,,0.008367212,0.006088591,4.22E-06,3.17E-06,0.340358568,0.275408534,0.056740398,0.015374984,0.000153465,0.000115028,0.000449346,0.000519182,0.073230237,0.057820285,0.00011356,0,0.015334852,0.006004639,0.000244125,0.000242776,0.000756322,0.000584798,0,0.002462551,0.000154126,0.000230191,,,0.030497362,0.043894531,0.077371926,0.054123382,0.004741846,0.002978581,0.00670457,0.004532033,0.001783101,0.001660455,4.34E-05,5.81E-05,,,0.032109494,0.054397088,0.440914147,0.324322243,0.002835488,0.001994071,,,0.02741448,0.032245703,,0.030380429,0.004273087,0.002230862
45,2019,0.007166786,0.007632924,0.001027304,0.001021282,,,0.001201502,0.001272792,,,0.062329534,0.008262639,0.349983735,0.471849355,0.12500495,0.128482073,0.001594861,0.002115938,4.50E-05,4.02E-05,,,0.000230962,0.000533097,0.023644888,0.018639863,8.71E-05,0.00797669,0.000991695,0.001166483,0.086434389,0.086454453,0.000317524,0.000144347,5.18E-05,3.02E-05,0.000174174,0.000149346,,,0.007649848,0.005792593,4.75E-06,3.56E-06,0.343924326,0.281611456,0.067207772,0.018183122,0.000109366,7.94E-05,0.000357775,0.000430869,0.094775404,0.076486897,0.000359211,0,0.014448842,0.00557113,0.000253575,0.000252752,0.001033082,0.000749439,0,0.00121054,0.000143707,0.000216755,,,0.030664266,0.044306647,0.080739286,0.049166721,0.005347117,0.003351382,0.006514129,0.00440309,0.001486131,0.001479057,7.60E-05,7.20E-05,,,0.036651162,0.059781233,0.471444529,0.349519426,0.003183218,0.002231136,,,0.027206871,0.032103204,,0.016754642,0.003918265,0.002064093
50,2019,0.007196161,0.00765303,0.000858062,0.000910233,,,0.001190561,0.001262723,,,0.057434271,0.008061034,0.41221299,0.561287021,0.150485111,0.156497756,0.001608297,0.0021196,3.70E-05,3.27E-05,,,0.000466258,0.000616607,0.039201217,0.030235791,0.000158588,0.007995,0.002266422,0.00273859,0.106391216,0.101711887,0.000510257,0.000241491,2.75E-05,1.52E-05,0.000438255,0.00023126,,,0.007217588,0.006063907,5.52E-06,4.15E-06,0.352512693,0.29087692,0.077598032,0.021480696,6.53E-05,4.59E-05,0.000268636,0.000347851,0.122528388,0.099466829,0.001489415,0,0.01354608,0.005140797,0.000254989,0.000254575,0.001322437,0.000921078,0,0.000746769,0.000135016,0.000205601,,,0.031182656,0.045124277,0.081177153,0.041549103,0.006100038,0.003832654,0.00639637,0.004280815,0.001228706,0.001297779,0.000145055,9.64E-05,,,0.040021774,0.063552791,0.495432335,0.365886619,0.003546014,0.002478019,,,0.027107023,0.032166657,,0.012069377,0.003658347,0.001901843
55,2019,0.007075648,0.00749407,0.000746684,0.000823613,,,0.001159071,0.001232442,,,0.048153616,0.00760101,0.474606205,0.635974676,0.190295874,0.201388485,0.001574882,0.00204174,3.11E-05,2.79E-05,,,0.000576396,0.000535326,0.054434217,0.044096776,0.000220431,0.006730439,0.00385512,0.004801873,0.133794585,0.124953398,0.000805407,0.00040476,1.63E-05,8.56E-06,0.000690385,0.000241716,,,0.006782205,0.005185912,6.53E-06,4.89E-06,0.379737189,0.321924833,0.085576539,0.024392493,4.22E-05,2.91E-05,0.000185715,0.000273596,0.166407383,0.133794102,0.003115252,0,0.012621746,0.004711031,0.000252335,0.000252138,0.001624434,0.001098651,0,0.000240897,0.000127407,0.000195616,,,0.031717144,0.045656302,0.078591705,0.036800944,0.006714208,0.00423191,0.006342534,0.004188603,0.001054919,0.001156026,0.000230097,8.64E-05,,,0.043064064,0.065261414,0.523717478,0.390958728,0.00392344,0.002734931,,,0.027395761,0.03224147,,0.006525766,0.003178849,0.00171491
60,2019,0.006746715,0.00710608,0.000665591,0.000731019,,,0.001052581,0.001128502,,,0.038529359,0.00693851,0.532169519,0.694018892,0.253391691,0.270399885,0.001472058,0.001898994,2.56E-05,2.41E-05,,,0.000688272,0.000574987,0.069945687,0.058734923,0.00025746,0.006790894,0.006219721,0.008278888,0.169936938,0.160386657,0.001346131,0.000708674,1.11E-05,5.66E-06,0.000773945,0.000282138,,,0.006284111,0.003807226,7.49E-06,5.58E-06,0.419711843,0.367939524,0.091791251,0.027106093,2.96E-05,2.08E-05,0.000117338,0.000205686,0.221730632,0.177772464,0.00707134,0,0.011390645,0.004478553,0.000246439,0.000246416,0.002207399,0.001528981,0,0.000178219,0.000120757,0.000186778,,,0.032357332,0.046001483,0.077510389,0.035626692,0.0072154,0.00454995,0.006320595,0.004123891,0.000923483,0.001008569,0.00024646,9.65E-05,,,0.046166125,0.065272151,0.545063052,0.407901748,0.004316494,0.003002885,,,0.027646669,0.032485364,,0.00548246,0.00296719,0.001563517
65,2019,0.006153287,0.006453286,0.000588545,0.000570273,,,0.000837274,0.000911811,,,0.032546081,0.005867647,0.581369225,0.738871571,0.355116567,0.381293513,0.001528949,0.001833178,2.09E-05,2.03E-05,,,0.000591593,0.000547189,0.091617512,0.07536103,0.000273968,0.005723279,0.010999051,0.016105716,0.236632112,0.227661157,0.002611892,0.001402795,7.47E-06,4.00E-06,0.000648172,0.000263894,,,0.005497096,0.002922107,8.19E-06,6.07E-06,0.426593815,0.372030626,0.096051665,0.029414786,1.96E-05,1.56E-05,6.71E-05,0.000144292,0.274118723,0.225866766,0.008311208,0,0.009885214,0.004525041,0.000236449,0.000236589,0.003155739,0.002326767,0,0.000137157,0.000114949,0.000178866,,,0.033249395,0.046470891,0.07859328,0.03582879,0.007641234,0.004868972,0.006312788,0.004088678,0.000793129,0.000777027,0.000241765,8.92E-05,,,0.050074781,0.063908283,0.578454133,0.426186013,0.004726175,0.003282459,,,0.027951987,0.032789913,,0.003600647,0.002724999,0.00147561
70,2019,0.005362539,0.005607307,0.000550705,0.000440432,,,0.000607586,0.00066456,,,0.02823194,0.004872692,0.619439348,0.774039992,0.488101078,0.526751867,0.001600366,0.001839035,1.96E-05,1.92E-05,,,0.000506356,0.00050348,0.11666549,0.094131157,0.000282138,0.004948746,0.021104812,0.032857146,0.334371604,0.322258262,0.004785548,0.002712736,0,0,0.000616763,0.000255431,,,0.004456962,0.002432994,8.75E-06,6.46E-06,0.381386744,0.319088258,0.099852374,0.031947371,0,0,3.27E-05,9.21E-05,0.31424234,0.267527947,0.008111335,0,0.008470227,0.004575356,0.000224861,0.000224986,0.004136833,0.003197324,0,0.000107429,0.000109911,0.000171862,,,0.034077861,0.046754132,0.079592683,0.03609011,0.00789068,0.005039158,0.006310453,0.004071911,0.000729943,0.000613988,0.000215646,7.44E-05,,,0.053230025,0.061406757,0.594793417,0.444618376,0.005153756,0.003574688,,,0.028012711,0.032625557,,0.00199839,0.002525919,0.001385142
75,2019,0.004466273,0.004659396,0.000541424,0.000384937,,,0.000442181,0.000483391,,,0.027061101,0.004464175,0.643880709,0.801942333,0.63974546,0.683936766,0.001617679,0.001855545,1.93E-05,1.89E-05,,,0.000468663,0.000397587,0.141723096,0.11482616,0.000274803,0.004126815,0.04008276,0.062118345,0.412659999,0.402004885,0.008123586,0.005107928,0,0,0.000522019,0.00019531,,,0.003412445,0.002539137,8.79E-06,6.51E-06,0.34494177,0.277643447,0.103280675,0.034655799,0,0,1.28E-05,5.10E-05,0.320359237,0.275323502,0.007325708,0,0.007142095,0.004624047,0.000212921,0.000213013,0.005147026,0.004138347,0,8.56E-05,0.000105527,0.000165687,,,0.034428585,0.046486553,0.080405524,0.036237673,0.008155764,0.005302044,0.006308937,0.004066236,0.000715206,0.000556325,0.000170449,4.61E-05,,,0.051504812,0.056741302,0.604826269,0.465148872,0.005599843,0.003880443,,,0.028197808,0.032525649,,0.001132811,0.002310857,0.001293047
80,2019,0.003593258,0.003743853,0.000540146,0.000370746,,,0.000325445,0.000355804,,,0.025431758,0.004121481,,,0.789902659,0.824813022,0.001703908,0.001844805,1.90E-05,1.86E-05,,,0.0004028,0.000351891,0.171292758,0.138143731,0.000295303,0.003659886,0.071152968,0.107981984,0.497815231,0.480529666,0.011146193,0.007415911,0,0,0.00044182,0.000176576,,,0.002597039,0.002896248,8.67E-06,6.47E-06,0.331681477,0.265491754,0.106872631,0.037291334,0,0,3.63E-06,2.21E-05,0.294633055,0.249946376,0.005795181,0,0.006709596,0.004923445,0.000199065,0.000199209,0.008140523,0.006364467,0,6.93E-05,0.000101754,0.000160277,,,0.034669296,0.046183379,0.080426151,0.035416427,0.008346616,0.005531643,0.006306629,0.00406326,0.000713285,0.000544904,0.000120488,3.63E-05,,,0.047198839,0.052432644,0.610120709,0.48622841,0.006065966,0.004200617,,,0.028351017,0.032353118,,0.000633422,0.002111482,0.001241963
0,2020,0,0,0.003193372,0.002320188,,,0.00778804,0.007866585,,,0.000469956,0.000521,,,0.000533434,0.000306947,0.007159824,0.008596635,0.000266625,0.000276737,,,0,0,0,0,0,0,0,0,0.005698483,0.003690422,0,0,0.000587065,0.000519343,0,0,,,0.000479272,0.000125511,0.020478842,0.019388305,0.137445731,0.129240821,0.001544417,0.001751696,0.002952115,0.001490142,0.00155798,0.00162765,0,0,0,0,0.004019258,0.004293708,1.15E-05,1.15E-05,0.001366594,0.001172498,0,0,0.001561904,0.002371849,,,0.00317039,0.003823004,0.001635356,0.001555711,0,0,0.036468469,0.022832631,0.005638955,0.00443886,0,0,,,0.023145305,0.030894396,0.018984727,0.015924003,0.019385223,0.015419309,,,9.49E-07,8.06E-07,,0,0.017537139,0.016264253
5,2020,0,0,0.002421635,0.001819359,,,0.00302148,0.00312626,,,0.00049505,0.000529603,,,0.002730575,0.002604772,0.002994291,0.003480874,0.000203805,0.000211299,,,0,0,0,0,0,0,0,0,0.011369109,0.00973958,0,0,0.00052019,0.0004604,0,0,,,0,0,0.034600109,0.031902278,0.155738428,0.142781808,0.002698466,0.002411572,0.001452487,0.000814608,0.001157094,0.001239457,0,0,0,0,0.008012033,0.008388454,6.28E-05,6.26E-05,0.000548291,0.000571606,0,0,0.000687488,0.001042292,,,0.040794467,0.054483575,0.007300791,0.011817087,0,0,0.009998863,0.00677813,0.00364981,0.003008295,0,0,,,0.042757105,0.042025716,0.016858795,0.014365597,0.001984026,0.001243998,,,0.003000874,0.003183792,,0,0.0033739,0.002632434
10,2020,0.000886679,0.000896966,0.002244097,0.001696275,,,0.00280523,0.002894139,,,0.001246685,0.000774759,,,0.015886542,0.015823279,0.002242555,0.002745404,0.00017925,0.000185071,,,0,0,0,0,0,0,0,0,0.014567128,0.012930304,0,0,0.00050167,0.000438958,0,0,,,1.14E-05,8.65E-06,0.035301744,0.032162374,0.204414867,0.172311805,0.004132392,0.003222759,0.001094134,0.000626151,0.001056521,0.001128074,0,0,0,0,0.017170671,0.013615086,0.000139471,0.000134575,0.000224329,0.00023456,0,6.95E-05,0.000450573,0.00067066,,,0.058550912,0.083068474,0.012775985,0.024887686,7.47E-05,0.000100889,0.009510483,0.006410517,0.003398122,0.002815848,0,0,,,0.060264536,0.064088931,0.015197269,0.013015198,0.000990576,0.000741222,,,0.021361394,0.02372145,,0,0.001522724,0.000925385
15,2020,0.004306824,0.004390917,0.002028751,0.001578626,,,0.002245448,0.002361675,,,0.011199609,0.002802201,,,0.043138889,0.042815727,0.002005621,0.002573058,0.000153363,0.000159739,,,5.75E-06,2.10E-05,0.002742863,0.002396926,3.52E-06,4.40E-05,0,0,0.021336041,0.021078316,0,0,0.000461152,0.000408367,0,0,,,0.017410517,0.006410343,0.035795801,0.03473564,0.246888271,0.211013746,0.007937529,0.004547742,0.000931166,0.000632664,0.000918676,0.000997163,0.014006135,0.010996324,0,0,0.018855863,0.009830963,0.000170209,0.000164706,0.0002488,0.000240906,0,0.002815431,0.000326698,0.000482428,,,0.053861195,0.072908223,0.026297135,0.046785944,0.000446801,0.000469584,0.008613024,0.005892444,0.003064625,0.002586457,4.58E-07,1.19E-06,,,0.040749263,0.05200687,0.0890913,0.059536681,0.001269064,0.000928915,,,0.043322431,0.050060456,,0.000637572,0.001201994,0.000652909
20,2020,0.005915798,0.006110917,0.00186672,0.001499721,,,0.001448893,0.001514404,,,0.035416445,0.00634772,,,0.067045387,0.066616481,0.001836961,0.002425067,0.000128123,0.00013203,,,1.86E-05,7.71E-05,0.004596408,0.003791273,7.86E-06,0.000340693,0,0,0.028054199,0.030587333,2.68E-06,1.22E-06,0.000398333,0.000354201,4.03E-06,5.92E-06,,,0.023075783,0.013405266,0.043850805,0.054331976,0.260509706,0.221096862,0.015312253,0.006270815,0.000617632,0.000698073,0.000802169,0.000873957,0.022842152,0.016841307,1.13E-05,0,0.019269701,0.007539971,0.000188295,0.000183725,0.000304845,0.000276346,0,0.004967377,0.000256508,0.000378198,,,0.045196861,0.063534015,0.047741423,0.057779357,0.001342922,0.001100306,0.007987792,0.005474675,0.002782686,0.002376593,1.21E-06,4.02E-06,,,0.021595505,0.032787867,0.172792222,0.117087892,0.001555961,0.001130664,,,0.040110384,0.047308588,,0.005035266,0.001285125,0.000687273
25,2020,0.00638167,0.006663955,0.00174148,0.001439294,,,0.001259544,0.001321985,,,0.052502685,0.007968907,,,0.079700157,0.079845548,0.001750205,0.002312537,0.000102244,0.00010146,,,5.73E-05,0.000109586,0.0066531,0.005436492,2.87E-05,0.000917332,0,0,0.034884278,0.03983631,1.81E-05,8.35E-06,0.00027512,0.000228327,1.21E-05,9.41E-06,,,0.019307047,0.013953478,0.045623036,0.059845348,0.271606469,0.214553251,0.024142445,0.008132649,0.000410141,0.000379903,0.000717963,0.000795382,0.031580514,0.023039834,2.13E-05,0,0.018094286,0.007060882,0.000197135,0.000193956,0.000395555,0.000339046,0,0.004436669,0.000214436,0.000316879,,,0.041172384,0.059082106,0.061363731,0.058699579,0.002289611,0.001658801,0.007690932,0.005292062,0.002566822,0.002211745,5.52E-06,7.29E-06,,,0.018145771,0.032167653,0.320834338,0.227746287,0.001855048,0.001345543,,,0.038555522,0.044130481,,0.009055558,0.004785095,0.002533056
30,2020,0.006454665,0.006772043,0.001631303,0.001380767,,,0.001231734,0.001299827,,,0.060825003,0.008530716,,,0.0926792,0.093009648,0.001706415,0.002247844,8.21E-05,7.89E-05,,,0.000113235,0.000298104,0.008712728,0.007212492,4.03E-05,0.003686994,0,0,0.041972662,0.048176503,5.00E-05,2.29E-05,0.000156701,0.000112795,3.02E-05,2.89E-05,,,0.012795561,0.01064926,0.046097094,0.061719944,0.284860877,0.222693557,0.034469201,0.010346307,0.000280693,0.000230205,0.000625445,0.000714786,0.041748668,0.030668993,3.02E-05,0,0.017055087,0.006617475,0.000212491,0.000210015,0.000485986,0.000402046,0,0.004978571,0.000187905,0.000277779,,,0.039049127,0.056220883,0.070000601,0.060280207,0.003255264,0.002172731,0.00731297,0.004978625,0.002387023,0.002071775,1.41E-05,2.39E-05,,,0.020426441,0.039691365,0.374957567,0.267831716,0.002174012,0.001571582,,,0.037833205,0.043463276,,0.026776026,0.004539643,0.002426162
35,2020,0.006648597,0.00701574,0.001475664,0.001297054,,,0.001215244,0.001286521,,,0.06345783,0.00846998,,,0.103233594,0.103947295,0.001699198,0.00217698,6.73E-05,6.24E-05,,,0.000108887,0.000470219,0.010673591,0.009066701,4.16E-05,0.00691792,0,0,0.051113297,0.05755971,0.000102989,4.62E-05,0.000100764,6.52E-05,3.49E-05,5.05E-05,,,0.009600376,0.00789526,0.046969127,0.060306692,0.314452554,0.251140272,0.045095301,0.012684318,0.000202774,0.000155469,0.000536908,0.00061676,0.055541975,0.042270118,3.21E-05,0,0.016074896,0.006185972,0.000229454,0.000227534,0.000575421,0.000463679,0,0.003985077,0.000168824,0.000250455,,,0.037893373,0.054571457,0.07296978,0.057285465,0.004062917,0.002576983,0.006996728,0.004758085,0.00214557,0.001907443,1.76E-05,4.29E-05,,,0.025608877,0.047101193,0.411345481,0.300844385,0.002508551,0.001807327,,,0.037530466,0.04361046,,0.036624432,0.004534406,0.002376024
40,2020,0.006975582,0.007408238,0.00128416,0.001193364,,,0.001205106,0.001278237,,,0.064122897,0.00831393,,,0.111030061,0.113533452,0.001628782,0.002125337,5.48E-05,4.94E-05,,,0.00018734,0.000573957,0.013964416,0.011837588,7.34E-05,0.009775289,0.000156524,0.000182046,0.067788493,0.071661851,0.000184165,8.19E-05,7.62E-05,4.69E-05,0.0001,0.000125661,,,0.008358155,0.006077085,0.048115647,0.056970849,0.330911937,0.268366818,0.056438626,0.015401659,0.000153864,0.000115367,0.000451897,0.000520398,0.073198159,0.057935218,0.000120773,0,0.015119293,0.005763008,0.000244215,0.00024282,0.000740358,0.000568627,0,0.002424909,0.00015483,0.000230959,,,0.037420937,0.054036208,0.076076071,0.053873234,0.004757313,0.002976321,0.006689751,0.004554623,0.001854406,0.001724196,4.56E-05,6.37E-05,,,0.032165358,0.054385283,0.441412011,0.326685538,0.002858744,0.002052974,,,0.037326076,0.043564171,,0.032746392,0.004218873,0.002227882
45,2020,0.007166574,0.007632802,0.001079558,0.001081466,,,0.001196484,0.001270786,,,0.061567842,0.008162934,,,0.12476194,0.128503907,0.001598121,0.002118275,4.50E-05,4.02E-05,,,0.000250686,0.000604917,0.023547211,0.018566592,9.34E-05,0.009056492,0.000991996,0.001166832,0.086246758,0.085696135,0.000317548,0.00014464,5.18E-05,3.03E-05,0.00018683,0.000167566,,,0.00764075,0.005785925,0.048641197,0.054092679,0.334287743,0.274604728,0.066867275,0.018178803,0.000109632,7.96E-05,0.000361446,0.000431675,0.094750014,0.076556917,0.000391865,0,0.01416918,0.005345963,0.000254322,0.000253447,0.001008637,0.000732714,0,0.001186551,0.000144502,0.000217579,,,0.037879484,0.05475483,0.079290058,0.048863916,0.005365843,0.003348298,0.006493081,0.004421684,0.0015467,0.001534801,8.19E-05,8.27E-05,,,0.03667706,0.059800839,0.472449972,0.351675037,0.003224217,0.00230919,,,0.036896416,0.043234671,,0.018962212,0.003859622,0.00206519
50,2020,0.007195757,0.007652919,0.000901069,0.000965281,,,0.001186194,0.00126114,,,0.056732037,0.007963124,,,0.150193226,0.156519053,0.001612005,0.002122169,3.70E-05,3.27E-05,,,0.000487688,0.000689944,0.039069739,0.030168799,0.000164061,0.008799516,0.002266462,0.002740195,0.105999671,0.100867039,0.000509862,0.000241825,2.76E-05,1.52E-05,0.000453478,0.000255725,,,0.007205879,0.00606144,0.048042398,0.054135905,0.343290855,0.284435893,0.077244184,0.021512764,6.54E-05,4.59E-05,0.000272376,0.00034831,0.122634322,0.099531591,0.001565787,0,0.013215,0.004934158,0.000256196,0.000255743,0.001288757,0.00090236,0,0.000732099,0.000135845,0.000206454,,,0.038647574,0.055772826,0.079560195,0.041202633,0.00612002,0.003825206,0.006367586,0.004296385,0.001274545,0.001344674,0.000150969,0.000109129,,,0.040000493,0.063623984,0.496693709,0.365912348,0.003605494,0.002576413,,,0.036693002,0.043262691,,0.013398176,0.003611506,0.001902511
55,2020,0.00707534,0.007493973,0.000782758,0.00087362,,,0.001155865,0.001231651,,,0.047557969,0.007519898,,,0.189773893,0.201405978,0.001579023,0.002044368,3.12E-05,2.80E-05,,,0.000604835,0.000605792,0.054361236,0.044082001,0.000228247,0.00733254,0.003857221,0.004801067,0.133164296,0.124020129,0.0008052,0.000404856,1.65E-05,8.58E-06,0.000720278,0.000271982,,,0.006767855,0.005186507,0.047994345,0.057210435,0.372735923,0.316832407,0.08530854,0.024414349,4.24E-05,2.92E-05,0.000188588,0.000273889,0.166962385,0.133976855,0.003282253,0,0.012246298,0.004524457,0.000253529,0.000253326,0.001580723,0.001077133,0,0.000233918,0.000128265,0.000196508,,,0.039412564,0.056473721,0.076821928,0.036421047,0.006734578,0.004219639,0.006309158,0.004200571,0.001088076,0.001195896,0.000241709,9.95E-05,,,0.043042985,0.065334156,0.521561507,0.392124134,0.004003034,0.002854954,,,0.037080195,0.043365994,,0.007378785,0.00315237,0.001713856
60,2020,0.006746551,0.007106019,0.000695661,0.000775132,,,0.001050851,0.001128482,,,0.038086835,0.006863814,,,0.252756197,0.270491409,0.001476392,0.001901676,2.57E-05,2.42E-05,,,0.000748173,0.000658135,0.069936319,0.058788552,0.000273895,0.007428236,0.006222471,0.00826995,0.169014055,0.159438134,0.001342245,0.000708618,1.13E-05,5.71E-06,0.000844338,0.000322197,,,0.006268431,0.003807855,0.048358124,0.061644077,0.415454464,0.36320222,0.091614142,0.027109234,2.99E-05,2.10E-05,0.000119255,0.000205871,0.222797254,0.178104291,0.007686285,0,0.011015845,0.004305792,0.000247908,0.00024786,0.002148356,0.00149715,0,0.000172881,0.00012162,0.000187693,,,0.04038138,0.057142332,0.075611622,0.035218313,0.007234316,0.004534301,0.006285048,0.004132829,0.000943746,0.001040799,0.000271521,0.000113072,,,0.046176469,0.065304102,0.543606521,0.408170564,0.004417217,0.003145566,,,0.037453747,0.043786945,,0.006252045,0.002936988,0.001557678
65,2020,0.00615323,0.00645326,0.000612187,0.000601492,,,0.000835999,0.000911513,,,0.032198889,0.005803526,,,0.354365078,0.381584691,0.001533447,0.00183561,2.09E-05,2.04E-05,,,0.000643369,0.000621264,0.091615898,0.075512341,0.000289689,0.006161207,0.010995216,0.016085664,0.235691443,0.226930037,0.002585031,0.001404519,7.56E-06,4.07E-06,0.00071802,0.000301394,,,0.005483613,0.002919007,0.047137995,0.063854594,0.422402869,0.366545315,0.095873699,0.02938739,1.98E-05,1.59E-05,6.82E-05,0.000144354,0.275191274,0.226149064,0.008969781,0,0.009559025,0.004356627,0.000238165,0.000238234,0.003074818,0.002276028,0,0.000132974,0.000115798,0.000179829,,,0.041704162,0.058061638,0.076572124,0.035390434,0.007658982,0.004848972,0.006277076,0.004095048,0.000798869,0.000793351,0.000271604,0.000104643,,,0.050095954,0.063975335,0.580319325,0.425679204,0.004849258,0.003449209,,,0.038025178,0.04440237,,0.004091717,0.002702167,0.001470024
70,2020,0.005362517,0.005607295,0.000570983,0.00046073,,,0.000606453,0.000664274,,,0.027990136,0.004813016,,,0.487175611,0.526907388,0.001604902,0.001841252,1.97E-05,1.93E-05,,,0.000564256,0.000580864,0.116786747,0.094435388,0.000301224,0.005323675,0.021086665,0.032835991,0.333630973,0.321824822,0.004720258,0.002717786,0,0,0.000716024,0.000300135,,,0.004446051,0.002428098,0.048987488,0.064046523,0.373995089,0.313141219,0.099561511,0.031938475,0,0,3.33E-05,9.23E-05,0.315003249,0.267777865,0.008919283,0,0.008183477,0.004411833,0.000226313,0.000226449,0.004033311,0.00312836,0,0.000104098,0.000110736,0.000172858,,,0.042737945,0.058510988,0.0774605,0.035611731,0.007907125,0.005018233,0.006274684,0.004076951,0.000728313,0.000617731,0.000255605,8.99E-05,,,0.05324191,0.061515564,0.59632279,0.445376608,0.005300702,0.003767112,,,0.038170595,0.044263786,,0.002323889,0.002507064,0.001380049
75,2020,0.004466264,0.004659389,0.000560823,0.000400163,,,0.000441279,0.000482916,,,0.026902284,0.004405726,,,0.639103474,0.684043655,0.001622211,0.001857691,1.94E-05,1.89E-05,,,0.000506466,0.000449312,0.142092786,0.115462828,0.000282163,0.004332688,0.040072002,0.062097228,0.411802855,0.401728206,0.008037403,0.005116211,0,0,0.000596884,0.000228878,,,0.003402123,0.00253496,0.052259779,0.06215541,0.335602948,0.271913359,0.102892722,0.034688653,0,0,1.30E-05,5.12E-05,0.321012339,0.27557743,0.007761495,0,0.006886126,0.004467499,0.000214323,0.000214495,0.005020273,0.004051666,0,8.29E-05,0.000106341,0.000166692,,,0.043124515,0.058160546,0.0781789,0.035711208,0.008171637,0.005280723,0.006273191,0.004070991,0.0007118,0.000555149,0.000200154,5.59E-05,,,0.051530605,0.056831844,0.606157135,0.466309658,0.0057725,0.00410012,,,0.038384112,0.04410621,,0.001313187,0.00229382,0.001286209
80,2020,0.003593253,0.00374385,0.000559473,0.000384676,,,0.000324581,0.000355358,,,0.02535694,0.004074806,,,0.789502096,0.825374952,0.001708651,0.001846916,1.91E-05,1.87E-05,,,0.000437386,0.000398323,0.171802175,0.139195056,0.000300724,0.00380404,0.071116465,0.107931354,0.496988455,0.480334249,0.011068066,0.007442474,0,0,0.000526657,0.000213699,,,0.002587596,0.002895646,0.052042243,0.057913824,0.322618227,0.259856499,0.106438214,0.037324518,0,0,3.71E-06,2.22E-05,0.295340378,0.250252277,0.006170518,0,0.006462306,0.004765017,0.000200853,0.000201015,0.007937619,0.006259946,0,6.71E-05,0.000102546,0.000161265,,,0.043417469,0.057826143,0.078144529,0.034868238,0.008364009,0.005511101,0.006271238,0.004067981,0.000709784,0.000542636,0.000147815,4.57E-05,,,0.047251182,0.052457885,0.610577544,0.488061192,0.006266213,0.004449133,,,0.038519637,0.0438081,,0.000762276,0.002098617,0.001233959
0,2021,0,0,0.00323242,0.00233395,,,0.007785999,0.007774042,,,0.000466312,0.000516887,,,0.000533522,0.000309472,0.007148088,0.008472727,0.000270347,0.000281409,,,0,0,0,0,0,0,0,0,0.005711739,0.00368729,0,0,0.000594744,0.00052969,0,0,,,0.000482479,0.000126329,0.042904151,0.040467894,0.134451587,0.126051527,0.001573472,0.001750476,0.002957596,0.001498,0.001555419,0.001621446,0,0,0,0,0.004062889,0.004471881,1.17E-05,1.16E-05,0.001554359,0.0013212,0,0,0.001573516,0.00241394,,,0.003358144,0.004039877,0.001648518,0.001575322,0,0,0.036409388,0.02286582,0.005653137,0.004402275,0,0,,,0.023238355,0.030750522,0.015770582,0.013364389,0.019208312,0.01519734,,,1.38E-06,1.15E-06,,0,0.017443179,0.01611208
5,2021,0,0,0.002444166,0.001828917,,,0.003019801,0.003162635,,,0.000491038,0.000526924,,,0.002717204,0.002615744,0.002988996,0.003468214,0.000206196,0.00021511,,,0,0,0,0,0,0,0,0,0.01137766,0.009731181,0,0,0.000526639,0.000470845,0,0,,,0,0,0.071779113,0.066281464,0.152303423,0.139675666,0.002759076,0.002426158,0.001457829,0.000823432,0.001155643,0.001238464,0,0,0,0,0.00731678,0.009004785,6.41E-05,6.39E-05,0.00054821,0.000538258,0,0,0.000702586,0.001056698,,,0.042137784,0.056896392,0.007322111,0.011896734,0,0,0.010068867,0.006827261,0.003657947,0.002984192,0,0,,,0.043008924,0.041899234,0.017776826,0.015136662,0.001963295,0.001259846,,,0.003105763,0.003294507,,0,0.003405245,0.002671049
10,2021,0.000886741,0.000896791,0.002267967,0.001704728,,,0.002810793,0.002933023,,,0.001239565,0.000772736,,,0.015908481,0.015831688,0.002243093,0.002744301,0.00018142,0.000188401,,,0,0,0,0,0,0,0,0,0.014613615,0.012864178,0,0,0.000508577,0.000448842,0,0,,,1.15E-05,8.69E-06,0.072809761,0.066244608,0.199158846,0.168644151,0.004220214,0.003239582,0.001100913,0.000633638,0.001057069,0.001127346,0,0,0,0,0.015804904,0.014312741,0.000140693,0.000135583,0.000225175,0.000228439,0,6.86E-05,0.000464229,0.000674995,,,0.05985377,0.08562704,0.012787649,0.024996843,7.66E-05,0.000102633,0.009597639,0.006464494,0.003415682,0.002795549,0,0,,,0.060457263,0.063916269,0.016129253,0.013754759,0.00096811,0.000738211,,,0.022047761,0.02440607,,0,0.001554746,0.000957988
15,2021,0.00430629,0.004389835,0.002049772,0.00158671,,,0.002247927,0.002390061,,,0.011122997,0.002812006,,,0.043019423,0.042708989,0.002006019,0.002572953,0.000155095,0.00016239,,,5.52E-06,1.95E-05,0.002707031,0.002386602,3.38E-06,4.12E-05,0,0,0.021356038,0.021002805,0,0,0.000467476,0.000417486,0,0,,,0.017405142,0.006407406,0.073487204,0.071262814,0.240656561,0.205182765,0.008046997,0.00457426,0.000937426,0.000640984,0.000919994,0.000997059,0.013950723,0.011000549,0,0,0.018611818,0.010196511,0.00017196,0.000166281,0.000252224,0.000245336,0,0.002769057,0.000336401,0.000484216,,,0.054895437,0.074767134,0.026079823,0.046878288,0.000451335,0.000475561,0.008696421,0.005944211,0.003083159,0.002568859,4.38E-07,1.10E-06,,,0.040604457,0.051927094,0.089360047,0.059579919,0.001239945,0.000925493,,,0.04518446,0.051575034,,0.000575942,0.001210344,0.000663377
20,2021,0.00591417,0.006109505,0.001886055,0.001508382,,,0.001445663,0.001524788,,,0.035115872,0.006374667,,,0.067004132,0.066862881,0.001838071,0.002424993,0.000129231,0.000134024,,,1.78E-05,7.13E-05,0.004522459,0.003758365,7.58E-06,0.000318132,0,0,0.028001657,0.030464046,2.68E-06,1.21E-06,0.000403623,0.000361775,3.80E-06,5.37E-06,,,0.023051136,0.013400534,0.089721534,0.11176462,0.255009349,0.216594496,0.015401363,0.00630285,0.000621919,0.000707595,0.000803945,0.000876007,0.02291815,0.016858109,1.08E-05,0,0.01945193,0.007719539,0.000190706,0.000186012,0.000312019,0.000284703,0,0.004926309,0.000263346,0.000379162,,,0.0458403,0.064697652,0.04717034,0.057829802,0.001344568,0.001107206,0.008067919,0.005529095,0.00279909,0.002359585,1.16E-06,3.72E-06,,,0.021494467,0.03276166,0.166865583,0.11510769,0.001520372,0.001127002,,,0.041985398,0.048981498,,0.004537792,0.001180366,0.000639154
25,2021,0.006384195,0.00666357,0.001762063,0.001449575,,,0.001256873,0.001329337,,,0.05205591,0.008007659,,,0.079732589,0.080269137,0.001752892,0.002313044,0.000103064,0.00010284,,,5.41E-05,0.000104072,0.006558511,0.005383607,2.73E-05,0.000883695,0,0,0.03478278,0.039598353,1.81E-05,8.27E-06,0.000277392,0.000232287,1.13E-05,8.84E-06,,,0.019344142,0.014019845,0.092050989,0.122009242,0.265564922,0.212941196,0.024219228,0.008191211,0.000412017,0.000383978,0.000720553,0.000798489,0.031781408,0.023116389,2.02E-05,0,0.018217981,0.007219886,0.000200247,0.000196899,0.000406733,0.000344997,0,0.004363778,0.000219543,0.000317701,,,0.04177907,0.060334854,0.060734747,0.058739482,0.002298763,0.001668344,0.007774078,0.005349576,0.002584063,0.002197129,5.23E-06,6.96E-06,,,0.018125681,0.032173323,0.279746944,0.202591925,0.001813551,0.001341895,,,0.040385131,0.04593369,,0.008433635,0.003246939,0.001766281
30,2021,0.006454658,0.006771809,0.001652155,0.001393443,,,0.001229086,0.001307237,,,0.060343361,0.008574065,,,0.092482947,0.09302395,0.001708553,0.002248655,8.25E-05,7.96E-05,,,0.00010744,0.000290644,0.008605005,0.007146442,3.84E-05,0.00363022,0,0,0.041808252,0.047735033,5.00E-05,2.28E-05,0.000156338,0.000113949,2.83E-05,2.77E-05,,,0.012884312,0.010800374,0.091508252,0.123447325,0.276510936,0.220006433,0.034592356,0.010389994,0.000280639,0.000231568,0.00062931,0.000718884,0.041968618,0.030839992,2.89E-05,0,0.017108946,0.006759048,0.000212338,0.000209768,0.000501009,0.000404587,0,0.004944395,0.000191704,0.000278642,,,0.039607803,0.057529231,0.069221294,0.060292879,0.003272848,0.002191432,0.007394491,0.005042005,0.002404281,0.00206106,1.35E-05,2.34E-05,,,0.020487852,0.039694782,0.368094544,0.268110533,0.002124405,0.001567574,,,0.039577322,0.045201144,,0.025548684,0.004500193,0.002427369
35,2021,0.006649239,0.007015669,0.001497969,0.001311518,,,0.001213125,0.00129435,,,0.062949985,0.008493572,,,0.10327615,0.103762816,0.001701818,0.00217793,6.74E-05,6.31E-05,,,0.000114074,0.000480576,0.010559126,0.00899497,4.37E-05,0.007153807,0,0,0.051003385,0.056908525,0.000103263,4.62E-05,0.000100037,6.56E-05,3.61E-05,5.05E-05,,,0.009674644,0.008037914,0.090774362,0.116572858,0.30534364,0.247198749,0.045402727,0.012735018,0.000202611,0.000156082,0.000541345,0.000622011,0.055616889,0.042379387,3.33E-05,0,0.016078454,0.006310086,0.000229959,0.000227934,0.000594143,0.000461861,0,0.003954621,0.000171763,0.000251392,,,0.038422187,0.055821308,0.072117706,0.057266225,0.004084977,0.002602435,0.007080418,0.004823743,0.002164559,0.001899014,1.86E-05,4.42E-05,,,0.025665286,0.047197667,0.407104455,0.301080937,0.002451389,0.001803095,,,0.03930054,0.045393063,,0.036688466,0.004432681,0.002363991
40,2021,0.006975829,0.00740816,0.001306691,0.001208555,,,0.001203302,0.001286408,,,0.063635522,0.008337521,,,0.111041914,0.113057162,0.001631669,0.002126251,5.49E-05,4.99E-05,,,0.000196996,0.000585334,0.013836423,0.011757657,7.73E-05,0.010086076,0.000156921,0.000182156,0.067835325,0.070804972,0.000184306,8.21E-05,7.57E-05,4.71E-05,0.000103925,0.000125737,,,0.008388061,0.006160921,0.091214453,0.10807042,0.323434383,0.263820866,0.056982233,0.015446149,0.000153972,0.000115793,0.000456598,0.000525909,0.072960753,0.057873523,0.000127131,0,0.015030389,0.005869975,0.000243861,0.000242391,0.000762848,0.000565095,0,0.002393103,0.000157249,0.000232027,,,0.037968925,0.055259459,0.07509341,0.053815867,0.004782168,0.003004044,0.006768858,0.004618835,0.001873989,0.001715838,4.85E-05,6.55E-05,,,0.032161091,0.054603831,0.439428908,0.326388909,0.002793144,0.002048609,,,0.039142994,0.045437586,,0.032801292,0.004187596,0.002221713
45,2021,0.007166469,0.007632672,0.001101808,0.001097618,,,0.001195027,0.001279284,,,0.061128524,0.008245687,,,0.124843372,0.127983653,0.001601391,0.00211919,4.50E-05,4.05E-05,,,0.000266828,0.000626741,0.023340213,0.018418186,9.88E-05,0.009439139,0.000993618,0.001165657,0.086284496,0.084730095,0.000315383,0.000143733,5.13E-05,3.03E-05,0.000197265,0.000170806,,,0.007651242,0.005817858,0.092445103,0.103871901,0.326861269,0.270371602,0.067634272,0.018233969,0.000109551,7.98E-05,0.000365779,0.000436618,0.094495735,0.076528915,0.00041901,0,0.013985037,0.005436235,0.000254791,0.000253807,0.001034278,0.000731915,0,0.001170041,0.000146631,0.000218793,,,0.038443823,0.05596404,0.078212493,0.04876995,0.005388525,0.00337878,0.006567434,0.00448236,0.001566364,0.001527024,8.85E-05,8.69E-05,,,0.036698112,0.059927918,0.469529892,0.351481635,0.003149697,0.002304593,,,0.038733897,0.045154269,,0.019393719,0.003821105,0.002066009
50,2021,0.007195503,0.007652791,0.000922641,0.000982819,,,0.001185205,0.0012701,,,0.056291105,0.008082127,,,0.150269565,0.156029766,0.001615718,0.002123366,3.70E-05,3.30E-05,,,0.000493296,0.00070255,0.038736149,0.029870103,0.000164865,0.00896743,0.002266965,0.002734693,0.10579053,0.099878942,0.000504963,0.000238691,2.70E-05,1.51E-05,0.000455016,0.00025656,,,0.00721864,0.006055248,0.091706118,0.10463294,0.334198426,0.281093984,0.078177911,0.021585101,6.49E-05,4.59E-05,0.000275944,0.000352443,0.122752613,0.099736931,0.001586847,0,0.01294676,0.005008781,0.000257502,0.000256961,0.001315437,0.000905659,0,0.000722268,0.000137761,0.00020778,,,0.039261876,0.057010709,0.078403975,0.04108544,0.006140012,0.003857152,0.006434488,0.004353839,0.00129199,0.001339234,0.000155461,0.000112941,,,0.0400914,0.063601087,0.493112601,0.367098591,0.003521821,0.002571628,,,0.038488555,0.045149827,,0.013434202,0.003513058,0.001916676
55,2021,0.007075097,0.007493884,0.000803195,0.000891046,,,0.00115565,0.001241443,,,0.047039036,0.007592719,,,0.189985292,0.200906814,0.001583064,0.002045455,3.13E-05,2.83E-05,,,0.000597171,0.000615973,0.054188816,0.04372819,0.000223955,0.007418997,0.003853292,0.00480267,0.132415082,0.123104219,0.000803791,0.000398403,1.61E-05,8.47E-06,0.000708996,0.000273271,,,0.006798079,0.005182634,0.092044749,0.109253814,0.36455552,0.314626031,0.086290086,0.024525872,4.21E-05,2.91E-05,0.000191325,0.000276989,0.168026715,0.134380707,0.003234426,0,0.011900913,0.004584359,0.000254819,0.000254574,0.001606328,0.00108569,0,0.00022704,0.000130023,0.000197942,,,0.040066816,0.057764691,0.075619824,0.036287073,0.006760173,0.004256176,0.006371621,0.004255045,0.001100905,0.001191528,0.000244317,0.000103113,,,0.043131563,0.065455483,0.521819924,0.392317829,0.003909663,0.002849874,,,0.038815024,0.045203336,,0.007400382,0.003153283,0.001722746
60,2021,0.006746442,0.007105966,0.000714742,0.000791225,,,0.001050971,0.001137764,,,0.037547555,0.006888717,,,0.25282085,0.269679504,0.001480666,0.00190188,2.58E-05,2.44E-05,,,0.000748518,0.00067224,0.069927776,0.058482463,0.000271534,0.007534383,0.006211336,0.008266003,0.16779339,0.158578989,0.001351344,0.000697243,1.10E-05,5.65E-06,0.000851735,0.000326756,,,0.006313999,0.003822716,0.092072809,0.114939845,0.409441648,0.36031558,0.092453061,0.027289525,2.96E-05,2.10E-05,0.000120844,0.000208206,0.224918143,0.178573926,0.007639223,0,0.010665867,0.004354847,0.000249407,0.000249322,0.002193545,0.001533028,0,0.000167804,0.000123249,0.000189186,,,0.041090959,0.05852338,0.074306688,0.035070523,0.007258,0.004571842,0.006345181,0.004184729,0.000951094,0.00103664,0.000282421,0.000118637,,,0.046250128,0.065675619,0.543226139,0.408931875,0.00431381,0.003140115,,,0.039148565,0.045589615,,0.006286588,0.002924008,0.001569396
65,2021,0.006153212,0.006453239,0.000630003,0.000615488,,,0.000835041,0.000916199,,,0.031839839,0.005806823,,,0.353591714,0.379970741,0.001537639,0.001835518,2.11E-05,2.06E-05,,,0.000625617,0.000628885,0.091585824,0.075264645,0.000279452,0.006192257,0.010975547,0.016048863,0.234870611,0.226022249,0.002612278,0.001380397,7.41E-06,4.02E-06,0.000713724,0.000305457,,,0.00551997,0.00293906,0.088230099,0.117107806,0.417545384,0.362422401,0.096641092,0.029598491,1.97E-05,1.59E-05,6.89E-05,0.000145936,0.27704623,0.226194384,0.008597774,0,0.009277248,0.004401154,0.000240086,0.000240113,0.003172539,0.002361469,0,0.000129168,0.000117331,0.00018136,,,0.042481723,0.059554534,0.07515242,0.035222429,0.007681008,0.004887082,0.006336926,0.004144881,0.000800644,0.000791154,0.000280506,0.000110011,,,0.050198686,0.064100964,0.577035022,0.427179573,0.004735401,0.003443671,,,0.039739689,0.04623675,,0.004093027,0.002717836,0.001478234
70,2021,0.005362515,0.005607287,0.000588092,0.000473484,,,0.000604955,0.000666448,,,0.027933939,0.004797338,,,0.486553678,0.524251717,0.001608857,0.001840989,1.99E-05,1.95E-05,,,0.000539995,0.000583211,0.116728396,0.09432885,0.0002857,0.005305552,0.021083967,0.032728664,0.333455659,0.321001036,0.00476733,0.002685918,0,0,0.00071008,0.000305149,,,0.004472015,0.002445044,0.088209485,0.117605048,0.367331686,0.309331359,0.100331261,0.032172973,0,0,3.34E-05,9.29E-05,0.315703716,0.267137501,0.008358557,0,0.007951483,0.004452923,0.000228212,0.000228341,0.004182718,0.003258817,0,0.000101183,0.000112185,0.000174405,,,0.043582709,0.060113204,0.075951314,0.035399686,0.007923905,0.005056724,0.006334375,0.00412527,0.000727361,0.000617433,0.000265286,9.49E-05,,,0.053402238,0.061202065,0.593484071,0.445672549,0.005175401,0.003761455,,,0.039957673,0.046199239,,0.002314972,0.002495222,0.001392936
75,2021,0.004466261,0.004659386,0.00057779,0.000412363,,,0.00043956,0.000483896,,,0.027187365,0.004357112,,,0.638840452,0.68082702,0.001626058,0.00185727,1.96E-05,1.92E-05,,,0.000476883,0.000443124,0.142126623,0.115822916,0.000264726,0.004269001,0.040077221,0.061878803,0.410751334,0.401160528,0.008085673,0.005117152,0,0,0.000588399,0.00023049,,,0.003432314,0.002545647,0.093979203,0.111350114,0.327949125,0.2686944,0.103745999,0.034901067,0,0,1.30E-05,5.13E-05,0.321326674,0.274797113,0.00715853,0,0.006687255,0.004506631,0.000215914,0.000216095,0.005225865,0.004224305,0,8.06E-05,0.000107736,0.000168246,,,0.043982656,0.059770816,0.076593821,0.035433593,0.008188459,0.005321762,0.006332731,0.004118887,0.000710139,0.000555495,0.000207686,5.90E-05,,,0.051563637,0.056637575,0.60372003,0.466276557,0.005635396,0.004094146,,,0.040243895,0.046120867,,0.001294245,0.00230501,0.00129166
80,2021,0.003593251,0.003743849,0.000576424,0.000396715,,,0.000322984,0.000355944,,,0.025919827,0.003999668,,,0.788965473,0.822810395,0.001712651,0.001846414,1.93E-05,1.89E-05,,,0.000408466,0.000384499,0.171458705,0.140131768,0.000279984,0.003709863,0.070878871,0.107605905,0.494947021,0.480139857,0.011143843,0.00750227,0,0,0.000518225,0.000212621,,,0.002623455,0.002906148,0.090955926,0.09914896,0.316329076,0.257016882,0.107310068,0.037581313,0,0,3.65E-06,2.21E-05,0.296067681,0.249744995,0.005737744,0,0.006273255,0.004814917,0.000202645,0.000202827,0.008240069,0.006356835,0,6.53E-05,0.000103901,0.000162788,,,0.044294945,0.059441393,0.076485629,0.034568905,0.008381477,0.005553593,0.00633056,0.004115921,0.000708103,0.000543076,0.000153231,4.77E-05,,,0.047091667,0.052723,0.609092922,0.487699158,0.006116181,0.004442929,,,0.040372902,0.045813034,,0.000748414,0.002121206,0.001240326
0,2022,0,0,0.003268233,0.002350774,,,0.007806271,0.007722444,,,0.000464734,0.000515359,,,0.000535107,0.000313288,0.007155097,0.008390978,0.00027487,0.000287626,,,0,0,0,0,0,0,0,0,0.005745646,0.003703073,0,0,0.000606897,0.000545563,0,0,,,0.000488363,0.00012766,0.046756048,0.044003262,0.131811132,0.123268907,0.001558426,0.001746204,0.002976511,0.001517868,0.00156058,0.001624671,0,0,0,0,0.004157003,0.004701228,1.18E-05,1.18E-05,0.001746804,0.001490894,0,0,0.001589129,0.002471276,,,0.001974945,0.00237625,0.00167263,0.00160473,0,0,0.036471526,0.022911188,0.005678648,0.004384063,0,0,,,0.023405934,0.030753174,0.012537511,0.01085839,0.019132583,0.01516761,,,1.58E-06,1.30E-06,,0,0.017390992,0.016040902
5,2022,0,0,0.002470281,0.001836082,,,0.003036647,0.00320925,,,0.00048936,0.000525089,,,0.002720023,0.002629999,0.002998316,0.003461972,0.000209579,0.000219367,,,0,0,0,0,0,0,0,0,0.011439617,0.009728938,0,0,0.000538011,0.000484618,0,0,,,0,0,0.078024826,0.071895911,0.149490004,0.136892261,0.002700329,0.002418949,0.001473142,0.000836285,0.001160757,0.001240102,0,0,0,0,0.007020101,0.00974904,6.61E-05,6.57E-05,0.000551034,0.000522323,0,0,0.000720995,0.001074141,,,0.039160527,0.051003889,0.007385489,0.011998737,0,0,0.010200026,0.006890273,0.003682323,0.002965153,0,0,,,0.04349747,0.041827321,0.018409224,0.015861871,0.002041174,0.001253397,,,0.002370132,0.002505534,,0,0.003445988,0.002717752
10,2022,0.000889584,0.000897613,0.002291385,0.001710083,,,0.002828938,0.002979797,,,0.001236134,0.000771705,,,0.015979937,0.015854759,0.002251085,0.002747102,0.000184175,0.000192033,,,0,0,0,0,0,0,0,0,0.014698378,0.012808382,0,0,0.000519419,0.000461643,0,0,,,1.16E-05,8.71E-06,0.078256501,0.070903654,0.194805802,0.165317696,0.004183782,0.003243919,0.001113551,0.000643937,0.001061639,0.001128499,0,0,0,0,0.015135447,0.015197094,0.000142303,0.000136641,0.000227668,0.000225862,0,6.80E-05,0.000479349,0.000680904,,,0.064161652,0.094616048,0.01285807,0.025140162,7.88E-05,0.000104365,0.009727512,0.006525376,0.00344026,0.002778093,0,0,,,0.06088091,0.063793741,0.017122717,0.014720102,0.000986066,0.000738463,,,0.018868242,0.020750917,,0,0.001595312,0.000994108
15,2022,0.004315142,0.00439178,0.002067897,0.001591213,,,0.00225844,0.002423714,,,0.011073003,0.002829262,,,0.042982041,0.042624654,0.002010857,0.002575292,0.000157186,0.000165212,,,5.36E-06,1.99E-05,0.002687144,0.002380173,3.30E-06,4.21E-05,0,0,0.02140548,0.020953632,0,0,0.000476882,0.000429103,0,0,,,0.01743214,0.006402486,0.078384377,0.075722563,0.234772006,0.199325769,0.007911064,0.004558869,0.000947828,0.000651873,0.000923871,0.000998053,0.013926681,0.011008932,0,0,0.018540338,0.010685729,0.000173962,0.000167834,0.000259635,0.000253858,0,0.00272038,0.000346859,0.00048681,,,0.057971117,0.078699686,0.026023327,0.047014147,0.000457179,0.000481287,0.008810192,0.006000111,0.003103798,0.002552924,4.23E-07,1.12E-06,,,0.04054077,0.051854196,0.090544868,0.060230384,0.00126322,0.000925304,,,0.044991923,0.05170519,,0.000569357,0.001221575,0.000674761
20,2022,0.005919977,0.006110388,0.001900466,0.001512734,,,0.00144653,0.001537663,,,0.034883966,0.006422751,,,0.067023606,0.067163011,0.001841337,0.002426353,0.000130508,0.000136113,,,1.77E-05,7.64E-05,0.004469943,0.003737427,7.60E-06,0.000342859,0,0,0.027965359,0.030380805,2.68E-06,1.19E-06,0.000410934,0.000371376,3.75E-06,5.66E-06,,,0.023043347,0.013384066,0.090915179,0.109122571,0.249453447,0.211737365,0.015007835,0.006249657,0.000628229,0.000719661,0.000807135,0.000878357,0.023072607,0.016882853,1.08E-05,0,0.019839196,0.007984829,0.000193321,0.000188328,0.000325063,0.000297974,0,0.004883879,0.000270503,0.000380608,,,0.046939412,0.066582297,0.046903545,0.057916982,0.00134787,0.001113583,0.008168959,0.005584954,0.0028138,0.002343453,1.15E-06,3.99E-06,,,0.021395333,0.032792933,0.171315663,0.115289522,0.001548334,0.001126282,,,0.041691126,0.049031851,,0.004722818,0.001139456,0.000613804
25,2022,0.006391201,0.006663984,0.001776481,0.001454662,,,0.001257234,0.001338492,,,0.051740981,0.008065054,,,0.079836196,0.080717516,0.001756633,0.002314258,0.000103972,0.000104267,,,5.58E-05,0.000115623,0.006483846,0.005349075,2.85E-05,0.000990709,0,0,0.034709722,0.039443873,1.82E-05,8.18E-06,0.000280549,0.000237394,1.15E-05,9.70E-06,,,0.019392842,0.014081739,0.091731294,0.117871798,0.259520071,0.211215844,0.023756541,0.008143479,0.000414739,0.000389088,0.000723924,0.000801286,0.032180352,0.02320924,2.08E-05,0,0.018492779,0.007456937,0.000204191,0.000200559,0.000423328,0.000352927,0,0.004296617,0.000224798,0.00031875,,,0.042849556,0.062323871,0.060438518,0.058801964,0.002309606,0.001677707,0.007873206,0.005405469,0.002597821,0.002182131,5.39E-06,7.75E-06,,,0.018113921,0.032209579,0.253443417,0.179719235,0.0018487,0.001340933,,,0.040107589,0.045888965,,0.009153602,0.001789949,0.000977933
30,2022,0.006457506,0.00677188,0.001666383,0.001399006,,,0.001228959,0.001316295,,,0.060037705,0.008624913,,,0.092334427,0.09302151,0.001711218,0.002249889,8.30E-05,8.04E-05,,,0.000113687,0.000321416,0.008516121,0.00710294,4.08E-05,0.004044286,0,0,0.041693987,0.047439466,5.02E-05,2.26E-05,0.000156142,0.000115539,2.97E-05,3.03E-05,,,0.012982167,0.01095089,0.089206845,0.116671847,0.268502207,0.217535719,0.033973338,0.010379677,0.000280849,0.000233241,0.00063382,0.000722166,0.042411183,0.03104732,3.05E-05,0,0.017254998,0.006970935,0.000212201,0.000209464,0.000519974,0.000407221,0,0.00490911,0.000195529,0.00027958,,,0.040607831,0.059588126,0.06883559,0.060330243,0.003291809,0.002210804,0.007486992,0.005099866,0.002416303,0.002047898,1.42E-05,2.59E-05,,,0.020567595,0.03967144,0.374319592,0.268746745,0.002165162,0.001566421,,,0.039204862,0.044918662,,0.027565013,0.004476011,0.002423396
35,2022,0.006651243,0.007015737,0.001512169,0.001317737,,,0.001213195,0.001303816,,,0.062630108,0.008516835,,,0.10331298,0.103571902,0.001704491,0.002179057,6.76E-05,6.38E-05,,,0.000112719,0.000510857,0.010464097,0.00894705,4.33E-05,0.007652297,0,0,0.05095718,0.056450263,0.000103567,4.61E-05,9.94E-05,6.61E-05,3.51E-05,5.27E-05,,,0.009754241,0.008179714,0.085792887,0.10618024,0.29670351,0.243277344,0.044648083,0.012742813,0.000202555,0.000156828,0.00054584,0.000626191,0.055803868,0.042524952,3.29E-05,0,0.016106509,0.006498041,0.000230615,0.000228448,0.000615053,0.000460114,0,0.003925737,0.000174546,0.0002523,,,0.039399766,0.057856386,0.07167552,0.057286228,0.004107785,0.002627314,0.007172769,0.004882455,0.002176522,0.0018865,1.82E-05,4.70E-05,,,0.025713778,0.047285198,0.410114197,0.300520077,0.00249909,0.001801675,,,0.038960529,0.045141053,,0.038032969,0.004349735,0.00234012
40,2022,0.006977005,0.007408159,0.001321131,0.00121571,,,0.001203477,0.001296198,,,0.063265966,0.008359611,,,0.11107972,0.112560647,0.001634389,0.002127305,5.49E-05,5.03E-05,,,0.000192871,0.000624588,0.013729122,0.011703689,7.61E-05,0.010876637,0.000157414,0.000182367,0.067957677,0.070146123,0.000184218,8.20E-05,7.52E-05,4.74E-05,9.99E-05,0.000131854,,,0.008419198,0.00624356,0.08420478,0.096100773,0.31603611,0.259242903,0.055997795,0.01543783,0.000154139,0.000116308,0.000460698,0.000530693,0.072790964,0.057841332,0.000125067,0,0.014993731,0.006033726,0.000243417,0.000241814,0.00078672,0.000561559,0,0.002363729,0.000159385,0.000233008,,,0.038793115,0.057063043,0.074572544,0.053815655,0.004810188,0.003032418,0.006857636,0.004675522,0.001886137,0.001703569,4.70E-05,7.02E-05,,,0.032112782,0.054864273,0.43976323,0.327661174,0.002848108,0.002046955,,,0.038859528,0.045221649,,0.034291951,0.004172272,0.002206156
45,2022,0.007166974,0.007632639,0.001116575,0.001106022,,,0.001195385,0.001289385,,,0.060673648,0.008328829,,,0.124946878,0.127449698,0.001604345,0.002120167,4.50E-05,4.09E-05,,,0.000250479,0.000638781,0.023176475,0.018309599,9.37E-05,0.009701889,0.000995576,0.001164438,0.086405107,0.083973252,0.000312043,0.000142094,5.08E-05,3.04E-05,0.000181547,0.000171105,,,0.007658622,0.005848189,0.085227225,0.093128013,0.31932251,0.265832112,0.066427937,0.018196223,0.000109488,8.00E-05,0.00036903,0.000441225,0.094318918,0.076555665,0.000396744,0,0.013897449,0.00557697,0.000255118,0.000254011,0.001062724,0.000730996,0,0.001158688,0.000148424,0.000219898,,,0.039312163,0.057805877,0.077611767,0.048751905,0.00541734,0.003412163,0.006651154,0.00453657,0.00157808,0.001516774,8.18E-05,8.89E-05,,,0.036708459,0.060091285,0.471482302,0.350376428,0.00321218,0.002302568,,,0.038472359,0.044924809,,0.019466212,0.003797919,0.002060894
50,2022,0.007195677,0.00765278,0.0009375,0.000992851,,,0.001185836,0.001280687,,,0.055725646,0.008201228,,,0.150390016,0.155418374,0.001618939,0.002124548,3.71E-05,3.33E-05,,,0.000504027,0.000717057,0.038473253,0.029611811,0.000168482,0.00915603,0.002267869,0.002726941,0.1057465,0.099105546,0.000497526,0.000234082,2.63E-05,1.50E-05,0.000454205,0.000256172,,,0.007226325,0.006043449,0.084998472,0.094714984,0.324644822,0.277292759,0.076745696,0.021456069,6.43E-05,4.59E-05,0.000278489,0.000356533,0.123038839,0.100027741,0.001640811,0,0.012810119,0.005125263,0.000258715,0.000258109,0.001348533,0.000908908,0,0.000716623,0.000139325,0.000208983,,,0.040209938,0.058955963,0.077787206,0.041059128,0.006168127,0.003897521,0.006513673,0.004406772,0.001302225,0.001332256,0.000155713,0.000115015,,,0.040235575,0.063548984,0.494214325,0.361916023,0.003592421,0.002569218,,,0.038122026,0.044777422,,0.013426495,0.003432346,0.001924909
55,2022,0.007075118,0.007493898,0.000817318,0.000901513,,,0.001156805,0.001252679,,,0.046299832,0.007665539,,,0.190278264,0.200296072,0.001586486,0.002046481,3.14E-05,2.86E-05,,,0.000641558,0.000617107,0.054051363,0.04338936,0.000240338,0.007442847,0.003845441,0.00480328,0.131877328,0.122410051,0.000799908,0.000391085,1.57E-05,8.36E-06,0.000739784,0.000266886,,,0.006825171,0.005172642,0.085252362,0.097633376,0.356655408,0.31210754,0.084872346,0.02428234,4.17E-05,2.91E-05,0.000193234,0.000280248,0.169322865,0.134857705,0.003543534,0,0.011717153,0.004677749,0.000256047,0.000255755,0.001642994,0.001094255,0,0.000223341,0.000131417,0.000199216,,,0.041082655,0.059789316,0.075010979,0.036255628,0.006792552,0.004305555,0.006448535,0.004306268,0.001108192,0.001186158,0.000254589,0.000102345,,,0.043273369,0.065545405,0.51882947,0.3893717,0.00398893,0.002847161,,,0.038389151,0.044752859,,0.007263509,0.003155371,0.001729309
60,2022,0.00674645,0.007105984,0.0007281,0.000801048,,,0.001052043,0.001148194,,,0.036712337,0.006910384,,,0.252987697,0.268641959,0.001484239,0.001902011,2.59E-05,2.46E-05,,,0.000812397,0.000667277,0.069942719,0.058177228,0.00029493,0.007533461,0.006194563,0.008267102,0.166951516,0.157921353,0.001359865,0.000684779,1.07E-05,5.58E-06,0.000883914,0.000313374,,,0.00635983,0.003834908,0.084190966,0.099515925,0.404248372,0.357494721,0.090906398,0.0269657,2.93E-05,2.10E-05,0.000121836,0.000210624,0.227168577,0.179046275,0.008509741,0,0.010478595,0.004435857,0.00025075,0.000250649,0.002249771,0.001568934,0,0.00016511,0.000124518,0.000190502,,,0.042090707,0.060540147,0.073659075,0.035035202,0.007291258,0.004626011,0.006421062,0.004234073,0.000954947,0.001031998,0.000290602,0.000114923,,,0.046340157,0.066066051,0.540202187,0.404109614,0.00440212,0.003137317,,,0.038668851,0.04500562,,0.006077146,0.002913075,0.001580569
65,2022,0.006153225,0.006453259,0.000642748,0.000624391,,,0.000834741,0.000921708,,,0.031311014,0.0058072,,,0.352837515,0.377982724,0.001541163,0.001835467,2.12E-05,2.08E-05,,,0.000717972,0.00063993,0.091577823,0.075014207,0.000319103,0.006312845,0.010951058,0.016021021,0.23446675,0.225251973,0.002639648,0.001351554,7.25E-06,3.97E-06,0.000769186,0.000296376,,,0.005557811,0.002957833,0.078459802,0.098472121,0.412393072,0.358097106,0.095101233,0.029239895,1.96E-05,1.59E-05,6.94E-05,0.000147654,0.278913466,0.226238735,0.010220795,0,0.009130204,0.004484366,0.000241953,0.000241943,0.003270995,0.002447226,0,0.000127182,0.000118501,0.000182674,,,0.043564616,0.061706569,0.07444202,0.035177022,0.007715988,0.004945299,0.006412386,0.004192312,0.000801709,0.000788911,0.000295448,0.000107466,,,0.050301146,0.064241084,0.57812279,0.418638657,0.004833351,0.003440463,,,0.039252873,0.045628725,,0.00404705,0.002734432,0.0014845
70,2022,0.005362525,0.005607299,0.000600559,0.000481704,,,0.000603962,0.000669104,,,0.027840476,0.004778052,,,0.485772646,0.521154402,0.001612153,0.001840882,2.00E-05,1.97E-05,,,0.000635466,0.000604515,0.116664698,0.094200018,0.000332522,0.0054625,0.021079915,0.032623019,0.33351087,0.320200152,0.00481594,0.002638096,0,0,0.000770099,0.000297019,,,0.0044989,0.00246103,0.074947152,0.09815132,0.361012003,0.305085087,0.098699041,0.031759247,0,0,3.35E-05,9.36E-05,0.316313843,0.266475307,0.010274947,0,0.00783256,0.004536803,0.000230117,0.000230188,0.004332445,0.003389759,0,9.97E-05,0.000113285,0.000175711,,,0.044885337,0.062561565,0.075184655,0.035327871,0.007955796,0.005114077,0.006409649,0.004172219,0.000727016,0.000617385,0.000276933,9.20E-05,,,0.053563146,0.060872198,0.593876387,0.441693698,0.00528361,0.003757778,,,0.039549095,0.045673965,,0.002289614,0.002484611,0.001404512
75,2022,0.004466267,0.004659393,0.000590093,0.000420423,,,0.000438205,0.000485218,,,0.027425692,0.004300516,,,0.638420415,0.677195973,0.001629237,0.001857051,1.97E-05,1.94E-05,,,0.000584518,0.000477323,0.14212651,0.116044306,0.000311496,0.004470168,0.040084506,0.061641895,0.40998124,0.400658858,0.008143633,0.005101854,0,0,0.000656294,0.000230015,,,0.003464936,0.00255496,0.078469846,0.090591421,0.320898283,0.265244297,0.101998837,0.034438812,0,0,1.29E-05,5.14E-05,0.321533082,0.273941096,0.00906306,0,0.006585792,0.004590502,0.000217482,0.000217633,0.005431468,0.004396998,0,7.95E-05,0.000108782,0.000169544,,,0.045315421,0.062247639,0.075765713,0.035319495,0.008220643,0.00537964,0.006408167,0.004165392,0.00070945,0.000556165,0.000219637,5.79E-05,,,0.05159849,0.056414267,0.604523612,0.464839327,0.005754305,0.004090244,,,0.039837943,0.045587869,,0.001312897,0.002317155,0.001295532
80,2022,0.003593255,0.003743853,0.000588689,0.000404749,,,0.000321728,0.000356796,,,0.026481789,0.003908539,,,0.788307982,0.819621128,0.001715966,0.00184611,1.94E-05,1.92E-05,,,0.000488574,0.000416938,0.171112949,0.140727354,0.000324591,0.003894451,0.070634729,0.107251661,0.493234671,0.48004505,0.011237416,0.007547165,0,0,0.000552696,0.0002087,,,0.002661956,0.002914115,0.073484008,0.07654475,0.310373374,0.253845638,0.105526638,0.037107238,0,0,3.57E-06,2.19E-05,0.296667384,0.249227326,0.006819936,0,0.006176429,0.004918699,0.000204311,0.000204455,0.008543251,0.006509734,0,6.45E-05,0.000104917,0.000164038,,,0.045551501,0.061765786,0.075593532,0.034438336,0.008413286,0.005610464,0.006406193,0.004162586,0.000707281,0.000543838,0.000154773,4.58E-05,,,0.046922996,0.05297904,0.60849871,0.488893338,0.006246479,0.004438811,,,0.039992454,0.045301758,,0.000731666,0.002143179,0.00124554
0,2023,0,0,0.003307819,0.002376934,,,0.007850519,0.007765021,,,0.00046942,0.000517131,,,0.000540235,0.000314434,0.00719179,0.008435586,0.000275936,0.000288856,,,0,0,0,0,0,0,0,0,0.005782763,0.003710413,0,0,0.00061438,0.000551898,0,0,,,0.000494739,0.000129011,0.038150627,0.03581058,0.129587666,0.120664561,0.001561981,0.001750761,0.003001068,0.001531262,0.001566469,0.00163071,0,0,0,0,0.00415957,0.00470707,1.19E-05,1.19E-05,0.001733912,0.001514669,0,0,0.001595975,0.002484892,,,0.001163135,0.001398566,0.00168618,0.001596872,0,0,0.036561998,0.022994218,0.005719792,0.004417944,0,0,,,0.023523888,0.030948668,0.012568333,0.011038159,0.019136087,0.015176662,,,1.53E-06,1.26E-06,,0,0.017453654,0.016131452
5,2023,0,0,0.002505659,0.00185666,,,0.00305625,0.003223348,,,0.000490834,0.000525895,,,0.002768571,0.00263132,0.003015148,0.00347603,0.000210452,0.00021998,,,0,0,0,0,0,0,0,0,0.011434009,0.009709857,0,0,0.000544703,0.00048945,0,0,,,0,0,0.065235529,0.059949127,0.147126569,0.134488268,0.002702794,0.002417191,0.00148622,0.000842485,0.001166035,0.001243352,0,0,0,0,0.007187404,0.009922687,6.80E-05,6.75E-05,0.000541927,0.00053443,0,0,0.000724447,0.001078621,,,0.047281181,0.059201598,0.007348698,0.01184252,0,0,0.010254925,0.006922402,0.003722384,0.002992976,0,0,,,0.04345211,0.042031341,0.018424911,0.01632639,0.002043349,0.001252729,,,0.001782123,0.001876721,,0,0.003463258,0.002735936
10,2023,0.000892067,0.000898499,0.002320248,0.001726445,,,0.002842629,0.002988282,,,0.001237418,0.000771732,,,0.016042142,0.015876626,0.002260231,0.002753917,0.000184631,0.000192261,,,0,0,0,0,0,0,0,0,0.014508405,0.012859741,0,0,0.000525009,0.000465514,0,0,,,1.09E-05,8.36E-06,0.064240774,0.058000685,0.190502596,0.161001744,0.004179713,0.003235978,0.001121564,0.000647676,0.001064682,0.001129642,0,0,0,0,0.015559385,0.01546829,0.000144401,0.000138256,0.0002323,0.000233243,0,6.72E-05,0.000480833,0.000682664,,,0.083106677,0.124435942,0.012769489,0.02477365,7.81E-05,0.000102388,0.009761364,0.006544262,0.003471488,0.002799383,0,0,,,0.061117947,0.063952595,0.017096686,0.015048573,0.000985506,0.000736873,,,0.016803661,0.018359293,,0,0.001604841,0.000996628
15,2023,0.004323044,0.004394512,0.002091746,0.001605786,,,0.002267067,0.002429524,,,0.011214519,0.002848683,,,0.043076954,0.042764261,0.002017012,0.002580537,0.000157415,0.000165336,,,5.35E-06,2.01E-05,0.002699235,0.002381424,3.31E-06,4.27E-05,0,0,0.021101044,0.021010085,0,0,0.000481568,0.000432538,0,0,,,0.017419164,0.006378203,0.063551748,0.061179516,0.225407677,0.191932921,0.00790024,0.004547234,0.000953737,0.000655432,0.000925619,0.0009987,0.014121147,0.011076396,0,0,0.019047541,0.010876559,0.000175784,0.000169267,0.000270585,0.000263949,0,0.002664378,0.000347594,0.000487866,,,0.070953766,0.094371655,0.025936414,0.046325389,0.000458494,0.000473514,0.008828505,0.006012936,0.003128219,0.002571251,4.16E-07,1.12E-06,,,0.040926507,0.051705461,0.089499721,0.059937887,0.001261314,0.000922966,,,0.04679601,0.053028171,,0.000565006,0.001220915,0.000667559
20,2023,0.005930787,0.006113044,0.001922268,0.001526187,,,0.001451525,0.001540596,,,0.035297962,0.00649171,,,0.066982785,0.067239771,0.00184673,0.002430637,0.000130685,0.000136175,,,1.77E-05,7.62E-05,0.004478473,0.003756258,7.67E-06,0.000343565,0,0,0.027897172,0.030444516,2.72E-06,1.20E-06,0.000414941,0.000374274,3.73E-06,5.68E-06,,,0.023042493,0.013352391,0.068272435,0.076976421,0.238384669,0.202775946,0.014986817,0.006233594,0.000632108,0.00072344,0.000808613,0.000878746,0.023516355,0.017095226,1.08E-05,0,0.020377937,0.008131084,0.000195982,0.000190598,0.000338373,0.000307386,0,0.004811235,0.00027106,0.000381357,,,0.055091554,0.078066955,0.046944352,0.057104235,0.001360409,0.001105057,0.008182434,0.005593554,0.002835249,0.002359414,1.14E-06,3.93E-06,,,0.021425346,0.033180887,0.165338468,0.113669991,0.00154591,0.001123209,,,0.043377498,0.050256323,,0.00463826,0.001145021,0.000597479
25,2023,0.006398883,0.006665243,0.001795492,0.001467272,,,0.001260719,0.001340658,,,0.052285294,0.008118093,,,0.080054094,0.080547817,0.001760592,0.002317639,0.000104038,0.000104275,,,5.55E-05,0.000115737,0.006483519,0.005384966,2.86E-05,0.001001465,0,0,0.034957427,0.039503319,1.84E-05,8.25E-06,0.000283104,0.000239184,1.14E-05,9.80E-06,,,0.019389905,0.014051225,0.067833887,0.082414355,0.249201083,0.205124287,0.023704003,0.008120704,0.000417038,0.000391037,0.000724781,0.000801429,0.032892777,0.023662453,2.09E-05,0,0.018986716,0.007595088,0.000207744,0.000203818,0.000432825,0.000356251,0,0.004269001,0.00022512,0.000319299,,,0.05068442,0.073619313,0.06051996,0.057998084,0.002317895,0.001671575,0.0078797,0.005411133,0.002615202,0.002195906,5.31E-06,7.72E-06,,,0.018135317,0.032383057,0.245069175,0.177055725,0.001844648,0.001336957,,,0.04170957,0.047345036,,0.009092203,0.001814623,0.000941771
30,2023,0.006462425,0.006772438,0.001683227,0.001410788,,,0.001231917,0.001318361,,,0.060499093,0.008598615,,,0.092679681,0.092839926,0.001714302,0.002252841,8.30E-05,8.04E-05,,,0.000114365,0.000319834,0.00850808,0.007151866,4.13E-05,0.004057619,0,0,0.0422568,0.047485943,5.05E-05,2.26E-05,0.000157497,0.000116392,2.98E-05,3.05E-05,,,0.012972821,0.010922062,0.065050439,0.080522337,0.260190142,0.211228962,0.033884748,0.010350595,0.000282276,0.000234382,0.00063416,0.000722113,0.043318881,0.031696546,3.08E-05,0,0.017706717,0.007099598,0.000212646,0.000209709,0.00052558,0.000404266,0,0.00484897,0.000195727,0.000280026,,,0.048232413,0.070829006,0.068978816,0.059539698,0.003297794,0.002206587,0.007487382,0.00510142,0.002430768,0.002060177,1.41E-05,2.57E-05,,,0.020598138,0.03933834,0.36629654,0.26648312,0.002159485,0.001561598,,,0.040663824,0.046159742,,0.027137001,0.004460692,0.002323902
35,2023,0.006654642,0.007015966,0.001526859,0.001328214,,,0.001215893,0.00130589,,,0.062768362,0.008287092,,,0.102900536,0.103648807,0.001707104,0.002181772,6.76E-05,6.38E-05,,,0.000111707,0.000507551,0.010459356,0.009003199,4.31E-05,0.007642137,0,0,0.051772995,0.056481095,0.000102905,4.54E-05,0.00010019,6.66E-05,3.45E-05,5.28E-05,,,0.009743879,0.008151836,0.061435111,0.071518688,0.288178952,0.235829394,0.044517776,0.012706604,0.000203533,0.000157587,0.00054596,0.000625813,0.057093235,0.043476492,3.26E-05,0,0.016520224,0.006617564,0.000231201,0.000228848,0.000616876,0.00045092,0,0.003869912,0.000174683,0.000252694,,,0.046898123,0.069023122,0.071837136,0.05658245,0.004120758,0.002622429,0.007169708,0.0048808,0.00218801,0.001896518,1.78E-05,4.64E-05,,,0.025527388,0.047010842,0.40547322,0.298812313,0.002491884,0.001796036,,,0.040429176,0.046427773,,0.037336773,0.004357556,0.00222564
40,2023,0.006979159,0.007408254,0.001333371,0.001224777,,,0.001206012,0.001298322,,,0.062813578,0.007941298,,,0.11058854,0.113124942,0.001636561,0.002129871,5.49E-05,5.03E-05,,,0.000190942,0.000620108,0.013725259,0.011780428,7.56E-05,0.010871686,0.000157729,0.000183337,0.068962046,0.070170122,0.000181465,8.01E-05,7.58E-05,4.78E-05,9.85E-05,0.000131705,,,0.008410168,0.006218695,0.059129636,0.063327018,0.306111011,0.250823494,0.055827698,0.015395046,0.000154851,0.000116869,0.000460675,0.000529983,0.074634763,0.059118291,0.000124219,0,0.015365135,0.006142984,0.000243186,0.000241397,0.000786547,0.000547019,0,0.002328534,0.00015948,0.000233366,,,0.046089977,0.067970646,0.074702563,0.053196034,0.004842324,0.003031419,0.006851276,0.00467123,0.001894662,0.001711173,4.59E-05,6.94E-05,,,0.03173363,0.054951486,0.437785334,0.323753316,0.002839312,0.002040508,,,0.040345028,0.04659474,,0.033690239,0.004180102,0.002100661
45,2023,0.007168185,0.00763269,0.001126324,0.001113959,,,0.001197836,0.001291565,,,0.059196081,0.007838927,,,0.124119398,0.127917303,0.001606258,0.002122696,4.49E-05,4.08E-05,,,0.000243809,0.00062791,0.023241071,0.018519011,9.13E-05,0.009580701,0.00099852,0.001166829,0.087617288,0.083915579,0.000307136,0.000139075,5.12E-05,3.06E-05,0.000175088,0.000169603,,,0.007640194,0.005819373,0.059279661,0.061324968,0.307857983,0.255085236,0.066214793,0.018145381,0.00010997,8.03E-05,0.000368814,0.000440458,0.096609335,0.077795257,0.000387239,0,0.014224615,0.005675015,0.000255511,0.000254266,0.001065472,0.000712911,0,0.001148599,0.000148492,0.000220239,,,0.046919502,0.069065909,0.077511208,0.04823442,0.005472494,0.003417921,0.006642114,0.004530685,0.001583271,0.001522451,7.84E-05,8.72E-05,,,0.036614633,0.060236749,0.467696595,0.348185213,0.003201831,0.002295304,,,0.03998567,0.046361436,,0.019054262,0.003820649,0.001894123
50,2023,0.007196153,0.007652846,0.000945397,0.001000111,,,0.001188199,0.001282927,,,0.053401631,0.007700088,,,0.149098931,0.154776697,0.001620729,0.002127073,3.70E-05,3.32E-05,,,0.000495342,0.000704423,0.038731135,0.030075957,0.000165472,0.00901205,0.002270569,0.00271683,0.107120034,0.098949321,0.000488078,0.000230938,2.65E-05,1.50E-05,0.000443803,0.000253735,,,0.007197361,0.006006713,0.059140651,0.062776822,0.313224358,0.264945069,0.076490767,0.021396493,6.44E-05,4.59E-05,0.000278348,0.000356034,0.125518177,0.100925629,0.001618244,0,0.013087858,0.005211399,0.00025999,0.000259252,0.001358256,0.000887566,0,0.000715464,0.000139375,0.000209306,,,0.048146302,0.070589124,0.077788162,0.040676923,0.006229657,0.003916856,0.006503638,0.004400838,0.001305141,0.001336965,0.000151126,0.000112552,,,0.040595937,0.063419965,0.490801681,0.364341187,0.003580502,0.002561102,,,0.039581226,0.046176611,,0.013037328,0.003468708,0.001757441
55,2023,0.007075208,0.007493992,0.000824025,0.000908259,,,0.001159081,0.00125491,,,0.043880045,0.007225446,,,0.189176929,0.199347517,0.001588191,0.002048934,3.13E-05,2.86E-05,,,0.00063309,0.000598716,0.054301301,0.044019869,0.000237629,0.007258376,0.003821252,0.004787226,0.133229281,0.122299257,0.0007732,0.000390237,1.57E-05,8.40E-06,0.00072657,0.000260867,,,0.006796865,0.005137554,0.059055577,0.063894819,0.350575834,0.300673257,0.084584081,0.024214158,4.16E-05,2.91E-05,0.000193142,0.000279953,0.171459026,0.135689221,0.003520827,0,0.011940421,0.004750028,0.000257361,0.000257022,0.001663895,0.001070111,0,0.000223344,0.000131455,0.000199524,,,0.049260786,0.07160486,0.075164856,0.035952754,0.006843644,0.00433505,0.006438038,0.004300481,0.001109613,0.001189993,0.000248413,9.88E-05,,,0.043676717,0.065286975,0.519215908,0.389120238,0.003975481,0.002838231,,,0.039795824,0.046172858,,0.00699692,0.003128242,0.001560194
60,2023,0.006746467,0.007106032,0.000733911,0.000807007,,,0.001054113,0.001150252,,,0.034392634,0.006541278,,,0.252462902,0.267336109,0.001485944,0.001904366,2.59E-05,2.46E-05,,,0.000813388,0.000647035,0.070191309,0.058811833,0.000295182,0.00735154,0.006157332,0.00829839,0.167964121,0.157897828,0.001307332,0.000686243,1.07E-05,5.59E-06,0.000880058,0.000305242,,,0.006340521,0.003808602,0.058197026,0.063574876,0.401741316,0.350943254,0.09059459,0.026888554,2.92E-05,2.10E-05,0.000121789,0.000210436,0.228624134,0.180035397,0.008562767,0,0.010655579,0.004511372,0.000252176,0.000252055,0.002263874,0.001536126,0,0.000165111,0.000124556,0.000190793,,,0.050456873,0.072463742,0.073847406,0.034754685,0.007353628,0.004666734,0.006410659,0.004228133,0.000955087,0.001034678,0.000287188,0.000110946,,,0.046416604,0.06586025,0.540524263,0.406536057,0.004387239,0.003127409,,,0.040037918,0.04636671,,0.005833432,0.00285316,0.001439657
65,2023,0.006153261,0.006453275,0.000647687,0.000628996,,,0.000836263,0.000923253,,,0.029303715,0.00552909,,,0.351672271,0.376824481,0.001542937,0.001837718,2.12E-05,2.08E-05,,,0.000717346,0.000628971,0.09192377,0.075506745,0.000318134,0.006234906,0.010922166,0.016096133,0.234579985,0.225203411,0.002570408,0.001343927,7.28E-06,3.98E-06,0.000764453,0.000292562,,,0.005546136,0.002938348,0.053496578,0.0617352,0.406405735,0.35067252,0.094774031,0.029154011,1.96E-05,1.59E-05,6.93E-05,0.000147575,0.279915296,0.227470689,0.010232887,0,0.009286874,0.004585502,0.000243874,0.000243875,0.003238643,0.002396423,0,0.000127182,0.000118537,0.000182956,,,0.052366677,0.074081777,0.074598215,0.034887223,0.007799886,0.00499557,0.006401828,0.00418659,0.000800607,0.000789741,0.000291548,0.000105246,,,0.050167461,0.064403462,0.573988144,0.425148115,0.004816955,0.003429566,,,0.040644582,0.04704063,,0.00394555,0.002693066,0.001372217
70,2023,0.005362546,0.005607306,0.000605072,0.000485111,,,0.000604926,0.000670099,,,0.025983833,0.004589585,,,0.48309912,0.52038035,0.001613988,0.001843104,2.00E-05,1.97E-05,,,0.000620829,0.000589601,0.116965236,0.094540903,0.000325793,0.005375092,0.021003632,0.032695702,0.332795322,0.320147521,0.004746363,0.002590028,0,0,0.000746113,0.000290137,,,0.004491619,0.002444427,0.049836196,0.061681847,0.354470499,0.294825759,0.098358165,0.031664564,0,0,3.35E-05,9.36E-05,0.317077685,0.268032215,0.010060867,0,0.007975334,0.004664706,0.000232071,0.000232112,0.004238872,0.003318024,0,9.97E-05,0.00011332,0.000175982,,,0.054169827,0.075425999,0.075289766,0.03506025,0.008052458,0.005154015,0.00639927,0.004166698,0.000725283,0.000616813,0.000266814,8.90E-05,,,0.053400738,0.061329061,0.590466823,0.443215219,0.005265764,0.003745881,,,0.041030189,0.047219481,,0.002204995,0.00247253,0.00129897
75,2023,0.00446628,0.004659397,0.000594499,0.000423297,,,0.000438758,0.000485831,,,0.024885018,0.004149493,,,0.635765326,0.675991226,0.001631086,0.001859285,1.96E-05,1.94E-05,,,0.000571723,0.000471516,0.14264736,0.116039588,0.000305968,0.004442095,0.040028904,0.061610339,0.409358496,0.400502418,0.008105908,0.004920372,0,0,0.000635651,0.000228104,,,0.003461511,0.002538393,0.051603658,0.056832767,0.313188055,0.25554728,0.101644746,0.034332682,0,0,1.29E-05,5.14E-05,0.322067243,0.27556478,0.008861195,0,0.006718646,0.004745608,0.000219108,0.00021922,0.005259693,0.004301252,0,7.95E-05,0.000108817,0.00016981,,,0.054631953,0.075040304,0.075795978,0.035092119,0.008319765,0.00541041,0.006397902,0.004159958,0.000707568,0.000555068,0.000211168,5.68E-05,,,0.051627464,0.0565009,0.600756272,0.463332664,0.005734908,0.004077293,,,0.041355697,0.047187821,,0.001279173,0.002248755,0.001214073
80,2023,0.003593262,0.003743855,0.000593079,0.000407483,,,0.000322025,0.000357145,,,0.02334347,0.003790022,,,0.786162934,0.819501784,0.001717893,0.001848337,1.94E-05,1.91E-05,,,0.000465964,0.000404268,0.172829589,0.140229168,0.000314148,0.003851581,0.070765382,0.107144147,0.49339536,0.479962636,0.011233624,0.007206239,0,0,0.000516603,0.000201567,,,0.002660803,0.00289634,0.048284118,0.046757545,0.301663683,0.243989279,0.105155926,0.036988182,0,0,3.57E-06,2.19E-05,0.297016398,0.250825222,0.006496391,0,0.006319092,0.005086653,0.000206003,0.000206131,0.008362043,0.00663155,0,6.45E-05,0.000104952,0.000164293,,,0.054794601,0.074308709,0.075597836,0.034228484,0.008511137,0.005632997,0.006395995,0.004157237,0.00070538,0.000542633,0.000143362,4.37E-05,,,0.047230723,0.052414374,0.606225396,0.484112261,0.006225374,0.004424813,,,0.041577821,0.046985622,,0.000691228,0.002093214,0.001174064