Age,Year,AlzheimersDisease_male,AlzheimersDisease_female,BreastCancer_male,BreastCancer_female,COPD_male,COPD_female,COVID19_male,COVID19_female,CardiovascularDiseases_male,CardiovascularDiseases_female,CervicalCancer_male,CervicalCancer_female,ChronicLiverDisease_male,ChronicLiverDisease_female,DiarrhealDiseases_male,DiarrhealDiseases_female,HIV_male,HIV_female,InterpersonalViolence_male,InterpersonalViolence_female,LowerRespiratoryInfections_male,LowerRespiratoryInfections_female,MaternalConditions_male,MaternalConditions_female,NeonatalEncephalopathy_male,NeonatalEncephalopathy_female,RoadInjuries_male,RoadInjuries_female,SelfHarm_male,SelfHarm_female,Tuberculosis_male,Tuberculosis_female,Type2Diabetes_male,Type2Diabetes_female
0,2000,,,,,,,0.0,0.0,51.63709312607814,97.63480579299843,,,1.0790504032318744,1.0321266909870483,636.2209804609909,593.7773270665309,501.1687658637654,465.7039335962024,7.9338584751746914,8.892481072684278,6623.521111555962,6148.933668033258,,,100657.94193889126,100871.87801547741,231.5316267504458,291.7067775779964,,,47.57271084225318,44.52728260446781,,
0,2001,,,,,,,0.0,0.0,50.22858306888376,96.06189476794391,,,1.0090005480701765,0.9775652843500984,858.1600139787131,771.3061259874082,607.0834746411666,560.9037755776244,7.307267497548471,8.02687580789163,6678.76406310272,6099.8286385366455,,,98511.30030840458,99735.82597203314,224.67813684915134,279.32862020138924,,,50.51976711142192,44.666303956830454,,
0,2002,,,,,,,0.0,0.0,48.185768271034874,92.99253434442906,,,0.9426279975891289,0.9231629914874554,482.75451201804765,433.3638270462385,694.4304431970577,637.3783455718454,6.5828609449321105,7.138067092612715,6638.4109805965545,5978.874274157139,,,95629.12894337252,97701.45160666281,213.04934740520872,264.21946084901765,,,52.75212450265615,43.77389871235833,,
0,2003,,,,,,,0.0,0.0,46.89264700980128,91.62654510678922,,,0.8944078562556553,0.8908343669542734,492.586215384576,428.10534494318233,770.2587267910629,705.4657478267977,6.277943174660688,6.759562403841609,6583.169808609569,5882.31349048514,,,93620.97468431987,96580.84217224798,208.66875124255267,253.388183724815,,,55.01813333162502,43.015778888611464,,
0,2004,,,,,,,0.0,0.0,45.49097373142486,90.17460593773689,,,0.8530230402407276,0.863219922655624,477.1393283841727,402.8672760574861,818.7914501758864,747.0106901330761,6.106218110785532,6.7300676096157055,6513.25375129298,5812.522141179443,,,91654.23018992179,95364.9889190594,200.2595212259017,240.44895468736456,,,56.73833534323072,42.04804788173221,,
0,2005,,,,,,,0.0,0.0,44.13314518240178,89.26911832811913,,,0.8224245413479753,0.837554267292318,406.905206979792,332.55251261822224,803.0334111864996,732.4863827773653,6.344270597268028,7.136560699420677,6364.166600012691,5716.407861261176,,,89560.13625596043,94010.91706698861,194.0531140616031,230.97714571177312,,,60.08288583616119,43.02757759300875,,
0,2006,,,,,,,0.0,0.0,43.671012901290766,89.98096211024423,,,0.8474182962770879,0.8712741030218132,396.73376516395297,318.9928427873777,777.3276942631283,708.4629291871971,6.5596701438050875,7.589571337114426,6155.2275652730805,5624.973766411381,,,87717.91330479183,92881.80489838733,191.93624028615383,227.10848629909526,,,64.79007688570394,45.63481624618166,,
0,2007,,,,,,,0.0,0.0,42.81981454660105,89.27995267466123,,,0.90951470729794,0.9350991039606662,404.93419449185296,323.0466534149516,818.538211880133,738.5400473718616,6.878550771126928,8.031796492743682,5901.278255774486,5497.813375272078,,,86000.14346262703,91928.16487009442,186.8540833725747,222.0777437834878,,,66.85902819504263,46.67849802935324,,
0,2008,,,,,,,0.0,0.0,42.36538667129208,88.98258098044025,,,0.8948742460245629,0.9218115867157212,418.72620400776697,331.4685087662897,841.8314858121631,752.1042620735526,7.16884306574034,8.454420160199508,5682.5350537326385,5366.570579086458,,,84507.29139639139,91232.02412893123,183.23638084422345,218.55319737979733,,,69.78907992567046,48.386133281477555,,
0,2009,,,,,,,0.0,0.0,42.20728862448949,88.9557791669345,,,0.8825296295382515,0.9101882158063116,439.7723521615276,344.16191683713964,820.4221965697285,722.9177977576825,7.570511843176467,8.870881556854957,5415.365535912175,5245.536084895752,,,83286.97896920257,90700.2191183797,180.17106696013383,216.16670505611748,,,74.67518981267719,50.90998652859342,,
0,2010,,,,,,,0.0,0.0,40.85920783573693,88.48854906334034,,,0.8921830939772777,0.9324419619339216,412.15852164091973,332.7623046950805,527.4096722106201,477.7877810311881,7.446989732861359,8.937101824631275,5077.216034636812,5098.084299276013,,,81804.91205110775,90214.20600825534,175.66214001367868,215.59752011120145,,,66.26652754009442,46.34873896197287,,
0,2011,,,,,,,0.0,0.0,40.32208152507577,90.04432781461782,,,1.0160155700559883,1.0706539476335375,347.76201057734966,289.2359594575675,312.1281564268556,291.6601167273026,7.2774869083811815,9.032550393901499,4774.122398584045,4957.2017344133765,,,80553.76627768186,89924.1274536451,175.9423690482306,222.14327267624478,,,57.59466049527367,41.54486133906613,,
0,2012,,,,,,,0.0,0.0,40.591738921191215,91.64253964554011,,,1.163100315163089,1.1968913177900384,308.4761816467232,256.94619957023053,289.60717336486334,269.6475872907366,7.635966128403082,9.30821559443888,4543.643672734454,4850.328648994715,,,79351.13940448055,89694.14953801493,173.67688704412495,225.28396622970268,,,57.17084796797009,41.18067497659969,,
0,2013,,,,,,,0.0,0.0,41.435043106171314,94.35538686440411,,,1.263087075961064,1.2623250806690594,275.3308818853702,229.0968378874689,281.5897357239478,260.3697123101192,7.848618434117227,9.405728411096948,4375.5534810158215,4783.1526816466385,,,78095.91824812161,89343.32527287996,174.09396647730824,230.96728607690642,,,56.077496395134986,40.71089287847624,,
0,2014,,,,,,,0.0,0.0,42.145864892263354,96.63026509741309,,,1.3503247236604756,1.3151818758696934,251.2773044631752,208.85191613152023,270.1767013936377,250.3909211948106,8.241299080613556,9.563255204603754,4249.639076604645,4648.089458325611,,,76844.87550090047,88986.09081470093,175.4387938577794,236.66659927030963,,,56.92335868165863,42.36586590944905,,
0,2015,,,,,,,0.0,0.0,42.911249176775534,98.17180428151909,,,1.406512052530548,1.3423849784513835,237.62507400973118,198.37012471541215,226.20388682317315,211.26537415200636,8.743977007165022,9.735331280554732,4121.740405362313,4453.528586134587,,,75745.0293648705,88348.90362001906,173.6131563643135,242.73396611482133,,,58.43891334338487,44.372493762695186,,
0,2016,,,,,,,0.0,0.0,41.93609739420731,96.64467354838717,,,1.4697443545578932,1.3796169525736306,208.3999815457814,176.54446607327856,201.0678059414321,187.5961656117386,8.679987132531204,9.54494459295296,3916.0157252350887,4181.485436469747,,,74676.16805068949,87072.22982441445,173.51825660158528,245.9875501879271,,,54.382139739980424,42.09891820288303,,
0,2017,,,,,,,0.0,0.0,41.78674848510362,96.94275451582799,,,1.6045500051223467,1.4862523875309863,188.0818009736489,161.9195109978756,157.6839465905562,148.6605790099206,8.926641908600292,9.75998171611954,3734.965493857121,3942.5811768416766,,,73754.56190035673,86069.85121543524,174.47639992286088,250.47859888908906,,,53.14577910231759,41.90416469009943,,
0,2018,,,,,,,0.0,0.0,41.6358591657969,97.17225016270629,,,1.6776144491384646,1.5492932090818583,173.99758828531938,151.1006597166151,92.86868709681396,89.57197741858221,9.284125907634001,9.93318640683512,3572.7552925174527,3729.7250860187205,,,72916.0774217891,85119.85429292283,179.7896426582347,255.2731798661603,,,53.3532359659693,42.36922903063612,,
0,2019,,,,,,,0.0,0.0,42.53662914924085,99.02360707405319,,,1.760814222374251,1.6294401922694774,159.82178348856232,139.84938835871498,82.96648239881247,79.75262360162124,9.731805418823557,10.038942745871744,3478.173623306238,3615.8372446184394,,,71938.66719027258,83958.58333978755,184.40289069931345,262.08395470056576,,,53.10114579193938,41.76594813081308,,
0,2020,,,,,,,215.77535425781048,173.8148198672153,41.76878590672666,97.22059262322063,,,1.885001574297248,1.730562837590217,155.5450211591957,136.39359444040406,74.84556254201712,71.78045612938331,10.273226135200371,10.385661232907125,2560.319221589729,2729.3349785211026,,,70646.81818153952,82508.26387756222,185.729565942013,263.7278496831442,,,53.97871743827629,42.81145386160255,,
0,2021,,,,,,,163.19324665565495,157.5825226445854,39.94031784833808,94.71063548873197,,,1.7828449434480225,1.6456262622374385,141.4437027881608,127.13765010537873,50.708375113378665,49.69381016456712,9.906909610529635,10.052071712080085,2322.2836515439863,2513.1361189500617,,,68694.21338299286,80362.01458181444,177.7061958380834,256.4590142656253,,,48.48805281454515,39.29997563883477,,
0,2022,,,,,,,68.32680091184014,63.904552776672375,39.7520821192844,92.61031684179531,,,1.627452680190096,1.4660320557611617,134.39679493182268,118.72196088784119,46.12195407021564,44.1171378085487,9.553944421252432,9.67950013103711,2756.7844104163432,2954.0286314977016,,,68548.88304139896,79640.47168604442,177.87657390967945,250.95790424120756,,,45.625631615274074,36.19653874317171,,
0,2023,,,,,,,38.435947820741866,28.52800980467822,37.28814030673052,86.35487488073997,,,1.306607595556095,1.180751085616239,120.54407820602958,106.73813198978914,45.605350587589385,43.81593543626851,8.632585435693432,9.056132152008537,3066.877320617387,3282.551032737711,,,67699.87823868013,78748.1262929649,168.3727283179244,234.97784777207963,,,39.23726515290632,32.20671722406,,
5,2000,,,,,,,0.0,0.0,3.787290079963044,5.927349552495577,,,1.410370101058251,1.2145262466343056,10.382599765232628,13.276804975371268,25.22633313299871,21.434264663385346,5.7347718168354715,4.703038048689478,15.040512779127102,15.546811365844354,,,,,29.99585077382556,34.21621109414528,,,17.86894581490979,14.05326454077796,,
5,2001,,,,,,,0.0,0.0,3.608857491303751,5.664505529812778,,,1.2007334924276494,1.0824107197358972,11.383632167174165,14.319457073983186,37.89712901803416,33.00162136052444,5.172644362502892,4.3276122536632355,14.626307681421492,15.520123691802006,,,,,28.853960543473445,32.2764374824758,,,17.94918187495519,13.817879833185804,,
5,2002,,,,,,,0.0,0.0,3.357829731732417,5.237028041318135,,,1.136522582366522,1.0556086231926347,8.396532899573069,11.390053622058153,51.44075801137123,45.67959184217111,4.445547785432461,3.820526728398286,13.82256091575326,15.052018970296674,,,,,26.8867018097843,29.54507436222607,,,17.573614700800288,13.121458527435886,,
5,2003,,,,,,,0.0,0.0,3.1140694085044345,4.92428264616473,,,1.0657834489684317,1.0330770130813642,7.919623959833463,10.858705523126837,65.35592794624299,59.29774959514652,3.987149384779442,3.528487663405046,12.974111090132448,14.557854235543898,,,,,25.588336369871172,27.605532702126936,,,17.125206424376916,12.4614427172875,,
5,2004,,,,,,,0.0,0.0,2.858535354650962,4.552580997014817,,,0.9833367823139444,0.9852631533782352,7.280166514974966,10.084999099754382,78.21908333655453,71.7838337941751,3.668697615646543,3.3652776820469303,12.090776566338226,13.79380999802004,,,,,23.578452206950505,25.026749776062896,,,16.452646732225755,11.615542942396898,,
5,2005,,,,,,,0.0,0.0,2.6354336177505093,4.254854649743783,,,0.8964262106607094,0.9199623339405048,6.242679072299506,8.912542391770037,89.2725335906883,82.37424463472261,3.51585441639965,3.2837917854577814,11.246309440760042,12.950860286170377,,,,,22.03980838380475,23.01308823961162,,,15.430414793081418,10.689455976977149,,
5,2006,,,,,,,0.0,0.0,2.4000263663994756,3.861862850668527,,,0.8344392295784282,0.8722079566132365,5.674148691380593,8.272114731992986,100.25364388478282,93.21104360572204,3.3009397767351767,3.174283742328619,10.602981331472536,12.351961209522344,,,,,20.404740076035193,20.634800524253546,,,14.33829902268142,9.935892832211684,,
5,2007,,,,,,,0.0,0.0,2.1484732938097304,3.406602519880563,,,0.7696985294440277,0.8124534884695727,5.511177353860203,7.872545327921499,109.80010179915897,102.66650695670602,3.1386069673062407,3.0448641550749183,10.000360913684156,11.70430762646988,,,,,18.429600619563107,18.119799242622214,,,13.139401576933876,9.135199607533798,,
5,2008,,,,,,,0.0,0.0,1.9343607740323772,3.008796768186517,,,0.702931964824835,0.7450261123251638,5.32402823561828,7.423287806560169,115.91885267306068,108.49350498320672,2.9348690041170116,2.850685294763576,9.38293581143302,10.955354232474193,,,,,16.645828863525345,15.93724163459171,,,11.902201103895049,8.287556588872059,,
5,2009,,,,,,,0.0,0.0,1.7608691210948848,2.68756669409077,,,0.6468271848125314,0.6826953070763722,5.14477634494147,6.968170335116846,119.076986818877,111.3183179773857,2.7451552868969964,2.640521751867503,8.79142654827416,10.230339209990117,,,,,15.176816351782616,14.20770725052818,,,10.7187205816455,7.467820615239361,,
5,2010,,,,,,,0.0,0.0,1.8115320966013209,2.728011867538192,,,0.6491061579747026,0.6860360285747615,5.385924286769107,7.035140359978667,107.26576188988028,100.4090895743298,2.838323191010573,2.6817745178735697,8.976858778634591,10.441417660563935,,,,,15.651150547908736,14.444836106166742,,,10.505255007836208,7.325190452481576,,
5,2011,,,,,,,0.0,0.0,1.901640635439972,2.7974467623634265,,,0.6823404278754234,0.7190964790653245,5.318532711196728,7.012042311841976,92.15683055083076,86.52857600602431,2.9984357979180807,2.827769256163228,9.554886166847792,11.108582227533756,,,,,16.541991123454697,14.981987588045053,,,10.711588822087636,7.4618553350468595,,
5,2012,,,,,,,0.0,0.0,1.817407708679135,2.5963662098284583,,,0.6580545400846526,0.6864898631580868,4.819972538206193,6.332321862183702,87.43448854283571,82.08277049086021,2.953142369620052,2.7368622703731513,9.374107957939346,10.825952664088158,,,,,15.537183839654604,13.933928956506929,,,10.046323554315824,6.987677045153142,,
5,2013,,,,,,,0.0,0.0,1.7590028250319625,2.4342187896408047,,,0.6527842479041981,0.6696211180304433,4.464462569934379,5.831029822192238,81.62494035031781,76.5973929968619,2.927085184524992,2.687395938435826,9.462109009628897,10.769812299453635,,,,,14.807626768685331,13.13149719019558,,,9.60774694409961,6.698245634417592,,
5,2014,,,,,,,0.0,0.0,1.8618967410895264,2.575575950943959,,,0.6579327757403468,0.6558589055111578,4.206888820071149,5.436304385943504,72.7255978242428,68.02399993868788,2.9714681354610404,2.646347291309482,9.51274437190495,10.69350293341058,,,,,15.5900111364109,14.003792587900994,,,9.221289142919154,6.482355018415946,,
5,2015,,,,,,,0.0,0.0,1.8499726017964817,2.4694942975483487,,,0.6781805746573787,0.6635172031102299,4.159334509244514,5.399266891144235,64.54047390694284,60.26049737343705,3.1404486166703216,2.7204151382750754,9.75644175768673,10.861842140830497,,,,,15.279381002248284,13.632226811429726,,,9.046440237844964,6.452751460191248,,
5,2016,,,,,,,0.0,0.0,1.839090486140916,2.406343733126755,,,0.7032554224492517,0.6752553828649955,4.118549834170101,5.405479592868996,56.23848372752893,52.33952802430533,3.2405660008960337,2.7825204855608017,10.000534416497128,11.020634834970055,,,,,15.52115830845325,13.66709292963774,,,8.884601126838527,6.426242429999693,,
5,2017,,,,,,,0.0,0.0,2.051807762661029,2.748870006274541,,,0.730830588965091,0.6959214604468879,4.11174227844047,5.458799357472408,46.04327328650834,42.80607895962214,3.313087368557336,2.8599683604239754,10.300514146510364,11.27006940628686,,,,,17.43712840577728,15.860611487261211,,,8.769663350608965,6.4040445358416855,,
5,2018,,,,,,,0.0,0.0,2.1343799509140746,2.8637481293602827,,,0.7536639994631107,0.7192136035927698,4.106967769666714,5.5102942516624145,37.00472890172835,34.44767927942958,3.4371272033573628,2.946814330884066,10.537796596262568,11.500890758173028,,,,,18.81452262306171,16.865107492720668,,,8.709900641561898,6.371681127202609,,
5,2019,,,,,,,0.0,0.0,2.2318670775918044,3.023854058785983,,,0.7510866284029338,0.7178599918722353,3.997966953651728,5.340426303536539,31.40997427183568,29.182994258163266,3.498601414480374,2.9449362787691844,10.437842484479471,11.343087476976187,,,,,19.85267092217502,17.963431908347374,,,8.446086597063076,6.151855333729321,,
5,2020,,,,,,,4.74683493179708,5.278687854955945,2.317995477485195,3.181824490004174,,,0.7688059611008857,0.7278658992484234,3.8861480635493297,5.149928410398364,26.9968575097138,24.9192285740419,3.592997977740795,3.0283896669371035,9.312359930841875,10.553883168261816,,,,,21.213320584847143,19.365477530468056,,,8.148017722080072,5.9089431392875085,,
5,2021,,,,,,,4.975823527740962,4.9319135412744055,2.3226252977819812,3.208206556713717,,,0.7486084155263049,0.7031434941838192,3.728818196409889,4.936167020239945,23.47380698729749,21.65287712378347,3.517937376109918,2.9494108365752916,8.88700915911544,10.152373265427828,,,,,21.2155154041331,19.42724021607612,,,7.73543865182809,5.568609357086809,,
5,2022,,,,,,,3.196258540739868,3.907281740873346,2.266563830603165,3.1691365539556204,,,0.7299982140995188,0.6791990618802906,3.6141653478254967,4.821391671886183,20.719834630498493,18.868730241988168,3.4404962191996447,2.8891501997008717,9.342358628225714,10.275783721096484,,,,,20.87554228332248,19.257854660942535,,,7.47403501774471,5.3421104610295895,,
5,2023,,,,,,,1.4318006211452978,1.8375641145709891,2.257618175382346,3.194676278943355,,,0.7331849525002311,0.664576689406803,3.5002069347404263,4.664418811040145,18.35849284876028,16.416282334806226,3.4150130778063255,2.8306673438721868,9.995130452914726,10.55578644594212,,,,,20.813233527026423,19.44971768810239,,,7.275182624730792,5.317143782150348,,
10,2000,,,,,,,0.0,0.0,5.028883056232338,9.2419225837015,,,1.8278837655648883,1.3096265523185897,6.3053750123548085,7.617995083810703,0.7013181662835245,0.5664991024577133,10.9984766530018,6.255281670587426,11.483051614667144,11.878258085950543,,2.323274891009588,,,23.793673763075056,24.446068242561243,1.084384717000423,0.4881474228983759,14.70697826646738,12.583860292984188,,
10,2001,,,,,,,0.0,0.0,5.192295356569028,9.717452693014923,,,1.8953230166739072,1.3745377210446583,6.890250450034986,8.204432799814033,1.8481420246776084,1.5051323062531667,10.605475835727766,6.058843267292692,11.852545097875042,12.35082715532026,,2.479699558079061,,,24.72897964066567,25.26778139055643,1.1430330428601916,0.5149763435354697,15.664435991613487,12.845996782248886,,
10,2002,,,,,,,0.0,0.0,5.300030023788567,9.805237903884612,,,1.9348048466315777,1.4337928793139405,5.867777547781408,7.311574004797404,4.287171727540111,3.542541595882281,9.868043417085516,5.758405602706844,12.000034527251104,12.727413366213916,,2.7370764389067643,,,25.20709625248718,25.114083114804952,1.187648020060394,0.5355609236509833,16.397102903989502,12.91752611829904,,
10,2003,,,,,,,0.0,0.0,5.293075187793477,9.947175555575368,,,1.9451661206942423,1.4881300743173096,5.765544937712321,7.271860421483763,8.852449507345886,7.42355393785692,9.453796104094772,5.621551314829165,12.010975104528503,12.960177222904589,,2.8664486346731866,,,25.726257830418533,25.272533994196117,1.228163726702742,0.5526159115255106,17.039707958221104,12.913113714730404,,
10,2004,,,,,,,0.0,0.0,5.1809347733272455,9.7100190639896,,,1.901551207843818,1.5071644066047047,5.482363525920183,7.074407240269931,16.161586963636815,13.772826182568547,9.137112284193478,5.630534724729241,11.78889085679372,12.919776215350318,,2.986892867388126,,,25.211601968336968,24.16313352230235,1.2258981847123855,0.5535457410791715,17.238278416880217,12.678853485973674,,
10,2005,,,,,,,0.0,0.0,4.996941669681017,9.224747439715223,,,1.824546314497149,1.4999412986247431,4.98051546592627,6.670962106647543,26.265582932751784,22.833765142008,9.084497928021166,5.735974995616695,11.414837676940037,12.731223394136215,,3.0174566290709484,,,24.521167410486385,22.577749827972617,1.2030620218868202,0.549215742005216,16.845094314430703,12.284396875292389,,
10,2006,,,,,,,0.0,0.0,4.758221800090552,8.613277421719703,,,1.5279265391070442,1.2919964744991024,4.632653497640731,6.325526148961394,38.86900441028054,34.23306079286831,8.65409938162285,5.646540694508673,10.99602239778882,12.35245072905661,,3.0532906137005233,,,23.631620048241665,20.795730742081577,1.1709641072418278,0.5405617303953225,16.00925012544032,11.659335595756374,,
10,2007,,,,,,,0.0,0.0,4.362314441268237,7.682282637321113,,,1.4185327387714342,1.2184654320410817,4.534915924537092,6.073595233854232,52.99008617677444,47.00172422811367,8.233460332334285,5.452575599136586,10.426034158784368,11.777281801970556,,2.938653475488661,,,21.751145167741026,18.491001748928195,1.1110726096221195,0.5199605090949535,14.827935373543088,10.81818817833428,,
10,2008,,,,,,,0.0,0.0,3.939066524820086,6.781557762550117,,,1.287316297995997,1.115647384198259,4.375683834088425,5.710255592682586,66.74192013389151,59.349850130476305,7.640703940844872,5.091708468117753,9.703194319340204,10.98286177695506,,2.7110551512868883,,,19.687168352328037,16.290961950253262,1.0380668046141004,0.4906129524277928,13.426704783391738,9.824179058171616,,
10,2009,,,,,,,0.0,0.0,3.527429397429988,5.894816659925002,,,1.1529596535088469,1.0011259751881247,4.172550194371589,5.260804049237821,79.28305460727972,70.46061575337802,7.001713050494751,4.644242420126331,8.927067466253067,10.083684098364742,,2.428126104047072,,,17.67628784396742,14.14006374868174,0.9576774101437324,0.4534296667311917,11.95067263576677,8.7335857560118,,
10,2010,,,,,,,0.0,0.0,3.4385310700800424,5.607428396000086,,,1.0852994153233002,0.9455230426506476,4.157923297270639,5.041482952506963,79.19352862053701,70.5237417062379,6.851064348406882,4.47864291213123,8.656497682585075,9.772867396058992,,2.2616782915671285,,,17.275654310421295,13.498519211239277,0.9341891382385152,0.4477028154009282,11.181268815443543,8.157455453855299,,
10,2011,,,,,,,0.0,0.0,3.3877381679335388,5.359187259179623,,,1.0506477329572232,0.91565723641427,3.8162214403009185,4.668544524584224,76.9084344735389,68.59646262410139,6.654428208913253,4.375100203486767,8.552273978143665,9.647861367119496,,2.1261773576500342,,,17.128114450923697,13.052528500989046,0.932928146983084,0.4503811850293134,10.619020896778247,7.74603894456182,,
10,2012,,,,,,,0.0,0.0,3.0767212578647047,4.683213533129638,,,0.9610533184220597,0.8322528008558194,3.27808795898335,4.023543816007037,82.31356145670375,73.42376914198998,6.176677293895776,4.018286357851435,7.9698426736574115,8.941299279327891,,1.8851714852740973,,,15.32536410140757,11.43341300022564,0.8748173844917707,0.4257346365081396,9.474125168419578,6.941338789797213,,
10,2013,,,,,,,0.0,0.0,2.7902407404647964,4.063468561684644,,,0.8905487746701348,0.7588771382283679,2.829379866143758,3.474163760630056,86.55206682732104,77.10312405617127,5.689497288964928,3.673622208806774,7.523770269620134,8.322916029490836,,1.6783098442508186,,,13.71108697186733,9.9638492976988,0.8247302351924636,0.4033374008641853,8.447470129366865,6.237248971269289,,
10,2014,,,,,,,0.0,0.0,2.676670628009864,3.8463404048851513,,,0.8283178106383867,0.6872277147704793,2.452155206591778,2.988536191064972,88.6819751519066,78.77633428718993,5.282256682240418,3.342120375060553,6.973702508485811,7.626106777780494,,1.479978431883847,,,13.11574999611154,9.498024724399654,0.7721812809631199,0.3766880490348431,7.438996198377124,5.565134485153027,,
10,2015,,,,,,,0.0,0.0,2.403213398643902,3.2690550719889173,,,0.7943589692989902,0.6498010161604064,2.243104080446,2.771332739051944,90.873875456397,80.62082537222322,5.157686431027552,3.186753184838942,6.636105790321728,7.220535446765538,,1.3554383008256996,,,11.624606803241646,8.196438563166845,0.7407915327658459,0.3632487442158801,6.7355757076187475,5.156919303987123,,
10,2016,,,,,,,0.0,0.0,2.1974604374129325,2.8614493069250764,,,0.7813513425341863,0.6270312042434234,2.11888597188889,2.6257760560655896,90.61361195563332,80.20253471037577,5.025543037200928,3.090157884629416,6.475464175414484,6.9758844127152795,,1.2645343011105,,,10.840288158474676,7.3742527392811645,0.7284000966345334,0.355750754985297,6.280058933361897,4.858550932945031,,
10,2017,,,,,,,0.0,0.0,2.3195380248689457,3.031045875083888,,,0.7855805050683218,0.6224329938562352,2.068724599532044,2.571670508608154,85.39955121684814,75.56525853490768,4.956117264734017,3.0691247588167836,6.4895772464129,6.926135218220228,,1.2146498941968096,,,11.515924144576124,7.918632309483333,0.7368839267103896,0.3606613050963304,6.018050873946098,4.703174310503482,,
10,2018,,,,,,,0.0,0.0,2.3734386381715846,3.0226803305592123,,,0.8208844748230403,0.6541767002316353,2.099655384965315,2.6457993877169215,77.91610657632523,69.32254038473796,5.202744052318787,3.2159057231164856,6.741326010196036,7.225222677909813,,1.2429436449364275,,,12.197675595676897,8.049335981193984,0.775899683394021,0.3844511586826871,6.07370412934514,4.772661182992301,,
10,2019,,,,,,,0.0,0.0,2.6347809207782342,3.4381078170929835,,,0.8324959878000975,0.6657388511494005,2.068991581445174,2.617352365663621,69.87932850834342,62.27325240129652,5.371544373852728,3.2755645455653384,6.834820712145236,7.308533849004894,,1.226885768788706,,,13.604788163612652,9.24331731924605,0.7933493368964676,0.3940193357527609,5.990858257009785,4.703498030517988,,
10,2020,,,,,,,3.648977958131449,5.109790962992607,2.9174063946840594,3.92050636059237,,,0.8722332434886417,0.6898899298896685,2.078870648246158,2.607140409753984,61.96459757959158,54.86876084884763,5.683174306947629,3.5056340604279397,6.34948262685985,7.079480254822381,,1.2142971189685317,,,15.43091395788916,10.818550257807225,0.8243850615033584,0.4039288556592221,5.982224735272757,4.663291147577766,,
10,2021,,,,,,,4.587490304364483,5.8312071110354315,3.138074952041912,4.237933811957871,,,0.9135928999368272,0.707007253669884,2.1244506913242516,2.646558503895953,52.94070985473482,46.79800978988692,5.965549214439919,3.632403229564997,6.546651960526501,7.288858363379512,,1.2203639995007969,,,16.452342596533818,11.661650030075377,0.8627815686578681,0.4161036328790086,6.059957009252758,4.633262592716481,,
10,2022,,,,,,,2.5267186120554257,3.9457324473808297,3.273372957585067,4.521365599046265,,,0.9421471600137524,0.7347294781554636,2.171684610795397,2.7441832456189927,45.83699321950805,40.663529048458,6.133804999327873,3.733900945336907,7.26138180303223,7.864946589671782,,1.2627796541989955,,,17.25555659388347,12.484205108475807,0.908418736862136,0.4380397236212022,6.20130202667354,4.765042149522163,,
10,2023,,,,,,,1.6148132049266573,1.3232538166809926,3.383477250237621,4.715497114822509,,,0.968900448017314,0.7443865997453609,2.1373455960994616,2.7422586415461567,40.74550826210538,36.13247677333464,6.170583660763655,3.766684335314517,7.937171287984234,8.401415574278252,,1.2440067484674089,,,17.81575648517553,13.120158733682294,0.9348693519809752,0.4517271204931284,6.167192111509757,4.867808402346045,,
15,2000,,,0.0174349678734623,0.1318152783063697,0.6541612805018217,0.3686576220292018,0.0,0.0,9.722128495460607,13.53947566752472,,2.9672716543500166,3.343087974366792,2.732759096841424,4.761591570179686,9.506072222742324,19.419043216483892,142.08640921602336,63.29950569505897,26.85496779929539,13.89052859584311,17.11848515630501,,32.40257334133007,,,48.54242339130908,33.93526014493404,25.096505246806633,9.322873471070576,27.14967636909027,35.568261275242286,1.0474433686969218,1.0614854076309013
15,2001,,,0.0175378516204311,0.1398711141345313,0.6843935139831094,0.3795579355810736,0.0,0.0,9.748443787113256,14.338253218575783,,3.360955063599637,3.445881398287341,2.806403507248786,5.063775149063287,9.63714359588909,21.36970172583848,154.70173227572175,61.984300568579464,26.14139963355925,14.271151898113482,17.38780680244452,,32.803134133937704,,,48.92661938231329,35.296843598928284,26.21802367796371,9.599148779910635,28.700320914416356,35.57296960679274,1.115714131671597,1.100172425566193
15,2002,,,0.0182940950109821,0.1468820056214096,0.7176063469081931,0.391096648834457,0.0,0.0,10.05669860613568,15.05630106932522,,3.7433712515470647,3.588298325774065,2.8982878350306773,4.522677757584572,8.958760652649863,22.5845463172391,160.27965649560122,59.795158464750784,25.344022430568305,14.722779098398693,17.695867117344882,,34.65652986571968,,,50.285643118003286,36.5398874236974,27.6604018951592,9.860212679731076,30.492336532102275,35.28381330510413,1.192951845629525,1.1394404647612206
15,2003,,,0.0189283734058038,0.160262229000256,0.7378098167400006,0.4024918641183022,0.0,0.0,10.217720518418126,16.34692140992773,,4.257627029835153,3.6833703036994097,3.029637910320828,4.511477496972186,8.90833022764508,22.921578532242258,162.29948366450117,59.457675494509566,25.738423335077552,14.989187366098642,18.107847698369632,,35.55836833811693,,,52.10901215193666,39.30067208074211,28.929851311006757,10.237384839570002,32.18555249056456,35.40741741276326,1.249485585791286,1.186050428438865
15,2004,,,0.0196828593744118,0.1748673934029353,0.7500637658690326,0.4121991635976173,0.0,0.0,10.530769678950511,17.841572058323802,,4.769916230161858,3.732024668932188,3.14917549001147,4.415736816716714,8.806129051231983,22.500033149064915,158.14450642342402,60.41981828262492,27.002215231138727,15.245760717278072,18.475567734180306,,37.174249000786624,,,53.67848406666356,41.88962194145438,29.701172737828657,10.486061958672895,33.63635003608694,35.60022474206108,1.2972474495018658,1.2272209363027788
15,2005,,,0.0206783117173958,0.1928272011344761,0.7546002508095285,0.4269632502288399,0.0,0.0,10.941329944432946,19.61448738386113,,5.346994458630687,3.758939342644642,3.2943616108939384,4.213428125246236,8.756015497308677,21.278180372870025,147.94473083347,63.52816666688186,29.306860030036532,15.446463319310809,19.128695880204948,,38.93945532033701,,,56.255683121491465,45.2303973103833,30.309413906359925,10.919751642808908,34.38935195428834,36.15702713295407,1.3376211330860444,1.2861969437539733
15,2006,,,0.0219444594382266,0.214446992261615,0.756448060368569,0.4436769808863238,0.0,0.0,11.499571770515276,21.711783982690203,,6.033681585491203,3.775906683648565,3.426292674948813,4.1003262521771875,8.820691606400523,20.283186098822327,133.34713521943866,64.29327247210374,31.268415245421455,15.68499845545118,19.818941406667125,,41.85734512545933,,,59.796850390122394,49.454569291136345,30.77900494758407,11.417537070413168,34.34445573801179,36.519669463204686,1.3739019593526784,1.3508921855798874
15,2007,,,0.0225626423469159,0.2319000256066492,0.7516803980006646,0.4556117133018385,0.0,0.0,11.739017926741775,23.20762698872781,,6.622906151090746,3.7462843331129054,3.4925342968112196,4.246663921086661,9.095422582704652,21.842097038330103,119.16748876146777,65.54830829456951,33.08572352063775,15.78869491986921,20.301503592008597,,43.48743585957323,,,61.3078029943398,52.56084972609328,30.79544319409007,11.763316260819844,33.72853818806794,36.474108428157535,1.3993653594695852,1.4083531346237417
15,2008,,,0.0229332554792485,0.2423816710477752,0.7372457358570901,0.460714070625506,0.0,0.0,11.742442512010756,23.94264528438361,,7.039430376980113,3.662021594136107,3.491240804938676,4.369193981150265,9.294456659786109,26.05329173523484,109.71284994656958,65.46146392312981,34.075828863485974,15.712076290478151,20.57000982430907,,43.78060740461113,,,61.490958330717035,53.97278595922249,30.55423158661683,11.995230064579308,32.621842901101985,35.986121380602086,1.4114288953264216,1.44086669944186
15,2009,,,0.0229672188312627,0.2437298015638816,0.7172254720860394,0.4624121339315138,0.0,0.0,11.529698876360936,23.59569213865591,,7.171021258188458,3.5580762218836166,3.445538042326183,4.456449876935004,9.301799094256474,31.835528353923287,106.22813951732498,64.90313085888675,34.41271492917505,15.520838167905657,20.573460209551463,,43.024908258533785,,,60.53489294871048,53.158768298765494,30.09912836067264,12.05337110523745,31.153772878217847,34.84423045618145,1.416861017752918,1.4514231951924916
15,2010,,,0.0230587569984929,0.246096640807383,0.6908104778971431,0.4612754447557134,0.0,0.0,11.33038175916202,23.20626583712226,,7.3269715320873825,3.413513975830364,3.3767019897148476,4.4663734654591565,9.12224591662309,36.73980625891595,100.86177971577058,64.50642351887633,34.63629899636612,15.150515122725997,20.442924190119896,,41.54008901862201,,,59.661681399416416,52.55116131206502,29.45278733658093,12.110085141017423,29.344030558845272,33.290578982662524,1.4153740883533552,1.458700849460508
15,2011,,,0.0231627333038532,0.2481125840337264,0.6667120373467872,0.4636923385707496,0.0,0.0,11.081830146233443,22.643113896822197,,7.478154727530357,2.910902431661144,3.025893858548882,4.046615492533476,8.494898840795617,41.59842797722858,95.13801400579965,62.62587146613007,34.56606731160894,14.78307952102639,20.30546210410519,,39.71083881561065,,,58.67072553655831,52.01480721266297,28.97492216002233,12.265997922703288,27.51039404973192,31.8330276558799,1.4086975851502492,1.4681559139487843
15,2012,,,0.0226527423014172,0.2429787056328868,0.6364942656549402,0.4620112825177315,0.0,0.0,10.64508807019339,21.61259825111463,,7.385982942574633,2.771249243795013,2.912873389360698,3.609064157350192,7.710227964600536,47.48453477608611,93.8792935942516,61.359483321906154,34.231405189419064,14.36108763431755,19.92293000071996,,37.71075519450829,,,55.491690031161305,49.76828227382509,28.346726836325672,12.29521087733877,25.525914495451083,30.099219773321824,1.3873962161805136,1.4609445115304631
15,2013,,,0.0222413237083509,0.2362970790817891,0.6051993862763762,0.4593928030512704,0.0,0.0,10.217457547408438,20.446177567294217,,7.196893138909223,2.651578310415761,2.785670274514494,3.202566197468099,6.962082769322451,52.92846083869388,94.60545941439068,59.21942569744721,33.25499580237562,13.959750798080536,19.455174178301657,,35.63890818200446,,,52.58642797777506,47.304661110591965,27.730151364555724,12.257592309079026,23.477172817624226,28.379411602417346,1.3650244972536556,1.4458109377881505
15,2014,,,0.0219363729432366,0.228063337172198,0.5711814227408416,0.4549146373218728,0.0,0.0,9.81003040556091,19.194336803320212,,6.911424476791319,2.525166805074224,2.648995208199972,2.850231964470766,6.298617138849042,58.35821226395365,98.86906560012696,57.58975012995188,32.207164346838624,13.328523942056652,18.80679634901301,,33.612623956492754,,,50.477655935249054,44.76978023984107,26.925414980057973,12.110718634116491,21.303587842323477,26.791182359537338,1.3343112796481351,1.4227957982599857
15,2015,,,0.020996189766803,0.2124452437140225,0.5349116861294333,0.4403879528758546,0.0,0.0,9.200038739593762,17.29643647074875,,6.3522404294278765,2.377392374247262,2.4634348140599953,2.584264714838596,5.775159451313603,67.07164795438332,112.05304057213294,56.37214005979708,30.78023233505457,12.557336722883724,17.666059770995776,,30.87064972982232,,,46.70579100336755,40.98760734881865,25.77151552869941,11.580026983308729,19.20936157344409,24.700671040271676,1.286004940703486,1.368719415807934
15,2016,,,0.020151283469141,0.2030166381469557,0.5085564114007,0.4311978504594862,0.0,0.0,8.522422465865041,15.829215096912897,,5.966253834300616,2.2826862515745745,2.33398678791541,2.3753505608635344,5.3908658897018595,74.85673022479604,119.54759988146569,54.07979093278357,29.701226677954804,11.946489171665286,16.81920947128357,,28.61633523431964,,,44.12965337695135,38.557296250007475,24.6879307867403,11.155524138757842,17.497743911425424,23.001863236217947,1.2400594648941532,1.3357763360352384
15,2017,,,0.0197036214013236,0.2029053761654638,0.4938100145353848,0.4439261108384069,0.0,0.0,8.155653738308985,15.282857848285031,,5.841012206738228,2.2352508735764185,2.309547309542043,2.2467336648193412,5.2493563022882235,77.3892578901804,112.01835454566393,52.41720615258831,29.52853742930823,11.636529576296407,16.609066403757883,,27.520337189532466,,,42.464505519344584,37.72764766507615,24.22371991070619,11.215910595176386,16.30036707148887,22.17277007795207,1.224066504513614,1.3545826010093769
15,2018,,,0.0192281732807542,0.2019393897547027,0.4761483611740578,0.4461689226418248,0.0,0.0,7.744730575578993,14.646476722185724,,5.647723236258871,2.1598790690320975,2.275893051799223,2.11172031329973,5.034202128733126,80.4181064429308,105.9768937246886,50.99482772017985,29.126480884156585,11.190591162015496,16.23192189334336,,26.479086789027004,,,41.72994376212953,36.84523146687876,23.52594723311803,11.120440591745284,15.21685518152826,21.014510907597337,1.1950926882128512,1.3545772735702335
15,2019,,,0.0187410670109126,0.195916498828943,0.4515557855042407,0.43627424534491,0.0,0.0,7.395469772638443,13.758245293894536,,5.302697794501224,2.077473677370026,2.2042401238659237,1.9520944100517512,4.721835588416021,85.87267197363282,111.645478470667,49.755046713773424,28.13463997458004,10.665698490689747,15.553063062499689,,24.845241010032137,,,40.08994782010934,34.94017040636417,22.51557486127347,10.762472571587502,14.09684234958808,19.57742622294321,1.1565519223712233,1.3183405478002046
15,2020,,,0.0180794922723161,0.1844887614387723,0.4101626405995353,0.4230731984042814,6.526508380570296,15.374687633100818,6.880306756620187,12.409440689758476,,4.837660159375693,2.0773420633828144,2.14698301646546,1.867665998356552,4.43653986385264,89.08151866279276,114.53862412595278,49.88157830778136,28.112537940004227,9.44782945069738,14.165610691333308,,23.213503286587468,,,38.26192320100194,32.358918752896955,22.29382534880512,10.362287526566387,13.4300657933664,18.249143048908252,1.177639702277106,1.338301833317202
15,2021,,,0.0172930535131807,0.1693523210780856,0.3994565104708616,0.4378395615515598,11.38573023704154,21.07192289608515,6.434220884314203,11.125992631392156,,4.2865699697102535,2.1143509188895986,2.142436632395737,1.8269011614053727,4.364925840909059,84.78576678278667,108.3669423676825,50.720862609505055,28.579310029791664,9.4025278085918,14.17502257680402,,22.78629126427904,,,35.50069209706127,28.855175594365825,22.37736310538029,10.388907591331302,13.028814552554543,17.596811015358384,1.2154719654497452,1.3755731718845865
15,2022,,,0.0174273469148873,0.1790302391357227,0.4139175505325421,0.4437882365028847,4.554875514544112,9.53698020740203,6.295955806985429,11.49177876255958,,4.353989173620939,2.067319849355255,2.151658978723894,1.7873835771906923,4.405112270232013,79.86410331933153,99.69406274930586,48.84440055326145,27.806629176712818,9.959671089179064,14.819718001106793,,22.843320019362015,,,34.95078300901316,29.8944576397878,22.437061551374523,10.60035866458165,12.734008761982992,17.639862430130023,1.1889080553244338,1.3396562710131
15,2023,,,0.0176932147037932,0.1825829740068049,0.4432136193586005,0.4510555731744641,1.0814510598972429,2.322446768283001,6.282345031868616,11.432179723570869,,4.388582967257061,2.058421643146532,2.1375002256317996,1.7181439146133537,4.292310541800185,78.64927678824453,91.4356744840376,47.847549645006616,27.17079730777896,10.54324610840716,15.520169286156923,,22.039530354194152,,,34.98565219290607,29.99140336400826,22.350190977992707,10.63572492864133,12.363048352792324,17.606437021500454,1.190327271225519,1.3233925082766618
20,2000,,,0.0345246772518969,0.9486448973152828,1.2033157667300791,0.9011424551063648,0.0,0.0,18.563853087114527,26.246103950307543,,10.934717860705629,5.533750262517311,5.6721779222077755,7.678718684442998,15.83865559877454,118.88505932960013,662.6314135666665,145.81140232649634,81.63352082837991,23.27475384242468,29.40058429557512,,82.93929281992105,,,130.64337860109302,62.266675983423745,52.315410066282745,13.31423366561198,69.08050542268755,64.32903715002038,1.5372635699943842,1.209601918796035
20,2001,,,0.0340412335159947,0.9743242100783802,1.233974458798382,0.907954437175144,0.0,0.0,18.194995729706,26.857915364431825,,12.029399739155751,5.601631444589876,5.708933230779068,7.830538424211709,15.569958676243232,140.65183251749545,796.5854603161766,141.81463849936196,81.85224944576862,23.44915795057863,29.27768433002317,,87.3138461991611,,,129.06994795358534,62.64566642050551,53.64487989831555,13.440820454349778,71.47658011365621,63.27584588984118,1.6068372519701013,1.2316320614899867
20,2002,,,0.0348184063516964,0.998635459491937,1.2697316449001748,0.9205256457986706,0.0,0.0,18.364303352554785,27.491573471978587,,13.09230882174651,5.728453994671448,5.788187735445205,7.135372766507739,14.496379504425128,158.6666633833368,905.9880664626282,136.7543312611588,82.40808789567559,23.734407104964532,29.247999259719524,,96.14623155320872,,,130.40969890816098,63.10363180143717,55.58880488397525,13.573147505426176,74.25861165096522,62.067797906511046,1.6879019411320633,1.25067322545217
20,2003,,,0.0357116175349719,1.0696642321122394,1.285943293719194,0.9337179980369432,0.0,0.0,18.436836182019285,29.19023683060528,,14.620408266423112,5.804855822071497,5.947916975514879,6.985925445308639,14.20232760682754,171.4174662129043,1004.2699612895544,135.7413347378999,85.84969297570235,23.76471192668426,29.363533362296096,,102.82169841211376,,,134.14330465295114,66.41999314960086,57.48880046523154,13.865768059353988,77.08650977253954,61.711157521207745,1.748495999718258,1.284579598834495
20,2004,,,0.0372737072313923,1.1588707219799466,1.3011675843322943,0.9507245626512096,0.0,0.0,19.000877210552627,31.51134075976896,,16.259623183127157,5.8687733043278945,6.13713953356797,6.823448764819122,14.0454864069478,177.37031614313207,1062.9236420813415,137.62730032648724,90.8871866471216,23.998726044075912,29.740051253930012,,112.54636901930176,,,138.70784943103746,70.1693278673734,58.919190057682265,14.071369344557173,80.0985594985464,61.961703795297275,1.813273238487506,1.322034954740064
20,2005,,,0.0397601911503347,1.2740385893172466,1.319033043344186,0.9890545325913508,0.0,0.0,20.003785097769786,34.50772266832882,,18.138413841672637,5.960833563705912,6.448207138755802,6.6175098741119305,14.10434777974864,171.66925086576896,1057.3943374213757,144.33739046488293,97.4464093647276,24.446396664491747,30.920292115916208,,123.40001795863992,,,147.6489649922008,75.61808582672118,60.62974013349476,14.724594147418909,82.30443375167619,63.47045008029384,1.883816882418876,1.3904599468316068
20,2006,,,0.0430009623123414,1.4045635037086368,1.342330258664588,1.0371286273618998,0.0,0.0,21.401314005562423,37.81914135246983,,20.26753935628335,6.091566359272699,6.7711668384425785,6.523538154604908,14.306795570325823,157.3254274324904,978.0468466128132,147.49235813202185,103.72188335388152,25.156387997500385,32.367312959593534,,136.53059512364422,,,159.82264087200588,81.881295107382,62.493877693520545,15.456562838608292,83.2753652154468,64.95373432468371,1.9649003421956155,1.4726845323968798
20,2007,,,0.0449822776668139,1.494243145220161,1.3478407479368355,1.0676205084211188,0.0,0.0,22.17704621292339,39.71377376759935,,21.865525600652244,6.125568187584464,6.926067019731903,6.813743500087303,14.7697897854122,146.311769092763,851.1513074739197,151.98529553439926,108.4705353297781,25.583583539698417,33.29071105336218,,144.13157483097882,,,166.55819068178815,85.50298833156229,63.25290415194207,15.965657995973103,82.50819853280865,65.16205197161383,2.0287049798872467,1.5369086473706175
20,2008,,,0.0465367057882848,1.5328930134860537,1.335141435027638,1.0751854268351373,0.0,0.0,22.576865500039432,40.14401454404575,,22.77323053523137,6.065414642003908,6.904054033548072,7.055928674087713,15.028705382685391,138.3837513473081,726.4481180193321,154.1095078640109,110.11228324795466,25.699636511378063,33.61035706004884,,145.00473859087006,,,170.06385850594248,85.98066809070569,63.449716965200246,16.170546077887284,80.50694706757879,64.13495987278195,2.075386014296915,1.566923616847253
20,2009,,,0.0477549321168974,1.5361517990873388,1.3121959907053575,1.074794563163776,0.0,0.0,22.66980852743514,39.2953369741772,,23.08969887073288,5.987277637307415,6.776123302800531,7.28228422027253,14.970846909331796,129.41270078874152,636.4072814350584,155.72651165054208,109.38632277910489,25.719174483332015,33.40082588890127,,140.59432356625354,,,171.40435186547091,84.0723004148878,63.259565463067176,16.152580607023527,77.64421244942882,61.91748451717304,2.114080961429465,1.571767988522571
20,2010,,,0.0489448810239123,1.567118090075834,1.2766487793481172,1.0735473220413876,0.0,0.0,22.71041265182125,38.952380969858254,,23.794382264692203,5.83474696539813,6.618611411796512,7.351727797486627,14.648118114453723,118.3611138170142,556.6587280079971,157.4334801211469,108.95602130327454,25.380663691933464,33.087788016221694,,132.91268904730427,,,172.23017270340918,83.86334395331767,62.61865850485118,16.184465401882054,74.06075541080293,59.3263952200392,2.1446594012170936,1.5785930110980888
20,2011,,,0.0498976769307554,1.5850731782435443,1.2426643875507293,1.0671833638675212,0.0,0.0,22.52635114941657,38.01193392718757,,24.29991737468865,5.685427010174554,6.417440005917654,6.711336999752213,13.496667960702114,107.08172102205856,481.0923505290519,154.9625118189957,106.72027590727402,25.03673890293025,32.55053822434924,,123.03513533593625,,,171.9361111869011,83.05824470157052,62.1987169041347,16.18519077740662,70.13875241420526,56.23627415224632,2.1659013838575087,1.5704260300166937
20,2012,,,0.0497940758909297,1.5581277304379388,1.1955963242931509,1.047482022730919,0.0,0.0,22.05832819547735,36.30986837062583,,24.07077737079892,5.510710401353852,6.1061486521188275,6.01276880977985,12.048378671116378,99.7913640345872,430.9003528198474,153.4220548993449,103.31862866857666,24.5494226546148,31.49168796155484,,111.82210721239352,,,166.0245800477595,79.59446996417168,61.57086206303897,16.004422128965512,65.89183938692639,52.300986263868126,2.1572942882981665,1.5391858722241831
20,2013,,,0.049904389323738,1.5334784512384871,1.1527902069936409,1.0298880376570985,0.0,0.0,21.588908337179525,34.6563751371085,,23.74480477887203,5.376561720006181,5.799639408350785,5.393579334068016,10.759116989344376,94.73048170851102,404.9666372792115,149.7358506704682,98.9895798172067,24.169714447549275,30.37444563088568,,101.00694617232053,,,160.63122000852195,76.37421951429636,61.17731773367533,15.792936069440662,61.44345070101003,48.76525022520122,2.149179243971973,1.5057824844507737
20,2014,,,0.0502047538705311,1.5134549863929037,1.103500483831252,1.0109207517251624,0.0,0.0,21.153570069087376,33.17095534835265,,23.29332777502681,5.227041601833624,5.510353362756849,4.874290360143937,9.675086158136248,89.51841657488953,395.8444117631953,147.61224992287987,95.06452025160011,23.40082382977864,29.12205355004848,,91.36989602141978,,,157.58287245325272,73.79674705470768,60.40424405669548,15.515107301782738,56.618513809665856,45.67558473037993,2.1280245804999156,1.4709856646572097
20,2015,,,0.0497228768678008,1.465142811205215,1.0571496447886095,0.9798614631374992,0.0,0.0,20.533075686501444,31.02510941185733,,22.243482505873676,5.087487883039672,5.174455339925947,4.52725333850162,8.898404246287315,89.19103671648278,407.8267094011641,148.03603651096012,90.96235748184309,22.607571352003653,27.441894487971854,,81.55168920110425,,,150.5596208300426,70.09930301863544,59.23202452492446,14.95136658347258,52.205437883248905,42.2289461714835,2.096618609399443,1.4178920261638328
20,2016,,,0.0492539149856889,1.456925001994486,1.0249064826715333,0.9672172864145452,0.0,0.0,19.623716866355412,29.494102634648673,,21.722561044891837,4.466435537286936,4.519955157759644,4.249857526659121,8.39337694528661,87.81692097780329,396.0884702999228,145.4089277779797,88.43498269761255,21.932086849496443,26.33614525764292,,73.92029392643852,,,146.8531498670329,68.57870670695685,57.82193841867601,14.503182128431725,48.50696514426541,39.69646529306274,2.0668093906620792,1.393690461750219
20,2017,,,0.0489955176856635,1.4689439673944034,0.9989954570058184,0.9939369776961136,0.0,0.0,19.10098830326542,28.73894060995342,,21.413636937452264,4.378982540162977,4.445857548837843,4.035857362070409,8.149011191046222,80.40923803049569,338.72968893879795,141.4798229902443,87.79768552053076,21.463564635121983,25.968804271958454,,68.83648670846073,,,143.70520481403793,67.7570158494406,56.66726739243395,14.464141779444128,45.27215827164798,38.10831995445702,2.0531996282813996,1.410380876643428
20,2018,,,0.048202254608863,1.4670929090095297,0.9637918643064484,0.9971989382169538,0.0,0.0,18.310748632564135,27.690506408087437,,20.77440338015205,4.2214847725412765,4.354150286183942,3.796151830751656,7.790622420861152,76.94814913169263,289.23686057351915,137.7702925840514,86.54775806071571,20.62259384520275,25.357852843409265,,64.31458517498619,,,142.7340091763546,66.4012382783193,54.75958449536695,14.242224052455956,42.18692477041874,36.00825059502484,2.011157248018352,1.410833885275469
20,2019,,,0.0473385857757258,1.4682525657810783,0.928617398876048,0.9870900680146204,0.0,0.0,17.656105829670935,26.875394037465217,,20.094546616637945,4.040732155304016,4.215594197236998,3.568973093151811,7.392057526587771,82.49577949638834,274.0250925979471,135.3437071317105,84.59480766651748,19.777305281737178,24.539271434672997,,59.54686140515015,,,138.48446519211518,64.98448691875129,53.077072799877264,13.932059712336027,39.59839279716735,33.954211845601655,1.9657634130167043,1.3888472213288154
20,2020,,,0.0449609868241415,1.415315776542584,0.8476047940532009,0.9326873442771636,16.23903476113645,29.92306008697039,16.198881277740725,24.86705468826045,,18.745652804792044,4.014587342587102,3.996517729214094,3.4263299807572545,6.848562247206633,90.98063429185908,257.53115760083557,136.55355450764088,83.28671491536251,17.505971850097495,22.02253644129692,,53.70336251610004,,,130.24771032825782,61.62279072072344,52.86377786726408,13.196936752584923,37.733244955989214,31.25882172273041,2.0202619766683836,1.3860552891111353
20,2021,,,0.0417407496832196,1.3237119001413162,0.815222605870723,0.925171877642646,28.33257941326532,44.209398951847646,14.713267364058016,22.782369046272105,,16.895119652181876,4.006681241463974,3.8709907271973294,3.3258745946252684,6.535840252251296,92.82425453076704,231.27493028937585,137.93166088874634,82.8814685362818,17.125740104004468,21.34418815251453,,50.17541071047453,,,117.40377037259049,56.144934058012375,52.394260796038,12.7810571323159,35.96971965417152,29.35576492446962,2.068052215858373,1.3943831042892896
20,2022,,,0.0410797521419072,1.3969187861923789,0.8282131663093324,0.9537776092577304,7.94633726233617,13.437196497763612,14.093938093159291,23.611939993726573,,17.214702020425044,3.790099162910047,3.8023703812212584,3.204190036169274,6.554751366925567,94.67989846348492,209.1319086781486,129.00706889363954,79.2776175795535,17.76894000685002,22.058433004654635,,48.610074383283504,,,113.01740849418402,58.32689571893844,51.06684441043138,12.87466468334161,34.21135521873434,29.159359365964807,1.957547967174141,1.3410103219207918
20,2023,,,0.0404931277450192,1.3823283292774322,0.8534438280889862,0.9527216507670008,1.9904223430919588,4.547566053612635,13.659815457929165,22.701150130601015,,16.839452935115116,3.641964346824973,3.696264178741541,2.949520573520813,6.302059696087352,101.3307331732027,189.21552775986257,122.91241123960148,76.27913104060848,18.207843682493827,22.615984310466235,,45.78073789967391,,,110.2429295116665,56.304664689598255,49.09203364155172,12.579620620909768,32.019803040443165,28.488417228516575,1.905094004500202,1.310478830933037
25,2000,,,0.131996675104688,2.630632730615711,2.575047995664654,0.9875222556914394,0.0,0.0,32.1217176599483,16.174275995011875,,15.631571000152665,9.21299867216058,5.192919672674005,9.28458338991712,8.864753902484047,780.2606421495715,1159.4607560230404,218.1072610849288,46.84418728794721,29.352837236020022,21.046378254484107,,44.1160388682869,,,193.30751528026647,28.743355887034685,59.57942484273633,8.201341579520983,94.43203921818188,43.73658880916848,1.5114374905281052,0.8370214352705422
25,2001,,,0.1351727595401059,3.2941235645686477,2.6214908490405495,1.0908632716186402,0.0,0.0,32.637957512780396,20.127040380228944,,20.902569523401827,9.249668249101614,5.766555355666936,9.381502920610805,9.731518165048206,910.6956248655724,1592.740818506904,224.39726666099375,56.10391286861707,29.390163105807613,23.058299462380457,,54.37200971948164,,,198.41940171678505,35.18110066505594,61.07535671606821,9.073995803436448,97.52400125417525,47.348951010219395,1.5718497716337536,0.9360889272288714
25,2002,,,0.1428891789039622,4.221161930703799,2.700153193850822,1.2352025416397847,0.0,0.0,33.99838858580737,25.688123011213698,,28.33122691255145,9.422178025406415,6.5469540441115965,8.60687978679446,9.987917585117918,1020.7795758068336,2106.3654678183784,231.23622825552388,68.95630433612625,29.795226822760227,25.719724855109476,,71.19471654027024,,,207.31006708239948,44.22081461789949,63.568282624299215,10.199072309354056,101.87924981272864,51.98794295618609,1.6513608003419251,1.0648860243867615
25,2003,,,0.1535142730322421,5.801632302989835,2.7541055180769174,1.4145309578266434,0.0,0.0,35.718171253515436,34.80704343010654,,40.49806768988955,9.583507788163574,7.609587187434824,8.484590982947225,11.120861512310189,1120.525694482953,2785.402833218177,243.16721788596945,86.24927003258036,30.129684883982385,29.124625947401636,,90.8886566179559,,,223.4841433644304,59.558460134239766,66.2496464227412,11.671917472141782,107.14612547736236,58.35431947994846,1.726155259786763,1.2352909431861212
25,2004,,,0.1665163814230475,7.786912304807999,2.8308438275726595,1.6114269780248511,0.0,0.0,38.21575561664156,46.37664797562609,,55.67957937879545,9.81824193478441,8.77903966105409,8.440121995842231,12.302277522347246,1179.2987027029455,3447.472902466981,255.4412041323222,105.1323454666944,30.942730073473957,32.89709850316501,,115.90439702098703,,,240.26692489158927,77.71044187644542,68.88619794411468,13.11836711568916,113.6374997165031,65.40895807988842,1.8178760495104505,1.4206167861729204
25,2005,,,0.1791266831942407,8.841508122698787,2.9328525791650444,1.7259523458197217,0.0,0.0,40.538837093048144,52.3147639839285,,64.06871506286086,10.152412735509808,9.483196939157558,8.392971907893402,12.72341236564418,1130.6028081820873,3589.2180448517843,270.8166691261027,114.53844728311188,32.19756391086775,35.1642974750541,,134.20949195739195,,,257.9587162531375,86.30227317138676,72.3884146143571,14.010253114867204,119.66215932681814,68.9387363498759,1.9257380654900969,1.537927522801096
25,2006,,,0.1879902585307354,8.125446739631004,3.0071506254185727,1.6825352467389734,0.0,0.0,42.074794671583554,47.78530403410689,,59.54231876948686,10.40858125422261,9.226676575563282,8.350696281781284,12.004254771503945,999.7137705585412,3055.2777146978483,275.80487384112035,112.7004665199964,33.37631276933606,34.36855377985117,,138.47465618464872,,,271.5985219615415,77.73640885595601,75.28057427345202,13.63635331026583,122.23530459357852,65.64952701164918,2.026389999343867,1.5180710602125844
25,2007,,,0.1904076001066551,6.418550554644911,2.975408897697221,1.516541184531994,0.0,0.0,42.25887656154863,37.326547904688944,,47.53971629683049,10.337916393148337,8.244433713327718,8.619020894653525,10.916093308944223,934.0949538125165,2275.6585026050643,276.69953074114943,102.82536465005512,33.62296147840501,31.21148122388987,,128.6613164312194,,,274.5831123068385,60.25359566058433,75.40489103757567,12.378769556617298,119.80490160714726,58.08711633005713,2.0710563015010344,1.394749581094948
25,2008,,,0.1930935320946224,5.166957733859854,2.92327567438272,1.361946864912685,0.0,0.0,42.17555113281765,29.621320515493984,,38.720716294101315,10.16346224532715,7.32985070736985,8.882484327605399,9.9388002962656,905.2438769295156,1716.9426861506663,273.01847879721805,92.75191282894554,33.61381502637784,28.379358367247548,,115.7034475862899,,,275.4014681569679,47.50395247769186,75.34173160067218,11.19948879277702,116.34758868109763,51.2396324801097,2.107827965603649,1.2767675698250902
25,2009,,,0.1952234518323954,4.5741222170921025,2.873863869112,1.2876742524785307,0.0,0.0,41.8116298830055,25.668104478277915,,34.59599350453056,10.029633168240569,6.841743907386751,9.186572938333942,9.41598484855216,834.4359657006432,1409.431524568144,269.9161174871989,87.09322466449461,33.68611838561226,26.94385292760757,,106.29944324239764,,,273.7558768507165,41.101494463848425,75.43161590071577,10.632964251986513,112.65185602132614,47.12088146078948,2.1534800528489986,1.2230945857500164
25,2010,,,0.1957842741923024,4.206312661835636,2.817451059906793,1.2584711963847135,0.0,0.0,40.995632958682314,22.94340161832208,,32.101185097918915,9.879831231204475,6.556403939791901,9.401575808722605,9.06823008305998,715.5144310322474,1108.2038665511457,269.2749136141604,84.44853688885138,33.68126537148645,26.29193903494887,,98.26201437348678,,,269.9389158935193,36.94631789391017,75.5003717524898,10.485304213876809,108.4920275032126,44.49401765698913,2.2081490107057427,1.2084787575834952
25,2011,,,0.194156381978121,3.909491366566394,2.745161510558819,1.2219631123717665,0.0,0.0,39.58006898209079,20.58250359426553,,30.081891401055397,9.649567188956928,6.200214054410081,8.612314378131673,8.16303074964023,607.2426109807285,869.382602205997,259.7183823952678,80.44098361022536,33.33739900269846,25.340980589659317,,88.48481459836518,,,262.48009839595665,33.65146920029591,75.00645492976297,10.256811239233029,103.10592049792947,41.40302843718815,2.2352607374170943,1.180201934306406
25,2012,,,0.1868969253938514,3.572938944540159,2.6105334647064025,1.151702876710476,0.0,0.0,37.4439538043099,18.283373783706523,,27.653276030560225,9.242128912446193,5.677341795137281,7.643839572268589,7.042467387391697,551.2735069404017,752.2260326201241,249.22675482040583,74.44697480232855,32.366210116119646,23.6220011444977,,77.26985846482283,,,244.95834641623057,29.95523586325949,72.73893919941798,9.787983541261044,95.69658923141816,37.26426651588637,2.205574513293442,1.1145523061305007
25,2013,,,0.1840637513093959,3.332288770595124,2.5267230391277824,1.0947879295527458,0.0,0.0,36.07297412725272,16.510070755293043,,25.768196685988276,9.02490191986091,5.230699282731678,6.893594717511368,6.103697271185432,476.5281388319026,659.8743364902664,240.28840709045832,68.44450396981505,31.944392896013532,22.13116483064397,,67.65007509092207,,,232.8962660535895,27.25741721644871,71.59673304011534,9.358652947143131,89.52373940302287,33.772523697378034,2.2082858617533994,1.0568257696699337
25,2014,,,0.1841987242461684,3.170486340258771,2.4380860016474832,1.035370880000139,0.0,0.0,35.195408714631476,15.196323819319042,,24.306144615442665,8.861116098980856,4.838435698659552,6.329397383193469,5.3518432689255775,389.5514717287218,580.8553426226918,236.7354274173158,63.41968569687823,31.301393891725994,20.74658002269743,,59.57001531396979,,,226.85906151095188,25.40970222212903,70.93990000856961,8.966364506255934,83.66621439698937,30.869516595583505,2.21556839300319,1.0066896908967633
25,2015,,,0.1810197696290722,3.0566031721171667,2.342820008667625,0.979789562661166,0.0,0.0,33.9356549899253,14.149874202556814,,23.10720147634642,8.680554956427665,4.47703847300288,5.939469469475641,4.854350921755761,328.26781370465636,527.9155719462161,236.8393369500023,59.19117048211263,30.443424513204913,19.306722879490025,,52.37307600587252,,,215.50024138484227,24.066211990095013,69.73218506270233,8.514309319182924,77.76637280130468,28.079794358605778,2.2014999208453374,0.9565968168818356
25,2016,,,0.1769659117219977,3.0740727571747613,2.256174712177062,0.9612479492132318,0.0,0.0,32.10907308414846,13.616622421264518,,22.825468183597593,8.491264749065556,4.29473478797738,5.55465522500356,4.5935389976699454,280.64452031971797,480.1470760950965,230.7674889252114,57.04814918624923,29.479009495095763,18.59802859826781,,47.51720137188971,,,207.9339570342502,23.811397189451903,67.8575337470117,8.286586658009941,72.02731846590237,26.40110365997948,2.168486803734028,0.9402465299159334
25,2017,,,0.1759881413095819,3.1970894246990063,2.2012097004404274,0.9999303819302852,0.0,0.0,31.236408150358756,13.68938160103514,,23.19959438661867,8.372453729538595,4.292736772286897,5.272009731900171,4.535714274461594,234.82011103174915,418.8231227983457,224.19905769558417,56.99996027078256,28.88741518295855,18.591858455233805,,44.86640522949441,,,203.385128960715,24.27487090805536,66.760708261794,8.392185130662245,67.33786895901098,25.687572047301323,2.1595286286385673,0.9656953314706352
25,2018,,,0.1755702002336258,3.329222780619122,2.132187684444958,1.022065198632336,0.0,0.0,30.323691036997,13.757361984869558,,23.490241564149283,8.1573917026979,4.310273517729074,4.972997783977139,4.435065719187731,208.3455517756902,370.22623468165045,218.7969887393369,57.064485135627535,27.91263676315416,18.538238751139495,,42.79211177969564,,,204.0539397276975,24.845165987300785,64.96649455347551,8.44553238660358,63.03960590559348,24.74671115238508,2.128659899393511,0.9895978989517286
25,2019,,,0.1747478538441415,3.4717880559363685,2.043964001254752,1.0283252888242778,0.0,0.0,29.558675490972277,13.932780887905954,,23.69056645146088,7.871413034208356,4.273627622633668,4.671844379724796,4.3070562606639555,197.4380156757831,343.51520335980854,214.464241645462,56.5746842847156,26.824936858125255,18.248145308565267,,40.40028826207937,,,200.1021909203256,25.36763935943621,62.869106109594995,8.428247671600925,59.04923032432173,23.799775704415225,2.086529440264017,0.9941752796126276
25,2020,,,0.1688381167045738,3.455591672644834,1.8288137119923136,0.9725304605192382,34.62039459298857,27.440860871908573,27.535004907016187,13.32653582374379,,22.797834561013698,7.819663252986658,4.1203328652242535,4.427436691317652,4.1198666186206205,184.0631860591587,312.96985056807193,214.93896573534303,57.25173874733087,23.460595396577773,16.813477923337317,,37.46134014820616,,,191.20923546310945,24.84000441841997,61.724810345071646,8.202170116150318,55.36288833976936,22.55700174090985,2.139971842289472,1.0250874350077956
25,2021,,,0.1625791337969354,3.370191931618686,1.7324276266874143,0.9796259116342108,71.9888914277873,48.74927266408653,25.975376004721976,12.723702671480757,,21.44668977441528,7.004594440706162,3.668623879447874,4.188601314565997,4.011886717813335,164.69797701151057,279.9437166598142,218.15141038750355,58.64961806979991,22.55141506776495,16.61465697342846,,35.796733249788375,,,178.7148724447594,23.5634239971445,59.35710259564572,8.058894885485733,51.751010244381874,21.571971494003694,2.2097520143621825,1.067895234037659
25,2022,,,0.1616590045444173,3.805166232947071,1.816427826192684,1.0685409692427803,14.761709130671044,13.392507931877793,25.218418967088297,14.083697342705484,,23.33019545230449,6.698043204490592,3.7538082460020026,4.114840178550103,4.125914532179103,157.3652364563439,254.2791812688041,202.09804834449685,56.20706655300225,23.85173761816861,17.604608597663184,,35.926247085361155,,,174.3644331471746,26.12099321126812,60.54269904531102,8.345294190855387,50.97614036352978,22.04491440287588,2.081117477256392,1.0323281710087415
25,2023,,,0.1588827540804953,3.877721909135044,1.8808045311405464,1.1085950542930028,3.09906331025766,3.147374160002902,24.244515861331415,13.918998651973956,,23.451482466939535,6.43509034779001,3.773810979627175,3.795034845379843,4.094729429772054,154.76855842434244,229.1473509918588,192.1467040520931,55.37361421511216,24.331257023024396,18.52789522427104,,34.926866475137174,,,168.95393070599025,25.93656749527582,58.89714403666411,8.416729659126078,48.01373775896378,22.22642994946589,2.024587796238291,1.030488338325683
30,2000,,,0.3173213517738188,11.09130016599878,4.304470014186138,1.3749162729682909,0.0,0.0,49.11260905753923,24.340868741652415,,43.660072851946296,18.151045536010084,8.146601995025383,11.324491453172774,10.06045045733983,1441.7211557294413,996.1333195387864,224.79307760074545,47.51657156010435,39.3486421991915,25.3521162100796,,88.92801137639015,,,188.9823704320636,29.511374998127987,62.5255548841236,9.481511212294484,126.47695826574552,48.912765390915155,2.3204708500019193,1.2929648546074428
30,2001,,,0.3530420163759244,12.40721487106869,4.488320822179404,1.4509261971628098,0.0,0.0,54.23743118767399,27.15149766166499,,52.219162889729574,18.73884245817727,8.612453652220944,11.686510822125868,10.549701941908555,1803.178859888518,1349.392224087714,251.64938964526385,53.92826585543665,40.5403238464938,26.408028131801338,,101.26415223598998,,,211.15553869906907,32.315487529407996,65.87364771228388,9.975904150332369,134.32285106366302,50.36427571338788,2.47487843348014,1.3750562344614023
30,2002,,,0.4023651500767526,14.585885932765716,4.735437801029273,1.5782914008616094,0.0,0.0,60.96379292885694,31.83038806909201,,65.01942501050023,19.64159893499848,9.366145772337944,11.081023767224334,10.326437253389953,2154.065172123098,1775.760183090437,283.3117603472691,63.116532904002995,42.28519299213917,28.21800335671089,,122.81795723025536,,,237.74587187473557,37.3028956708565,70.40237003789737,10.734973149810884,144.0789439523613,53.07136201857357,2.6671461463393644,1.4986735230434791
30,2003,,,0.4725249872092218,19.26953643579852,4.997262919696814,1.7727787060614844,0.0,0.0,69.95871061630604,41.517570061052886,,89.46082448210409,20.68099173605087,10.65246176740516,11.309968681249485,11.247859707908097,2531.400930209093,2392.9132721561587,323.43626760631435,76.68485538479146,44.34784391033981,31.263658755598463,,147.75889896439222,,,280.28563385933757,48.2072739406433,76.03427482483724,11.947558987011764,157.06328495267613,58.447949073659885,2.893828777883586,1.7026852506465
30,2004,,,0.547957583456309,26.286103114212537,5.286283287760441,2.0375690168510485,0.0,0.0,79.9455904927322,56.208176677289686,,125.04766041479024,21.81210200227529,12.372951050293665,11.613883312779576,12.515503287964169,2816.5791807143446,3100.29191300555,357.23232904689166,93.78604040172712,46.94225814879064,35.47022757805955,,182.23891966171507,,,322.3590632746014,63.80323395782588,81.48380176383986,13.449268773327772,171.43184341586633,65.96663635435397,3.1363973046235873,1.9747355679995755
30,2005,,,0.5756728929499079,31.941419787421975,5.428074662385699,2.2566397207404156,0.0,0.0,82.66015635963659,67.80525855029528,,154.01749723225407,22.347850119273204,13.742943234680348,11.495417729038406,13.373024306499108,2719.441926891474,3446.7142246277926,373.924275457453,104.58548035466056,48.6060284451596,39.01183241981104,,209.21648436420583,,,337.5338353473261,75.64711753866479,85.1835075448404,14.771078215630178,179.3705306177694,71.80635252116683,3.2966839775257513,2.20769536592528
30,2006,,,0.5343759609990149,32.17625278222421,5.290939532262663,2.296609191999742,0.0,0.0,75.69719186935023,67.7093619985032,,156.8816765059278,21.730958925274205,13.889966495831564,10.887851505647022,13.16019338187,2288.362910620845,3156.4299506562197,359.9912120252098,106.23810327918969,48.0309335927951,39.639205864201976,,216.37809953586265,,,313.6089533181666,74.49208116931723,84.67939876949772,14.88901533022143,174.8048745553812,71.22581860853322,3.2859993076009704,2.2672376987621496
30,2007,,,0.4974630817975911,27.684776951470567,5.043677287523266,2.148689409463448,0.0,0.0,69.77913421103372,57.46001336020563,,136.59012037989794,20.711044699087513,12.838362684135252,10.833564514295276,12.463146040030834,2067.4198758976877,2526.1193994293367,345.9949030979407,99.93327456762351,46.64014572577404,37.34135814190448,,202.7650711457477,,,291.3720160983588,62.68214701494178,82.09774663275779,13.97548823585942,165.36404042863035,65.43068526482264,3.228993415268078,2.1596257348225367
30,2008,,,0.4866777510660161,23.93346752627384,4.8569888542171595,1.9876216065418253,0.0,0.0,67.03084837815608,48.95460620922298,,119.71593207160606,19.95725252994732,11.711214051208682,10.988076862685952,11.669542742327314,1993.9695710885524,2048.5317792904166,332.4547685169144,91.95823317816874,45.76242396529256,34.966146679546384,,184.46512145250128,,,281.67508737857224,53.01649435252668,80.72496486625765,12.996590925486954,157.6593051102784,59.45224274111707,3.221651489062346,2.0330203736124903
30,2009,,,0.4697275290444155,22.59373373552787,4.67966766659236,1.9198976901550528,0.0,0.0,63.19819801254004,45.21046921552538,,114.33025993715306,19.234726410954735,11.18149118343317,11.15223567982342,11.288017348226369,1822.392806639004,1815.518903425594,318.63911381887044,87.83450812621525,44.91340138259935,34.07171618801228,,172.50205459454074,,,266.77362953580626,48.7416897602767,79.32537483943247,12.610393218849453,149.46606609623635,56.02168044797209,3.218966149325317,1.9940624224391772
30,2010,,,0.4329035071002556,21.405280769168677,4.440454677556897,1.8866622307143937,0.0,0.0,56.79376225977342,41.602142541327275,,109.42290144908854,18.24790096940019,10.741526556094367,11.02821849331652,10.898622972088498,1523.957512452301,1529.0849059217428,304.5473396969422,84.71745488340706,43.35422967348494,33.45516767478548,,160.29463293579877,,,241.14718706008696,45.01113209510123,76.93216766280771,12.470253760548546,139.10417332534303,53.158345540951565,3.183002389247513,1.971826909055594
30,2011,,,0.3935792288982099,20.183366893288447,4.183931999203913,1.8257048156856708,0.0,0.0,50.15522048636403,37.904475426224785,,104.13490120771202,17.143925520489546,10.14199163425492,9.75568449973538,9.76512935648966,1255.2864714795328,1275.1113719172802,280.7583419820924,79.68758078824388,41.364046443471544,32.21752233447087,,145.03286214932913,,,214.58992981438877,41.53710890297284,73.86103167348966,12.107781169729494,127.3792695714472,49.16508900015713,3.1044226102394834,1.9177918585392633
30,2012,,,0.3586238862958412,18.77734202767688,3.8830017018864735,1.7304601500368124,0.0,0.0,44.8628574175376,34.276279997749604,,97.65749260908107,15.963560681954837,9.326645979351344,8.45368149754326,8.473036725856963,1120.1670719070096,1161.8693971707603,259.60620543030916,73.12245964613085,39.13783605825316,30.219970861509072,,128.65164237623216,,,189.2518316300984,37.68523780492414,69.88469115122275,11.555767790924694,115.19998226135168,44.421949449822336,2.9758033974891744,1.8131964321799765
30,2013,,,0.3288316948499418,17.345127592758807,3.632658309420275,1.6245778774641488,0.0,0.0,40.22457180859434,30.708447312150287,,90.3743364669319,14.994142541346465,8.438704782336115,7.363385926606414,7.257894553861637,963.22642593779,1068.036449771869,238.89666898578756,65.37099896419912,37.346322164465214,27.881067057609062,,112.23845247499108,,,167.53507114203111,33.9193075751245,66.4194315945262,10.827050514778792,104.07554218569857,39.71544800097384,2.87002548925,1.6884629144478644
30,2014,,,0.3032263378492506,16.026905910740197,3.3693189712665936,1.4942989022315942,0.0,0.0,36.15715152685641,27.455172524991085,,83.1089214572783,14.092426746788512,7.561966166286998,6.4986570915929205,6.187250592936841,790.9636305861749,971.1054913423818,224.62916145584455,58.06972850686265,35.19729350268736,25.382354197336195,,97.28747720686675,,,150.49908350720247,30.65898014521579,63.2974433243896,10.038710758932783,93.6197644487801,35.25650100540271,2.764481844421315,1.5597915817626335
30,2015,,,0.2789321053578913,15.1677721149709,3.125347243831324,1.3932748788890117,0.0,0.0,32.63214659692357,25.063063275943687,,77.6080619579927,13.33046235662732,6.889081052106643,5.905850846755053,5.524296712558689,667.70101251756,893.8483133742357,215.76400694766855,52.808060563834914,33.109038127649264,23.262959544003262,,85.26586423319985,,,133.76111640531337,28.488734736337182,60.202131956059134,9.356522539531,84.18363100927536,31.517579393678275,2.6507126385675903,1.4552161092222609
30,2016,,,0.259591846287833,15.07330884898561,2.9396843346453765,1.3616522483018378,0.0,0.0,29.363430681526424,23.815188580450545,,75.85320027954987,12.743375111208929,6.550872827217204,5.430348501131241,5.206005283722083,572.333066392891,819.823552312561,203.59285267803304,50.07967799015815,31.41877275413466,22.238077064815393,,77.78458310623967,,,122.58596674162813,27.81635647233138,57.371055506575026,9.074228304780362,76.25385350965541,29.482098941877997,2.54722717214084,1.416253486644781
30,2017,,,0.2533877975721439,15.372009620928884,2.8507814131922538,1.3935324707131076,0.0,0.0,28.048643738073633,23.44520344913867,,75.63696845727858,12.55480857913548,6.459131150469136,5.13660238689813,5.065565105806193,490.44845641557464,732.729724012049,195.30257247880644,48.97006209999543,30.77306692396264,21.944596386562345,,73.20079233341706,,,117.75198670130878,27.790342396038927,56.31648030618395,9.052156311307884,71.01367986663409,28.204336943167593,2.5238373924349107,1.4268998672319155
30,2018,,,0.2574991961983078,15.822185009218169,2.806406945895139,1.4164093082712546,0.0,0.0,27.744026140601832,23.300089003987583,,75.56283588058834,12.45586626960986,6.419931507693986,4.917920537113795,4.922519826778575,445.0855074121496,664.8987467290999,192.2084460485651,48.30847638894593,30.206422521686925,21.686083165941085,,69.85346923474363,,,120.3873783863497,28.099221976362475,55.77708817752498,9.071061358702355,67.51593719506474,27.032219187374498,2.5228215144608273,1.4409928591604113
30,2019,,,0.2608267924765084,16.406343128335383,2.7197363226284588,1.4266759691480546,0.0,0.0,27.52121849911316,23.486585354711792,,75.7963424247256,12.161531567146849,6.370645199604236,4.669464895626619,4.781184502930654,420.0868779603673,619.7079906325978,190.1425959089486,47.79104259790979,29.3772971596592,21.371365239331492,,66.76176765847167,,,119.96453429056064,28.54237315834225,54.69444096270158,9.067012663225029,63.9027040263445,26.074697224251008,2.500126415402716,1.4452917039603932
30,2020,,,0.2533350637849182,16.492690918622134,2.39782187279077,1.3680242555844315,54.46277742341054,42.94453391644093,25.835283704683043,22.68980151259877,,73.77243952771465,11.952406084121533,5.996731928127852,4.357873055260339,4.643666476224469,381.5951565307832,569.6602856636782,184.73819552780057,45.67143045931226,25.35723140790929,19.976580567028535,,63.41329633969418,,,115.33622639619249,28.24892019729466,52.95601231221622,8.935657968351496,58.94950615778251,25.025956762899785,2.483986382386939,1.4082560500439278
30,2021,,,0.2497703925166494,16.36080611673246,2.239240125412327,1.3765722165935357,121.34098477256408,82.59657715365536,25.08627255746271,22.010713616365685,,70.78127703142022,11.85313505163642,5.71264147411938,4.062172565639225,4.559822135889551,332.93050627719543,520.917768071334,185.5350972377409,45.43611572797463,24.10743289178517,19.806035620869476,,61.436880895725494,,,110.7391236556162,27.29460701288309,49.9002106440327,8.830529811591834,54.29874357933873,24.04054822973655,2.5423937824505463,1.4259869869836956
30,2022,,,0.2536528452645319,18.934383679385235,2.430907014110651,1.4797096421831013,23.986982505600373,19.881902775058816,24.981956781443987,24.99522458840219,,79.21747277678158,11.67785537293804,6.056705940141832,4.146388336062477,4.597816758686812,313.74693923450826,472.267510021161,178.09154726761577,46.08928855654424,26.329850783666245,20.57964808529706,,60.94765282021156,,,110.63249573531294,31.023802686434685,52.90062277995048,9.022735636566674,55.42940082560182,24.245844918996923,2.495809037820133,1.4613107466227162
30,2023,,,0.2565304853205982,19.480082787749527,2.5900720743194277,1.5458968409311842,4.642039782489423,3.19951913902554,24.67287237840219,25.10772889938746,,80.09006404946608,11.431210212082645,6.226598282732453,3.973597327996916,4.572397019874385,298.15937004687237,430.5901374202463,175.17052757172036,47.25315003055629,27.469669324489736,21.87781079965301,,59.33715190725794,,,109.58564865683438,31.267822624078818,52.78354798893914,9.189224728071434,53.9024714479476,24.67220644524936,2.5022503225993065,1.5009739744132355
35,2000,,,0.4518526655820922,25.456802642960504,5.862415785658767,1.7952406959375538,0.0,0.0,54.210169815792106,46.38110137710284,,92.55830425242613,23.933054689430563,13.05009832735827,11.069246979070764,12.5584159621715,1938.4001697330705,1054.192457215141,142.2073365964798,39.874610976275875,41.50148531281624,32.552996716276155,,105.06498268251111,,,115.10183891446,36.54650795833633,49.89346102545492,10.208913404487909,137.1198752802757,58.55905137065526,3.8101355622864457,2.7702163198598986
35,2001,,,0.5363449865358604,27.122172709847295,6.2894460023536505,1.8765744042980117,0.0,0.0,63.949841093983736,49.304883201899955,,105.2773709073824,25.48866079538065,13.625615587862908,11.815975617580737,12.969874672361543,2537.285718682771,1371.9159180883864,168.26740432520094,43.85201011055431,43.9708125025943,33.64345088411761,,115.79768482531708,,,137.4490420849893,38.09180292246576,53.995248937759,10.66180613877249,150.0314921460027,59.71267854409435,4.1748348801573,2.917716352018775
35,2002,,,0.6519561068745316,29.49471517581842,6.8140038827870475,1.9891408535893893,0.0,0.0,76.56631803560411,53.500909462471846,,121.2863877484952,27.51674749048225,14.414619572182051,11.403960106100609,12.513087853288118,3171.05153258919,1719.330684047167,200.24531385502095,48.87471531595163,47.17458182145979,35.140487957789475,,133.51275014583487,,,164.9732985284119,40.67736449626432,59.45650558766652,11.192838702796356,165.75257081341127,61.41293201659693,4.622345790299873,3.1049272626945412
35,2003,,,0.8273565892117275,35.38522561370215,7.437643367180171,2.1573149731495804,0.0,0.0,94.78483321668824,63.44155973892043,,151.54000365541654,30.09387520036855,15.758188435561976,12.027552581038204,13.136163748944533,3944.38027321756,2203.829951453798,241.53512397741105,56.19233626462114,51.27435456566353,37.67868903576761,,150.543826556025,,,209.91820409429025,47.7519267844248,66.71231407297013,12.033487078686427,187.15434540998967,65.41897841235416,5.185850783340079,3.4095687553694884
35,2004,,,1.0119485412281033,43.64759202944759,8.088594497073792,2.384802185361464,0.0,0.0,114.14196710107012,77.76541104490498,,191.38170474320304,32.676585370650066,17.521062885503444,12.669537035596075,14.006306887324936,4586.970337524726,2724.769988810845,277.0713186483378,65.44481933318082,55.87017098583376,41.18184313935822,,173.6724123988412,,,254.47298483435205,57.107428483637584,73.839712016026,13.012137334460482,210.2106126716668,71.09321616202624,5.7688700939332955,3.8109593615703385
35,2005,,,1.0211791516326902,50.21403214277947,8.19049475810791,2.5897332668272033,0.0,0.0,113.33181565683668,88.83423638118724,,223.16167319598517,32.95491471579882,19.019458370426108,12.308650321896106,14.588728253603714,4408.962448226122,2959.418830974763,284.2397241491578,71.47837765705069,57.0374981878386,44.461793501400635,,190.9396565573021,,,256.2693621770203,64.10129206586913,76.23968572697991,13.966225384740858,216.5970085961619,75.83049414558623,5.965971817444562,4.180932807826085
35,2006,,,0.8413944234648004,51.83704754519493,7.604311248922976,2.6902708377709175,0.0,0.0,92.19754143953688,90.87873037896765,,233.0336295669266,30.35408155056934,19.464609450110057,11.07456792777595,14.631294795632517,3551.6417172455585,2763.231091514644,259.667552188791,73.53734954785095,53.6654216039151,45.891104852486976,,197.55794535627183,,,211.77023477016135,64.63201480397493,72.08458428643144,14.326241990142243,200.58024272178355,76.58695275900487,5.650539060085889,4.3540707767084115
35,2007,,,0.752844131007896,48.609560953951565,7.093459332239893,2.6259984228133555,0.0,0.0,81.62450475619622,84.07050374136293,,221.52707586075695,28.25184253068665,18.748751491746393,10.783553253599525,14.452575518881543,3207.4651634653055,2339.3305353400824,243.6239125232246,71.96027849058504,51.00249968591538,45.03494879331057,,191.09342988483604,,,189.07133270134193,59.26476862831838,68.36354337255572,14.032398571927107,185.9303753288012,73.27655834254507,5.427514959562538,4.319057593691888
35,2008,,,0.7404380272385419,45.90609129722316,6.8234178899030775,2.5175463550593307,0.0,0.0,78.98819162910468,78.26015090104733,,212.33467598072036,27.107977556928542,17.74039634786078,10.908991809467087,14.01832646645246,3152.291845965923,2021.5973380190371,232.90160310836453,68.6892103401308,49.947839694497574,43.64897648511983,,180.19125810066296,,,183.72888799767117,54.77381190720031,67.0478008996195,13.51473564060131,176.86019654412246,68.98249763697025,5.388848841903397,4.217462814226178
35,2009,,,0.694774738885867,45.803881772093355,6.4956591518531885,2.4749656605140498,0.0,0.0,72.42250816467754,76.36978978423063,,214.3173698086665,25.74479152365783,17.22181035029603,10.919954463438277,13.838913245392222,2866.595618141327,1883.2373080967816,220.30886814538684,66.75030406242499,48.46752938055959,43.21217779854461,,172.74423900475142,,,169.14378023609484,53.21846053636919,65.07498865315492,13.36365272771207,165.39829191066065,66.03047228747002,5.308668134442262,4.209585699100859
35,2010,,,0.5839415660937245,44.12671363845663,5.946727421988582,2.421845540354354,0.0,0.0,59.31598079403039,71.45515716521305,,208.20325501566157,23.400785024513297,16.452459415648217,10.394593807039543,13.321587615045056,2296.0439958429115,1631.0496995853928,202.28947820215333,64.13912273707956,45.0459209514822,42.19288210843617,,161.93819797419164,,,139.29299002048117,50.00168284780121,60.931301996377,13.156429304429452,148.02261918583903,62.23936683941803,5.035556191690113,4.140223682796801
35,2011,,,0.4822129133861451,41.76412694292746,5.373887874102687,2.3227888194726627,0.0,0.0,47.6047181852535,65.30831845644383,,198.59649436377995,20.97115204383611,15.329330582965024,8.79198626045249,11.826343843053523,1804.528171713429,1399.7961549707009,178.74731138512243,59.67295557677412,41.3012141863901,40.217506334179944,,147.2662412828836,,,112.56960217442594,46.283621789968635,56.59734368629463,12.613999704864018,129.7808624979313,56.96608092563921,4.7027318207859015,3.967857171017869
35,2012,,,0.4201873481261954,39.62525089054969,4.851371777416445,2.19898141352831,0.0,0.0,40.69420804841434,60.2857513595305,,189.63549468017297,18.9499463931308,14.063309280974549,7.415594488717449,10.243611002425224,1577.6577057098627,1328.8242673379643,161.00937606712168,54.68579215288993,38.08023664946632,37.662936991327314,,132.8012083692428,,,94.83794694937316,42.75011630044386,52.89458040296382,11.91083725599723,114.08299203294987,51.42436036174588,4.383836463938093,3.7402264348999448
35,2013,,,0.3557313977035778,36.81800499287783,4.34991260244815,2.0456241184829493,0.0,0.0,33.73957958685415,54.29188181894152,,176.30515239159124,17.01379444184349,12.615834825927315,6.186939260068289,8.691436163920793,1312.0491392768538,1264.816855332977,141.35948403787452,48.57308994392499,34.787197056491465,34.48532914197736,,117.142364387996,,,77.59640475035839,38.68245447152238,48.93831446637048,10.95995530258868,98.6982855350584,45.52199439855225,4.042372115545562,3.457244976959648
35,2014,,,0.295774060427854,33.309744151945175,3.813216968806699,1.8335629736966008,0.0,0.0,27.382111107264233,47.615917369291985,,158.9466271945442,15.097424251162288,11.038566869243406,5.165590696413772,7.223622726536115,1034.4498552960138,1167.4643155382037,124.861363832387,42.262636478670395,30.996479824243067,30.672945813156115,,100.92355276982,,,62.96391712520237,34.1852037755658,44.5783196803711,9.822297569943022,83.81182308638112,39.34924269207555,3.678411373906707,3.1243539724256815
35,2015,,,0.2470959558956578,29.997105336072043,3.346086355298445,1.6386324070981204,0.0,0.0,22.473883475701705,41.436019873776345,,141.42841369348247,13.460544185585931,9.610418413933829,4.428351062258529,6.196022134434656,831.0111937222772,1055.502493098668,112.381140030873,36.881356435371,27.52428945338893,26.919643956215765,,86.22683445035281,,,50.876300312045885,30.175328772710053,40.2621537545489,8.7383032949461,71.27227748446681,33.721037654549285,3.32857285628063,2.7943462172689415
35,2016,,,0.2171363419223961,28.47986023674374,3.0379518806636,1.5295868199560736,0.0,0.0,19.088906151361765,37.63539399562386,,132.09833874489783,12.364845515436526,8.710149971258396,3.9168007115721046,5.567303200727611,693.7030260987256,951.0843661903452,101.50085518924932,33.493729922190546,25.184327452078964,24.56763953471305,,76.30515747484559,,,44.042998909780486,28.161837343251772,36.9319746277723,8.082269068308925,62.35160472044948,30.06674445542721,3.0771450736421944,2.601452516430229
35,2017,,,0.2159063825293922,28.867844414158533,2.973259812653102,1.5227353724956705,0.0,0.0,18.602635863868937,36.83888008303855,,130.84806981239623,12.262050573905476,8.326236130426219,3.7260875874606505,5.263104897119274,615.7576936080039,865.5365339823617,97.5805478332988,31.78167342313549,24.905434546746964,23.53349743864737,,70.784491416534,,,43.13442748851042,27.941859357336252,36.42071211032115,7.848764611506397,58.620906454348955,27.963852553199235,3.070317497906308,2.539997129722978
35,2018,,,0.2307226992733589,30.125839187135536,3.00808498874297,1.5303664776257662,0.0,0.0,19.35056930297075,37.10827567018546,,132.62761105784418,12.48836449462936,8.169510818378987,3.667299619124915,5.049358988457091,588.2291061875912,814.6341353581458,98.41408598021704,31.023063212473236,25.173099403768717,22.950219661604887,,67.59955464779505,,,46.30735680273804,28.645277944739647,36.964538556542635,7.776960011496817,57.33211953301569,26.432494156172694,3.154647413477847,2.533871211891064
35,2019,,,0.238728216284951,31.65543763479519,2.934846822758,1.5330263771737798,0.0,0.0,19.62218569622213,37.939386179943014,,134.7935138865187,12.28471241604983,8.048599002523986,3.494359835970447,4.876484064232785,562.0129345779566,777.685381773293,97.98648090986678,30.507603392511992,24.67569985687238,22.516613878248815,,64.85429005290413,,,47.15204377447538,29.497581103647185,36.40107724759928,7.737002615076313,54.61697179540815,25.347913605313224,3.1471673596207657,2.5235064513451846
35,2020,,,0.2427260948367058,33.996302958301506,2.609423400189987,1.5038710822576655,57.97580935535699,70.36621348442353,19.267906533221748,39.15690315393152,,140.0155175786522,12.017189561249776,7.578447955832094,3.2780452386961825,4.843110858680577,519.9965420603152,750.2380933628082,91.53030303924152,27.344106020640687,21.58367001027271,21.66210430696116,,63.7786396674223,,,47.341844074672174,31.17761819811392,35.720631343928,7.780132213643192,50.78330245354256,24.92071982613644,2.9984742181778867,2.303499768617681
35,2021,,,0.2623521135157042,35.831269865905284,2.499688043015982,1.547485041084589,141.3230239599218,145.00681537751512,20.44852434317116,40.3495292073728,,142.71294377740276,12.353119812956836,7.244851698183926,3.1400644512745424,4.8385166375666735,480.92972370865107,724.943217311729,94.3671176555684,26.759368819145305,21.181278260997686,22.104988067045745,,63.95024744695787,,,49.6549710214165,31.970797861687767,34.741102337578546,7.874730811988659,48.06965260830517,24.43257974734214,3.1435053112794917,2.293114646849763
35,2022,,,0.2597554339004167,39.73152916774809,2.725137905462208,1.6142515099203791,22.24638705406959,30.373621532246645,19.77222162372764,43.80239991664198,,153.11750792902933,12.159091777399023,7.722984419849698,3.240466417413938,4.74972507294295,450.7290576084049,646.9778881621926,94.14752696859208,28.63886396505656,23.069347133136137,22.21128429341311,,61.27867727407704,,,48.16627196438428,34.80521709033847,36.581834862069535,7.778004342117103,49.31706060030727,23.83673807553101,3.1920451938934327,2.469472027507414
35,2023,,,0.2599938828097444,41.12900652906109,2.874607516279633,1.6866924547598918,4.0590064292643415,5.523098905926671,19.33753391862695,44.433520977910035,,155.35411108948094,11.909023392217891,8.04974353651505,3.0760281396327644,4.73485770476738,424.36605118696394,602.880724813001,93.886280959848,30.674806756817297,23.99346587045775,23.682687167333835,,59.45814989493297,,,47.17875431055344,35.37891157539624,36.143515415152045,7.901430150613927,47.40749948604906,24.103292512481595,3.2573586107243515,2.6283230628788186
40,2000,0.0342612725120474,0.0311069185603821,0.7755019704353906,33.45506208570572,12.560823950343734,2.842696697276238,0.0,0.0,110.75031064976469,75.27490222293486,,110.0038135905732,42.897961694222026,16.66649916182558,16.25845890473283,14.61136276186348,1989.1098059223175,1053.6113929301714,124.7419184768417,26.768847316768117,62.42985537118791,37.88052363012255,,54.101313756802234,,,123.81530822267202,35.92193916015186,54.23858002048618,10.538924844095568,210.41956604545683,67.30468217156954,10.6038454912235,7.281739258854492
40,2001,0.0347327814958983,0.0318741403791532,0.813005857768251,34.51977524205627,12.692224521786873,2.901940785816998,0.0,0.0,115.64739316293894,77.47920567537996,,121.57620013754972,42.94700655768443,16.990407436472825,16.336743088095808,14.764369014676214,2527.272931349859,1325.95976784904,133.5012416440696,28.067808133081048,62.40388431417568,38.39700912253765,,58.78352479590695,,,130.57662642155964,36.26156170283577,55.33916702796285,10.782555664314176,216.4099044696389,67.05140355749866,10.956906217079885,7.521305888482352
40,2002,0.0357415442332304,0.0329871459724916,0.8759361278847432,35.4258969311139,12.96345174079043,2.9893543544438304,0.0,0.0,123.04268484558196,79.31455964097623,,132.49853615901327,43.45729208449984,17.352054294283043,15.031049891321766,13.909803985241858,3068.0991666371683,1584.9333604417448,143.07990828689657,29.422779933450336,62.837625311832824,38.96640198479612,,65.98469626313856,,,139.2106336770187,36.467792699174694,57.37037715175758,11.023120607389238,224.47321905416285,66.85858469557422,11.417090639720884,7.773074656035662
40,2003,0.0374364848552231,0.0347858376817564,0.9962518164434232,39.11642520711105,13.387964114672709,3.102976713261579,0.0,0.0,136.9450231340469,86.7070977532153,,152.71128306916702,44.67064405389097,18.067505621723917,14.993126924246804,14.01327806092672,3727.859488649151,1900.0346432206,157.16779303912128,31.64596649692942,64.38111632304252,40.08379525064928,,71.24091587584572,,,158.7174116352207,39.38231648489819,60.80033910015458,11.380823861964648,238.9366045237784,68.10657993512208,12.057078079599552,8.184089656780422
40,2004,0.0396479927674599,0.0371214244892446,1.1312964360505873,43.65989519194537,14.021924296397357,3.2688992075362555,0.0,0.0,153.22600359000887,96.44254974828776,,174.9520080839015,46.42685076907236,19.07609592785082,15.201343598498593,14.258801833216404,4292.468700563813,2177.1493647302023,169.72448303959374,34.47343549956978,67.19434492598313,41.886915370548586,,78.55765453441003,,,178.4829475645504,42.689985319223226,64.64463254264663,11.751945654481172,257.53265705797696,70.38083856731075,12.844101962287898,8.704703731511351
40,2005,0.040628557067372,0.0395988253690202,1.132143099944814,46.80612800645876,14.125314753841362,3.4421156132185247,0.0,0.0,150.93187721027218,102.94715096375202,,190.68405049527553,46.35069981169222,20.059233291869244,14.676055824243592,14.426612699033637,4199.502348620121,2223.269149877693,172.68979270997937,36.4921576532784,67.99700829070034,44.0488378117665,,84.42632437664773,,,177.68794893958162,44.73234702060438,66.27693977802707,12.254638851828142,263.3824695577196,72.63074397951208,13.14207863628497,9.25787972657213
40,2006,0.0389491715347315,0.0413992008917155,0.9725165563402112,47.97145376066765,13.340123160404284,3.5744479129406685,0.0,0.0,127.84530738670752,104.71702503506354,,198.03869338904065,43.241144821105095,20.567949493348543,13.411482270443123,14.466479750753676,3514.378544452402,2010.4340438631216,160.9383972400229,37.53692168150275,64.91200212133349,45.630757263639985,,88.78618660813534,,,152.4309783620072,44.863042467683584,63.63322546585748,12.597394919413018,247.4636776315482,73.18717065385407,12.614699230618031,9.64720809059137
40,2007,0.037387628700459,0.0419868831855404,0.8837315725015809,46.969950895205024,12.517154626209877,3.5798547330928217,0.0,0.0,115.0371030742238,101.30316176875994,,196.63309269522512,40.302319466415426,20.41433286671803,13.065672297498944,14.62434745731384,3253.893837907152,1696.943961540392,152.4749552047661,37.79023583961601,61.96297630211192,46.07401169229598,,89.45730299377927,,,137.8748282871833,43.05572373221447,60.61756168068187,12.664315564754576,229.95592574985608,71.80023801250117,12.102574529162036,9.836963939859382
40,2008,0.0369714237148419,0.0417984767077299,0.8816340062868305,46.60346966967849,12.07755768162068,3.5263364117974314,0.0,0.0,112.80952216739546,99.180861023241,,197.971636619326,38.7387949636698,19.86953592624077,13.220620926416956,14.529507022368614,3269.400000720709,1471.389263150261,147.8563779298551,37.054713180894794,60.95822668483005,45.84888113747822,,87.64446666170592,,,135.74501233551763,41.77570271229743,59.57127756962265,12.542047727149958,218.8305225114624,69.19031538722619,12.010154076988591,9.839254274367509
40,2009,0.0367768012368972,0.0420149335064373,0.8592348980133003,47.55295635111313,11.67401569332558,3.513317678670806,0.0,0.0,107.67444590611647,99.05320060923452,,204.63378243602008,37.39341039509643,19.48226590906958,13.417262228366102,14.523282342138032,3080.8012395912597,1371.561152259803,144.1932408715445,36.42216697921389,60.17341551037664,45.87636527523341,,86.01623601707848,,,129.82635859348272,41.55732778317105,58.73427076254803,12.542292410506388,207.7074781739816,66.94512577230546,12.0152871861785,9.912371380896404
40,2010,0.0354380933624871,0.0425014213656691,0.7677383193021242,48.30508828314559,10.973603909706345,3.5119088592381944,0.0,0.0,93.81956639828238,97.89444617416328,,209.97610475927837,34.89944474335281,19.070315663638908,13.10292644040029,14.290131093954123,2588.217794169314,1219.3960902630506,137.26860948488405,35.79082873466573,57.631564384294215,45.83479181705066,,83.19933678338735,,,113.60014207820583,41.15967786080789,56.527027757918,12.606247003659576,191.18449789507025,64.56822043255715,11.67184079689648,9.966237643217914
40,2011,0.0335945920678164,0.041940069423601,0.6735190221476426,48.52499548171871,10.180653955288262,3.442986885512861,0.0,0.0,79.94856600510744,95.13993167757825,,212.9213878436904,32.04713471260828,18.225864722854052,11.34850298777162,13.00075929904456,2130.886000933113,1089.526979281741,125.2948082892284,34.14124834182354,54.282128573481174,44.77017675868255,,77.98151293800511,,,97.4696088362912,40.4463567301778,54.09388160422387,12.327961089170236,172.32521034461595,60.46190087315109,11.145849397228506,9.79943511234294
40,2012,0.0315139674671145,0.0404430203387844,0.6096150274388293,47.63575100173445,9.317355856589913,3.3034689784253835,0.0,0.0,70.85312884434785,90.9937769436086,,210.37361741543916,29.265015916506822,16.94424831003174,9.67106374532352,11.42795417945256,1927.24537395596,1074.4365681020054,115.22759015939536,31.797309840972563,50.750617379683526,42.53786929948299,,71.56826103905983,,,85.21021321236664,38.66301452270248,51.541237512473394,11.74347757403362,153.25975286175597,55.302357674928246,10.512810902622052,9.396676083617608
40,2013,0.0289314294601536,0.0383049186268687,0.5313402606638772,45.822189506927195,8.361104948966936,3.1190380548334793,0.0,0.0,60.40890523285964,84.90679359501725,,202.55846380720916,26.32411597148069,15.41161897386127,8.067958933933568,9.834030731242487,1672.1056776543508,1073.792427465822,102.44799728894736,28.7231752946865,46.543785967887274,39.49373889274684,,64.12310423026717,,,71.81633591502218,36.23167408772945,48.08164004511628,10.901914444924277,132.5297471782287,49.71571875342365,9.71416276001572,8.82464862965201
40,2014,0.0262843576620709,0.0355224578604968,0.4515311159229885,43.347564656422094,7.325000473361352,2.84335921907107,0.0,0.0,50.176637396306035,78.00706194386274,,191.06712698786404,23.330683118268716,13.743849763872934,6.706596867228607,8.332663431349317,1383.8306255757072,1051.3434174461254,91.11740133432836,25.573759386524618,41.496937243018685,35.78016007649516,,56.343174853959106,,,59.62411311041608,33.50744254372436,44.000710121154555,9.930759706919934,112.27318149791463,43.87601957986339,8.817055981947094,8.132890992580323
40,2015,0.0239522818601052,0.0327256067010282,0.3869022062209224,40.84975930579337,6.450613565855314,2.5950972122449256,0.0,0.0,42.212167569476335,71.11907515733945,,178.15894186339682,20.8795456462753,12.245523251598645,5.783670913114453,7.3135569746773585,1161.3197711301427,1009.4341198464108,83.01722281900226,22.94596447724195,37.04238224068228,32.0984872551963,,49.27151341272101,,,49.42478178002325,30.95606627640821,39.97266200417017,9.02761110280046,95.6510032798381,38.55772153869842,8.005899287475387,7.438690414261624
40,2016,0.0224987251953633,0.0313208663679219,0.3497640084484508,39.99258199620379,5.919468476862865,2.4642347039285375,0.0,0.0,36.887875163316785,66.66317714324796,,171.84393183176505,19.344044372866257,11.30201296605727,5.170792818142232,6.697762075796923,1008.96476259448,962.7256811380292,76.2550567047848,21.277331377797644,34.21079417712407,29.808035657224217,,44.46802211513782,,,43.962859589552714,29.781369733222355,37.056601457989416,8.484134618065905,84.54395318954111,35.016699453215864,7.468951453792849,7.028342602843409
40,2017,0.0225900419029424,0.0310436339562308,0.3514936310350092,40.74752713782925,5.791793045353197,2.4584569022038116,0.0,0.0,36.302280094091266,65.64891405451641,,171.4491466877083,19.157526801156443,10.83481056508725,4.913330005248328,6.344359498299096,928.3854866521322,925.6886264273916,73.83963363008769,20.358790854052167,33.769841034750854,28.62865966970761,,41.48276105894741,,,43.42754487136897,29.692118820256773,36.43703602944376,8.245982044531408,79.52547215310975,32.56407532111535,7.459244851035183,6.860696807533592
40,2018,0.0232831377093193,0.0310653333967732,0.3753675500736024,42.02388444048901,5.829750718710501,2.458048379361519,0.0,0.0,37.81891065442331,65.38783440782761,,171.8458822781017,19.437539433430516,10.58545509835934,4.817908495181644,6.047927067480138,906.5062556859732,912.175769889683,74.64517801286821,19.854011184615025,34.0063182939966,27.740077832188483,,39.50012086504905,,,46.540063427881115,30.07074112169036,36.74054212263528,8.108508276136876,77.4622581295097,30.60052658143085,7.632619328148857,6.779458565231286
40,2019,0.0232690213309772,0.0313066102767774,0.3910646731113868,43.67448787415687,5.699915132830908,2.4591140746941487,0.0,0.0,38.60322705750172,66.07540117018733,,172.66870814631815,19.178272920173697,10.402699960426933,4.596165460407723,5.823692171414105,879.8326794073234,905.7382694478792,74.72799556592133,19.62585811985086,33.51006851176526,27.11819327746102,,37.66228289802231,,,47.65411262938419,30.62824723696814,36.21106390743755,8.051808107070789,73.95888215515019,29.28902579756426,7.63421762616272,6.7326195040125665
40,2020,0.0228448204183965,0.0319439420621198,0.4030930831689598,47.288855740104,5.112835966700306,2.398164561793238,96.83423413879734,123.93177354051544,38.50796546095315,68.87516746993612,,180.85530885200217,18.61146075490795,9.675255776517671,4.336909941518335,5.754501964033,835.4221075455887,912.6173286224864,68.08068202714556,16.619620486946964,29.67841068171295,25.973126491975304,,36.830953921965005,,,48.57557071973186,32.666229611286205,35.825558889176,8.075104520699137,69.39486609982245,28.710466837235128,7.072585886645308,5.739037691248848
40,2021,0.0229621499613064,0.0328655753817464,0.4393835741185306,50.02776479916282,4.965729931552436,2.4511469385653397,236.0153872637973,257.527172405039,41.38657384249217,71.39461524923642,,185.09452378333285,19.190910719616017,9.096318331981903,4.200959195569202,5.70173895382036,801.1427041503559,923.0126483119276,69.83864251692795,15.941944121180528,29.581316545789015,26.482544411598536,,36.68592576321675,,,51.5643248687031,33.64060157621199,35.409844800462736,8.157759901543086,66.6137194903087,27.976198296768345,7.357464999982184,5.5456412647783
40,2022,0.0244314089140569,0.0325780719008151,0.4354324142998396,54.7335451604168,5.418012213918073,2.5317781453374524,36.862515871202966,52.47458864323096,40.22402527361298,76.45612945419195,,195.87415124633924,19.213682063699693,9.75608805615111,4.305731831449112,5.504546697895948,759.9451940539723,843.6277539840103,72.82259755076636,18.011644783242613,32.12352733125873,26.232767380881107,,34.65133623389261,,,50.232510670378,36.22166244513194,37.0827712899802,7.905571559828695,68.54814631869095,26.850910220255425,7.771407563416044,6.284480117523501
40,2023,0.0246357332104411,0.0324934215173352,0.4447542511569325,56.090056007651576,5.775919806634082,2.6240568361380467,6.4005996259969535,7.902149984369549,40.25985604680506,76.61814662053611,,196.6974336933683,19.346014991631584,9.975208180812803,4.164471188850324,5.3693748034128115,728.1052613571319,808.897880962379,74.39713615080917,19.28156400783645,33.9388770878729,27.484322595521604,,33.06027830971484,,,50.36122331713376,36.306193059925256,37.26286359945025,7.912096647162745,66.71316663908652,26.668900824776458,8.097668428373074,6.6755354719902265
45,2000,0.3391153118571689,0.2867907010523169,1.0477158940751643,28.493403194476407,22.43693196428646,4.442158137937217,0.0,0.0,166.3033310725067,98.9322929950865,,87.88508429492904,60.52103736189446,19.579361256491147,20.300650394820224,16.567996900678256,1903.4895879723376,1236.726838147184,77.57672763821492,14.123162182594236,81.14338680640196,38.853545940028106,,14.0562594782652,,,101.4126478814503,25.672499637481785,54.314350801589136,9.625378798637984,268.58263192848534,68.50654345898218,26.038913805198415,16.196209660200495
45,2001,0.3383034904189648,0.2905783398020304,1.05991172856974,29.224577459198866,22.34336364093743,4.506439573567517,0.0,0.0,167.888627965248,101.25591851967827,,96.53012449396005,59.66385799163768,19.773111730715673,20.260845844042603,16.706203124848653,2359.8734587123536,1514.7533928790704,79.38546503975205,14.474436930796832,80.00755391173858,38.92480008009203,,19.726863537595197,,,103.43341548709948,25.74290588851081,54.63695223763012,9.773565417773872,271.97186823977717,67.63259367293254,26.493009717256093,16.56903517965343
45,2002,0.3376399952021685,0.2961423940701436,1.0875515135067977,29.44550902840367,22.309187532966323,4.587929928632845,0.0,0.0,170.79556650127557,101.78472467945318,,103.10197131397877,58.940180581521005,20.004784707607723,18.233516359336036,15.509811664206694,2794.1521136990623,1760.361537332069,80.39324669458438,14.724034060723191,78.86571164190654,39.033358455071145,,27.03361994592243,,,105.18402286563418,25.43326511423562,55.35450585183561,9.874723293248096,275.192708894752,66.56736824513463,27.00401995841103,16.97331130367588
45,2003,0.3422218659700883,0.3079976461637441,1.1661143403740764,31.693343451569305,22.379466714630645,4.712992080458791,0.0,0.0,180.0473846617476,108.69534584384836,,115.544818801961,58.62881086920007,20.52676172226261,17.739222980817924,15.485586952766903,3311.5322615049736,2048.027249557597,83.76610078275863,15.407092182713802,78.49827523292728,39.61600668152885,,32.31774536951148,,,113.35434142855024,26.76119663803319,56.948561104496775,10.070437368254703,283.4893947950397,66.82756357225833,27.84719510724633,17.67078020838255
45,2004,0.3548491707450282,0.3240938319356963,1.2760506702378966,34.47215806779127,22.98101851995635,4.924275893829929,0.0,0.0,194.7972151196344,118.14285652322528,,128.87589005598227,59.58387447772605,21.42525020259412,17.650786119333635,15.649258371995463,3765.958598009362,2278.461929232809,87.97435120275729,16.437065858620855,80.36452936574435,41.035177401186544,,38.620435139532105,,,123.05094480524504,28.29252907280271,59.37213651566324,10.32070598312533,298.7912552288245,68.31923874716327,29.201038730628795,18.68047363505819
45,2005,0.3678582666457244,0.3453063285398349,1.310768982098362,36.600592035277266,23.49275971863861,5.199813252886126,0.0,0.0,197.63021312407335,125.14109048848388,,139.05017711895457,60.29917328328182,22.59569575280733,17.34097968382264,15.85978849317399,3765.30355700996,2275.8894141787873,91.31054426343565,17.436532332254313,82.46016769396574,43.28085640270063,,44.46636977658592,,,125.95892576355116,29.34534995511496,61.77159743493843,10.796172461718244,309.3516110485564,70.42994084387317,30.39770180497677,19.94533162545485
45,2006,0.3631473939691546,0.3644144550810491,1.1936247029563454,37.79615505901885,22.860661973035462,5.475488848335515,0.0,0.0,177.6703413434672,128.3854560674127,,145.33092665445434,57.814693517430946,23.515272500300092,16.39597373431505,16.100924133557807,3295.3112155206063,2032.5547686867892,87.91663796634454,18.134653900497835,80.92689402773392,45.574896612203915,,48.746323974116784,,,114.40445515964436,29.68326557953005,61.129494850733266,11.24462545060935,298.8950128283146,71.79240009635993,30.049926012670237,21.055369403667505
45,2007,0.3436824360002969,0.3732055393884164,1.075206550901657,37.39428689887616,21.090725300607623,5.544841283105883,0.0,0.0,158.53316863438744,125.55974973436108,,145.50530331465364,53.07683322557294,23.63632698454431,15.82683559750546,16.439418837465787,3122.712976342515,1700.560150837211,82.71622702733742,18.436561420052534,76.23462628442581,46.74480008631472,,50.726277162850565,,,102.42027801293848,28.76373525328104,57.42424009226863,11.416093166475916,273.2652419742943,71.04558813105902,28.5036292393643,21.648672046356936
45,2008,0.3384830619194443,0.372428452651142,1.0777177478535098,37.33713293158806,20.198329539286565,5.485929473910468,0.0,0.0,156.21130106717152,123.69974189409623,,147.09032290423926,50.69754310046214,23.1450379162549,15.951615788650797,16.393720971511733,3206.9344389086764,1458.9186165888125,80.03658538429383,18.166770363953383,74.42814878227007,46.83469644875024,,50.232521640618046,,,101.21293977625562,28.098737007524612,56.06760940821773,11.32466144497742,258.0024833416538,68.64243919822525,28.08732019930017,21.685578528017576
45,2009,0.3441894257450278,0.3740291925935752,1.08900851130675,38.07134077340538,19.888692386786197,5.452643556234188,0.0,0.0,154.88210580182843,123.58338124827512,,151.66123896084255,49.9198879604448,22.69542075151347,16.425200609388313,16.338040567028326,3125.864250010198,1331.4634756700443,79.67464204947967,17.885334505596056,74.8806022111138,46.86723005794814,,48.902559954106145,,,100.45052597158802,27.952302074628175,56.33714588674242,11.281517021389025,249.4434716591317,66.19715787875012,28.49386256632089,21.760505926478565
45,2010,0.3426267556114223,0.3840646369945958,1.0233178920826689,39.54360853611514,19.234331197685908,5.536915403907253,0.0,0.0,142.2196978931627,125.11758925057252,,158.84127541867835,47.89078038145875,22.61450291531673,16.45064418896621,16.31076592238628,2728.5671770709314,1164.969392752135,78.68171781044752,17.97404505065138,73.72380833168721,47.63898834652558,,47.37171351519153,,,92.56461235085752,28.34476086621226,55.647440413644496,11.504523212346513,235.70308599055895,64.77799446694034,28.473733086735145,22.2012082725594
45,2011,0.3294092228608123,0.3859823421206343,0.9181086294256742,40.62924367349875,18.03135157065002,5.526067804629959,0.0,0.0,124.33010769716962,124.42608646781596,,164.19302474289972,44.49444461758659,22.02550384866879,14.43200797389182,15.07929700546769,2317.6295422652715,1028.6890283230227,73.48700640030077,17.510245926161147,70.18578786847291,47.30159169390617,,44.24402065808624,,,81.37580999990382,28.483535955307616,53.59948524567489,11.41844726989431,214.63916813853663,61.51437963241388,27.531450608276433,22.131282188800043
45,2012,0.3078444526376465,0.3745478344123453,0.8303607932378836,40.30358161524584,16.39473719180378,5.330426877664149,0.0,0.0,110.58007253792204,120.2900526456428,,163.30314764867373,40.317605214894755,20.549030473677096,12.22944393131639,13.301686295866949,2142.1993486032297,995.9175623578938,67.80219838246312,16.472418648524066,65.04888462168822,45.050789012893624,,39.828524006483605,,,71.21143814496588,27.544584201008377,50.25992707266463,10.888591156566514,189.8997789137401,56.405756637790766,25.76239069938529,21.28524603288784
45,2013,0.2837717468624292,0.3572400237581119,0.7312049349573705,39.20558959765014,14.726884274321428,5.08788418309279,0.0,0.0,95.4330064445905,113.63309669673131,,158.57287412501097,36.23980724172989,18.856017291113965,10.2306038370572,11.55199337210954,1915.8081589180513,982.5182561329764,60.85092217182029,15.117842703769831,59.700163815314575,42.19498160655069,,35.29217376395749,,,60.71975972093573,26.10893633228156,46.441445366627434,10.15017297609175,164.4560093478264,51.137468157543466,23.79345741695807,20.157015504281183
45,2014,0.2537887658486988,0.333808821391401,0.6123804014001925,37.631898800323185,12.731463669912577,4.681836225360153,0.0,0.0,78.21861763971386,106.1065760101746,,151.4871454400553,31.588743554428483,16.931778198904173,8.431622101507532,9.871969723423094,1618.8201422371176,953.1027351257666,53.59288603787597,13.628032084887836,52.52590126503854,38.53503276279475,,30.715890407216374,,,49.69595997442859,24.52930578004385,41.59712666622507,9.287632572239486,137.63133012736137,45.510488638041174,21.231249345403533,18.662646085097514
45,2015,0.2261351932031086,0.3091598119810425,0.5114785968313945,36.123376510395154,10.978559418042352,4.298133348089813,0.0,0.0,64.04309533184244,98.59646445549927,,143.83627878207238,27.592398527272103,15.137974357378692,7.135304585554258,8.698358509626749,1369.210634418108,904.981875633882,47.860631735054945,12.352167114882135,45.909356789600025,34.694346732340264,,26.551301162764208,,,40.05905854729265,23.081188299300734,36.887960020171256,8.465579053719233,114.95432573134912,40.184286558420055,18.811174754547704,17.121799776042785
45,2016,0.2075555300444675,0.2937569995401957,0.4477994868261971,35.84094780125203,9.82878413738988,4.067698427177446,0.0,0.0,54.128756087965805,93.76782434988186,,140.69597142798526,24.898559300402248,13.941687563833607,6.2474019429803045,7.9481536793650145,1193.799227189376,858.2276022951605,43.09032546091971,11.496703651942385,41.378935317861014,32.083324963756795,,23.62099740966507,,,34.43706784103365,22.47841666205637,33.463943577484415,7.927242778779283,99.29575812743909,36.364956192226,17.14157280281424,16.132050190689416
45,2017,0.2041708162107654,0.2856664667472064,0.4412441643857956,36.696531579092515,9.436709791815389,4.012336574701677,0.0,0.0,52.16357369538875,92.83094659064064,,141.395204747294,24.126076422899512,13.196804904558752,5.834981030790854,7.440203971087621,1113.826851793644,828.3515153601774,40.97691622139432,10.929081571772532,39.977620430158495,30.39275749253757,,21.396885813524133,,,33.305770484991456,22.524517027941783,32.384782634611064,7.605029457813556,91.70188189569726,33.46991129022694,16.743720541643977,15.52261143763731
45,2018,0.2076683395122519,0.2795208276370698,0.4701506012280076,37.816456574916,9.394313470106198,3.948882949440239,0.0,0.0,54.1274496349679,92.27395370883544,,141.90434591880637,24.223607441753085,12.675512503901931,5.673268165742412,6.992347794411141,1113.0295258121505,824.6855267984789,41.23367504685267,10.507386876620815,39.83571131705884,28.98400313019605,,19.721287220334577,,,35.561814110221455,22.75869435603984,32.45396890061341,7.352094064883389,88.40637276502896,30.932152998996543,16.97534516398519,15.0591830651266
45,2019,0.2066828635123317,0.2757039306854536,0.4887467376366082,39.274004556818056,9.13067215016337,3.892052268032024,0.0,0.0,55.15044866021391,93.20191016049294,,142.8608809379069,23.79747911892663,12.250754085634457,5.387699061522491,6.6195066431446765,1096.3818157957212,828.1748689760478,41.23884920102499,10.231216347937728,39.02092110201137,27.91875398577377,,18.289851633700778,,,36.34660924866512,23.12917613663636,31.871080440120572,7.177336365978827,83.95024863787386,29.091662934515245,16.848927521966573,14.68994523873388
45,2020,0.2026228436575726,0.2812432615722773,0.5265178763763252,45.22257325558222,8.171027213601382,3.793471994658287,170.6603549370592,179.75482270746397,57.49775063690084,103.17595184086412,,159.64421791994192,23.27963992101863,11.615829113342429,5.064030589051629,6.556083197826233,1063.1474931421965,865.8475039285593,38.93851904089929,8.789627362005534,34.53903329408234,26.933170058406137,,17.974485675103526,,,38.677600188433274,26.198889941017654,31.34064446221427,7.21281189807017,78.39027124167063,28.547662063991456,16.090142346991993,12.66951492205221
45,2021,0.2037927246412216,0.2873253701153048,0.602889396715757,49.4840671245882,7.920830232455658,3.858305472884011,420.0084019881487,379.1767647503917,65.0461910934666,110.40069476675777,,169.77061318042627,24.47845943908606,11.05615055891048,4.906494840412461,6.501949797786366,1053.905909614145,913.0714498643298,42.07880043700616,8.614868086701604,34.60904470098239,27.566572257352476,,18.04558063229895,,,43.14605065142805,27.910148329920407,31.01379567235802,7.243109627453488,75.10896436979058,27.77190443965683,17.553443913899322,12.50364968964949
45,2022,0.2108464089296626,0.2795871005820511,0.5394849701202243,49.015719384888904,8.458883722433333,3.89723048838458,55.002518221700264,67.79703940553027,57.15240506234091,106.77375770280244,,163.02500992938627,23.1253270502593,11.201858216238218,4.938586923435835,6.124443932042579,988.0474348106764,834.1375350752394,39.50833237699526,9.112796874647644,36.48723075205501,26.438151249511417,,16.421967932280836,,,38.013087458807654,27.189411665325856,31.873269577030378,6.85457715675202,75.23579366099466,25.95895958502449,16.682489819193744,13.2787287936267
45,2023,0.212885329334387,0.279121407000791,0.5503203518030885,48.690326675943105,9.088103164562344,3.932179895092442,9.733580973539365,10.590605988108289,57.08019322535862,103.625727034153,,159.4292044816791,23.222935700469552,11.091245895139812,4.8098179467999564,5.877851812625576,955.9515993680236,811.9984616240644,40.33572529309022,9.461910372964578,38.66769435366034,26.87658033587414,,15.218676887327844,,,38.09898029219181,26.454912917434076,32.217530492784014,6.712307282421601,73.65822264340014,25.308257483382707,17.32977790432518,13.748202787818816
50,2000,1.98692177083685,1.581294210478516,2.0541973831996136,35.241473804257126,54.29022554256028,9.783880362880597,0.0,0.0,376.1995430954161,196.6354111811139,,110.00728051408268,110.66844035491545,29.070566467394304,29.879150647054782,23.620901387018453,1833.877583165372,1300.5908019919548,66.5787874593787,10.547507647834808,134.08318634615722,58.5411578313378,,2.937896071954584,,,117.48925990133644,27.788956588758328,69.90849459779116,11.524561518938388,434.55927911103464,92.79314945259352,70.39516763421773,43.154163495003935
50,2001,2.027718586829552,1.6051375119070086,2.1291965352331923,35.86745423525558,55.09165708020105,9.942435422294906,0.0,0.0,388.1680124102095,200.20755451243417,,120.06960408693114,111.39287125293912,29.427432063211494,30.0940247777547,23.821594364517125,2254.22714133796,1579.3217325021644,67.5720430203117,10.64323749860117,135.01291156261567,58.73538900564286,,3.6248290598234583,,,122.1874068401656,27.67090384893607,71.69741884628891,11.703552465056326,448.9412661659805,91.57563968126726,73.0430733095443,44.33883161200616
50,2002,2.0479352158919526,1.6290951342559383,2.1907373223664366,35.44473065873458,55.355362026856774,10.064095290828874,0.0,0.0,395.8061093001128,197.713519556626,,125.95357679862896,110.9492575152041,29.663797358921524,27.36647469640826,21.96039171424023,2617.137992268811,1807.3494852410693,66.89377780294869,10.523745427276715,134.2103122034956,58.51285484077156,,4.404398474764436,,,124.29095385728722,26.827977114651553,73.05855817484843,11.737628528454756,457.7438060898768,89.47333256848896,75.15217488451961,45.250142195723654
50,2003,2.0746686911156025,1.6667089358639406,2.3048535756479622,37.12197990999595,55.54473272940169,10.2346975079204,0.0,0.0,409.7524641542924,206.24963603153415,,137.60952961205766,110.18488579969464,30.16092351121478,26.62140295988793,21.64299437901249,3011.258926387789,2052.5887197065867,68.06371796392801,10.732951140677308,133.5375391353347,58.65559825914122,,4.746269042727482,,,131.3209916015814,27.562810772898025,74.92122704916531,11.859376703738638,470.57852879584425,88.79486676937054,77.27725682063819,46.67703000465846
50,2004,2.120954930425863,1.7269459754332572,2.427000119323633,39.068677119748166,56.2673942483638,10.57572334628292,0.0,0.0,428.4947803954683,217.35397010889545,,148.5899083946216,110.27558075424764,31.131675942612983,26.087331467065265,21.577056867983,3282.6570404514,2217.564008067446,69.56910821296864,11.219916682211617,134.9579985309145,59.92172763265495,,5.180831585377911,,,137.43433129339562,28.228887919005658,76.82890727793968,11.980304494047273,488.43131672618296,89.7204565532518,79.95405731532377,48.76652256980381
50,2005,2.1605919002905676,1.8131785766644104,2.4094481108727823,40.387486050744904,56.79115121339394,11.055434993977842,0.0,0.0,421.14473335058176,224.1074117248232,,156.10652221775155,109.72789413304945,32.49832430602166,25.300009834033705,21.555718181483684,3141.595675364699,2152.8527382349,71.13110364071724,11.833679923436833,136.57149896385565,62.49856067873772,,5.531766792531442,,,136.1642457916037,28.504706256180107,78.65097824846232,12.363177025928117,497.8810397186967,91.57847823111776,82.07880504370867,51.58057840656348
50,2006,2.122541324358287,1.8991750113552208,2.194638151676512,41.14493485802278,55.353184050222694,11.549522763832622,0.0,0.0,379.3888317220446,227.02463030159345,,161.09164276223908,104.99854484591914,33.60923605794095,23.947742207496987,21.610133328562135,2690.2936544694912,1868.4786963462673,68.47180955516968,12.227550742014754,134.00215786614407,65.36486407680661,,5.748932641721396,,,124.06622479438056,28.424090928530426,77.92502121100297,12.734836749829038,480.2792270574811,92.68353688175984,81.17988127084311,54.09277516409726
50,2007,2.0060190284297,1.9449198206286984,1.9679056330614384,40.473420599417906,51.43322606978175,11.676205935900452,0.0,0.0,337.5062875818639,220.898342509115,,160.5749890596919,96.86531202542548,33.657560786483884,23.247344882445336,21.94366157147296,2529.9171332540095,1532.2827614104365,64.82083529375979,12.38866594170092,126.84544343103072,66.78505732322458,,5.806547650021669,,,110.99887025709204,27.3995767738622,73.73910454640928,12.847215565027652,440.6680883520762,91.31783161275932,77.61927838495812,55.29605624026577
50,2008,1.9608475241658017,1.9456464912250513,1.930031911760022,40.42031346361843,49.047257764955205,11.513758650867382,0.0,0.0,326.00545119789695,217.97565584053396,,162.8203837060487,91.63800633442844,32.75321477601356,23.357347361940352,21.86768757869229,2580.98411702292,1300.4047868879975,62.24268040801432,12.15179936112889,122.88414193911142,66.65839657859827,,5.683140116827496,,,107.58799489996998,26.770218533723167,71.74789837770527,12.656830512574189,412.9066909097089,87.69492258270475,76.00410843578905,54.99627997517144
50,2009,1.974260484428664,1.9431967496285367,1.930655860266377,40.93206786806681,47.87272753828773,11.378788078963936,0.0,0.0,319.9705601206964,216.52235593774057,,167.46617130710365,89.15706391299177,31.71830825008941,24.011509617778863,21.624892961559667,2519.2150194446904,1182.4819733974566,61.42580167161476,11.850708916255456,122.3493153655284,66.10985167522573,,5.545315294075135,,,105.83709878731712,26.475159260374692,71.457670749827,12.490063637167532,394.2888924694247,83.93205229504727,76.48871973204243,54.53717077405393
50,2010,1.9593171127815436,1.956357780072812,1.8485690042181575,42.07739102445538,46.27527449262537,11.3429145923077,0.0,0.0,300.0262404577859,217.0451146275283,,174.37879902824227,85.31307798918021,31.026327175702217,24.072724576216014,21.163142179573217,2257.6677752786504,1043.6038172615931,60.239852943613826,11.6856824647231,120.13709003904954,66.16612719417229,,5.429437858325043,,,99.6410558297442,26.555035604858126,70.40919169215555,12.479009915115,371.18868118263384,80.58989215766549,75.9827070233774,54.531030457166665
50,2011,1.9069683153018,1.9354918501248737,1.7387406582375668,42.975608876868144,43.99876300418613,11.203639320237048,0.0,0.0,274.73135684097514,214.9084199212695,,180.00474453847423,80.33626073661456,29.79810198815521,21.503245754685903,19.3465952811486,2015.1497954315848,936.9955739936772,56.91048679206163,11.226659313584095,115.8500582858942,64.96514276131128,,5.225110418347261,,,91.88638451753158,26.550187494985703,68.22352696478801,12.210667702742084,341.3387641524269,75.72268555591096,74.31236481342627,53.57979890201834
50,2012,1.8197468719390173,1.8719734640717984,1.645931483692724,42.61347322098675,40.87551491530515,10.799971301333894,0.0,0.0,255.3483682425837,208.06820991073351,,179.70435589475292,74.20315526477417,27.713541803622256,18.643653802893596,17.083024125397785,1971.240102704765,916.9974997838806,53.494034923312554,10.559969781960362,109.37236342292836,61.74369411350872,,4.937976444304205,,,84.0710681852882,25.686998142177856,64.55858579503307,11.55823411971937,307.6862365125048,69.46413503832395,70.91562248858273,51.408747214908395
50,2013,1.6990352872329266,1.7768619457055563,1.51333664750141,41.44200872728605,37.30900916721136,10.285405111292816,0.0,0.0,229.7169300590734,196.71433794643212,,174.98518048805403,67.57904779875436,25.362806852430964,15.888300494893944,14.820335638462696,1892.028138935075,919.0722990363596,48.448097418223234,9.678821751034382,101.78970719974734,57.79896922771042,,4.581153465848274,,,74.63933489348109,24.367641374157312,59.77578528674625,10.674827330438005,270.43617767351463,62.81449577659773,66.38619584237392,48.567251009438735
50,2014,1.537500772706759,1.6586869073095516,1.3251963975570984,39.94603417236296,32.75787640483979,9.496600993335496,0.0,0.0,196.75651308913984,184.2971067426558,,168.3546204932429,59.86333933623583,22.818372341361098,13.303048000676336,12.72760831670157,1731.2194609593205,905.2544257162676,43.15621094118649,8.749709301877317,90.89930783027856,53.02255998201808,,4.166791245663919,,,63.7865170009563,22.974814064664585,53.69982132664566,9.733057493907603,229.6822177543112,56.060080470263856,60.07751487004775,45.15772069825203
50,2015,1.3895918332023052,1.5613010139852617,1.1483948218345548,38.87608926911006,28.681207789455208,8.865067736678283,0.0,0.0,167.61665490030697,173.77923534236143,,162.27808276107908,53.181358631795504,20.705559047126417,11.385844297118764,11.41681553597697,1574.4359180088763,870.0307545696153,39.15189228928256,8.0416671403197,80.84209500779666,48.537176832445645,,3.785380321009741,,,53.365149604513185,21.924590575131237,48.11437198401944,8.976524063108899,195.0795749329959,50.20009264535115,54.177262984433746,42.14055021094689
50,2016,1.292113261243817,1.514290252210048,1.0300728281148024,39.12364047555716,25.920183809121873,8.556350012038058,0.0,0.0,145.70487733905267,167.5265031894617,,160.9259189629557,48.52666940991762,19.39494327806,10.028630935531368,10.624146730072296,1458.1087311361275,833.3980796808365,35.5891052280233,7.629972076850947,73.69832392602072,45.70698998773302,,3.5245710937358528,,,47.08188785649497,21.662291048976694,44.11460655047073,8.555181271577178,170.2072321867326,46.317225068133546,49.919514529516114,40.55897211334072
50,2017,1.26075142377511,1.499635713250019,1.0127712164113098,40.23876852263194,24.680530075110788,8.554483522686269,0.0,0.0,140.3466512187104,166.4368039312217,,162.21504168942332,46.61810382280195,18.594786535535167,9.288089415788464,10.084710521405102,1416.6478865223114,810.9349718863912,33.603102693785985,7.361151412753061,70.71927724614366,43.86247435671584,,3.315546889045785,,,45.420100330671424,21.780866164699223,42.52379436536508,8.310276039078003,155.50879133380724,43.195912192217065,48.44948295691709,39.621801737818224
50,2018,1.2582097343539451,1.4854548054295555,1.0598925752941368,41.3727347269411,24.181321858216645,8.517715103192375,0.0,0.0,143.3320088052106,165.17724457167134,,162.1233714705516,45.980247276509864,18.012699373944308,8.859448498343879,9.562735383562448,1450.4924649081795,810.1235585883784,33.22596664062397,7.153260106282715,69.31462802897249,42.19060783697243,,3.162009177720235,,,47.6001413585148,21.964713017130112,42.04774035731272,8.118251708885792,147.34850995682675,40.326740980137544,48.29637634876087,38.83144817234413
50,2019,1.2350245090235228,1.4723194312915504,1.084939905308392,42.67468640327761,23.230979862934515,8.428304897968447,0.0,0.0,143.93891178934746,165.52801440376294,,161.69149344867287,44.49760405817326,17.521142410760966,8.297628710561698,9.07679046917248,1459.5493382953268,813.8779071079778,32.70016571778541,6.996448288205308,67.02155958148802,40.78843508357699,,3.0216625944695403,,,47.87597631246542,22.17119458153077,40.87219111558845,7.942794719937415,137.98891122514965,37.9778171024608,47.28175115951213,38.07352732820136
50,2020,1.166758150270512,1.4674517303937762,1.1251542444504423,50.68456067485947,20.153362894613416,7.93945191492168,299.8283960102223,339.26197770449266,144.25715882101548,189.0043864876959,,185.851549970453,41.70015222944664,16.636371572596456,7.537538940252844,8.802645998470421,1421.5295012969252,838.4602345945676,29.253893768420163,6.210948444601706,57.50026700822006,38.4900479526688,,2.9563483810513076,,,48.98140730111031,25.91231497594178,38.83064974636286,7.811950574777157,124.38148190327853,36.29993946799475,42.86314963224431,33.966345415290355
50,2021,1.1300940185449777,1.4686472975228504,1.216184557505806,56.76970226552847,18.854913860953445,7.908185459294212,685.042565719737,714.21152685859,153.95911813384265,207.406982110162,,201.3415167112435,41.64445215574205,15.859962134206144,7.058419808174413,8.594752797701,1414.0423510221176,883.5121673151914,29.52978650340272,6.2483092982688095,55.56628976277181,38.7365096487938,,2.965536381851613,,,51.53265002322224,28.294897030637333,37.19770148782305,7.694124560983756,114.69793550614988,34.66182758812414,43.88333391408048,34.43002547698436
50,2022,1.1582990225822398,1.4445874750230234,1.146211068704836,52.20875333469728,20.092096073306333,8.220472083005806,98.42332456551765,122.07690728509364,142.72471398609738,186.4376032188671,,178.76810730505804,40.29705769918874,15.59882744794072,7.091346679946882,8.231432901334683,1390.1711573641662,831.6951608395935,28.72043155047211,6.183030168967722,58.79601060825831,37.368450498595536,,2.7697132548542456,,,47.873586318868725,25.585366513617743,38.47092241061508,7.42131743163911,114.80546109309384,32.90245847451073,43.375282945417744,34.08202622555776
50,2023,1.1769687686974553,1.4347849358385472,1.1723577045954336,50.847771012923296,21.418490204441575,8.30903405068572,15.965817557373583,19.24029876865854,143.0394001631229,177.18003812399004,,171.24859650978848,40.30048992862705,15.361879363811983,6.92886480379175,7.873170027582904,1372.7014684347505,820.0009357392926,29.176405057394543,6.3726762906385765,61.94857722258605,38.05653026185964,,2.6001173703473777,,,48.16279886382423,24.346632297885897,38.695904828515914,7.281598478158355,111.69004203608031,32.18449601736295,44.886463272849745,34.856477914124284
55,2000,6.553863090853951,5.407377416125863,2.656395203444472,32.10449501016663,115.35508965205504,19.05122932957696,0.0,0.0,573.5296352921736,276.36617247912613,,89.7131897895379,153.24235575133912,37.26083340629255,42.96757005830307,33.05967980140968,1459.674824133532,1009.747739252338,47.1345081221224,6.720880059926703,188.4582438817469,75.18547925753161,,,,,104.30647093233482,24.102918342340125,72.907309740508,11.38618777495308,567.411028393109,115.34789828211548,133.8154241214373,80.64903470824174
55,2001,6.707233387855645,5.456493098008326,2.7435396945150563,32.26540968545544,117.34866814818062,19.274214406783525,0.0,0.0,590.1224004909385,278.2296336566058,,96.59586039196594,154.82106298809413,37.547716710990095,43.326871415206654,33.20586996056202,1779.397839091203,1219.0810428751777,46.896113036944286,6.606385902709798,190.75625145277036,75.05245665117066,,,,,108.12493015965518,23.68931146680588,75.16132975589113,11.494062612267973,587.7095911058532,113.18479685294996,139.60755182753073,82.4318810151342
55,2002,6.793226195733348,5.473505737836587,2.809306374142001,31.100875525817987,118.3279575586191,19.392779262795504,0.0,0.0,599.4725724350625,268.5259849499955,,98.56331054579474,154.7385630400345,37.61386889326763,39.6315606790556,30.32693426538196,2048.9570023995434,1386.1162377200503,45.32799476870644,6.321549840135863,190.66069550838023,74.29721673460737,,,,,109.3337229905148,22.446920540393787,76.9263616939387,11.46130623147385,601.1539356283595,109.67062704989564,144.3399836294914,83.61722891696716
55,2003,6.909812991575123,5.5235736397262185,2.9280869684154274,31.84541944340657,119.13463017945372,19.564229027881332,0.0,0.0,617.4856421988575,274.7327792685132,,105.10385645609529,154.3947710551822,37.9053407930944,38.48017719115034,29.62873333905752,2334.5548826610966,1562.528922308426,45.27251411259118,6.267606401858776,190.99075766055017,73.89589532328155,,,,,114.42400363793138,22.57347106290765,79.07635091860378,11.441436993728962,619.9507077470352,107.53220504082918,149.18672775569786,85.46161736708962
55,2004,7.046720677405163,5.628741500081069,3.0448596333476474,32.74192558432326,120.39583655805583,20.009295633252105,0.0,0.0,639.694835084508,283.3441068622137,,110.81893388801215,154.4272822173735,38.68478082167564,37.53537129585122,29.306818207913487,2510.8974432650903,1676.506864089038,45.49277002303129,6.4308375281471255,192.96468590064495,74.73614381136714,,,,,118.03222503343576,22.610653324500728,80.7003269968343,11.42353497813467,641.3529011877129,107.21173299386112,153.69920152340984,88.30960069891407
55,2005,7.16414981498184,5.860764131385535,3.0293519493740524,33.26900309851051,121.22012991758072,20.77154490320886,0.0,0.0,632.4484419672063,287.6168425174706,,114.27222607246614,153.57457232853864,40.10545162177481,36.15763430852745,29.12044176184864,2383.6369847725055,1615.055348049876,46.21345254396626,6.772808956156361,195.0745896133668,77.47894996538804,,,,,117.23356399358975,22.483451121020636,82.25498594300316,11.686972447706916,651.7037351522431,108.57753783684544,156.80938145399784,92.73305329633354
55,2006,7.095439730167447,6.118787702066564,2.8174762909219533,33.94303944302453,118.7637105595764,21.66432799775209,0.0,0.0,583.3121859853936,292.15709364622427,,117.92154877198304,148.77558258572878,41.4327803492029,34.29311443860678,29.18357133286493,2028.8455268757184,1406.571959298979,44.62254427136823,7.017231892478562,193.25957855698385,80.95509010855729,,,,,109.13775336963444,22.47244994833717,81.89245187066811,12.029066919762505,633.0468253124924,109.71858935087668,156.40346520002876,97.04120048746242
55,2007,6.827988809925617,6.298668626280024,2.5831206295793367,33.56544487490823,112.267959273268,22.003814763288695,0.0,0.0,531.2560168966697,286.14982753020854,,118.14547994524102,139.64237312831605,41.5323515566138,33.85106597040095,29.78158347955481,1912.575154474129,1163.783638360267,42.68859057733149,7.129956947020119,186.1583529136852,82.86684383889788,,,,,99.72882886399572,21.773196158409167,78.84156204159798,12.153409930808,590.6669164965168,108.61463069146706,152.06818558163368,99.19405695641927
55,2008,6.687041518834443,6.333601782446287,2.5345014495153406,33.68332291448991,107.68143588410835,21.882361672721498,0.0,0.0,513.161124231043,284.0338964508076,,120.33274252808852,133.20641459871533,40.534958151896774,34.22851921898604,29.852317318043905,1937.9031896390147,997.3370435196298,41.121300965942346,7.028379282783651,181.84792280839923,83.07844023170338,,,,,96.70514023846276,21.395460292510485,77.23576170897682,12.036223706634107,556.4858608269666,104.86655789294169,150.3027410424693,98.98408397605591
55,2009,6.697031224952927,6.364750888754168,2.523645904580145,34.1875607198316,105.0369297622102,21.75824693598041,0.0,0.0,501.38893576179265,282.69587460288847,,123.80105581916594,129.29174902635495,39.4153763690725,35.03940774131127,29.668256152117692,1866.3735221925929,914.7215965567372,40.36072475433011,6.883938385394973,180.7261258924131,82.81641908977218,,,,,94.69472439269693,21.183565098917168,76.85815419137931,11.909385965955025,529.8887465757182,100.57888385239409,151.57649684665512,98.53447347269024
55,2010,6.654121967835329,6.406111819069848,2.4407107796643723,35.04808214791307,101.79544934971146,21.725924154058145,0.0,0.0,474.7109237148619,282.6549741826456,,128.2999126742305,124.18659858892644,38.363077700135634,35.22964062963499,29.110816388948397,1659.685994616768,813.380594452762,39.601108655085575,6.784519910247653,177.62592155593782,82.77440372620337,,,,,90.0054985904792,21.155109419703724,75.8784668049894,11.872284109109923,499.59323305815775,96.74514890164932,151.36953290668464,98.32586215045228
55,2011,6.510976886930886,6.338240018742467,2.34473733714279,35.72062560666284,97.55729912562111,21.43101362005331,0.0,0.0,443.96797347168945,279.3302361064333,,131.76563338667967,118.1768317812453,36.8083918662659,31.728479761160788,26.60222151355349,1488.29206218867,737.6125818760706,37.56702654657298,6.533062125449233,172.69213747152315,81.176277960296,,,,,84.74293446415871,21.068410085086036,73.73897594911736,11.591593979842838,463.1483026879026,91.18866211964485,149.38799738046103,96.6569079856977
55,2012,6.296853817282276,6.127115711235303,2.253640001384034,35.39614200017584,91.89492486843903,20.720498356691397,0.0,0.0,419.5419807254571,270.06682277780766,,131.12552305586362,110.96404278076405,34.38035806757598,27.855057892809405,23.508796833973268,1472.7752880245955,732.0238151105387,35.66489544156719,6.170380258569348,165.48452278189893,77.54475308199238,,,,,78.86460364260527,20.34066854320736,70.22030920488365,10.922817590153516,423.39206761719566,83.92597773261798,144.92887877074676,93.0400880456916
55,2013,6.013867412525957,5.828107164683288,2.138584419871281,34.515745218962564,85.78268212202676,19.831223261528702,0.0,0.0,389.75950166708486,256.4730606857117,,127.78480787075408,103.5608319432572,31.644259458117748,24.228488083200872,20.491845543615476,1449.1596918809505,745.8039601429855,32.907019331863836,5.69283171987432,157.3920425312741,73.09644253299929,,,,,72.34946008034069,19.34242311161761,65.87390553340717,10.09111110003684,379.991759671815,76.17026425326256,138.78069293856657,88.4662634555183
55,2014,5.603398611966547,5.479920264767801,1.9674366216640156,33.38526804364097,77.71382910780213,18.47606497417351,0.0,0.0,350.5704096287251,241.29221111421668,,122.99634457022194,94.71557768612873,28.82599303794258,20.892755372378556,17.704337115170866,1382.8652142136823,749.0143344422821,30.13036883835895,5.190385907056792,144.60042314427324,67.75404501510504,,,,,64.874429384429,18.30059555009746,60.62136922772006,9.20402189002792,332.1146054195689,68.40672944174698,129.7534975894733,82.93383761760926
55,2015,5.219233780894203,5.1739235875122045,1.784331689313181,32.44509718662587,70.16135707449847,17.336466955690092,0.0,0.0,312.77391351515604,227.3073644896137,,118.1306174038264,86.64346402166554,26.391494069684587,18.396495078450144,15.952926417996451,1317.62969229723,732.4443939463905,28.05484972260868,4.807120632868076,131.9030699664453,62.610337032143015,,,,,56.77946091024582,17.445035069035537,55.79651335386905,8.501371822775079,290.15696336797583,61.510093640641415,120.37279405164954,77.99303428529575
55,2016,4.95291950667345,5.024964202774063,1.6592825056511469,32.42791407475124,64.7835604948199,16.734562931135127,0.0,0.0,281.6750902648689,217.74750445038427,,116.23515310874907,80.77548526746891,24.825818856791297,16.595282504951864,14.836484594800872,1275.2553262429494,710.2918404354095,25.961288134569696,4.570253391989269,122.3880926832776,59.24322595373081,,,,,51.9396081823512,17.12404678942339,52.36230858533689,8.096814448517312,258.1082646757087,56.712317655518085,113.21597238851898,75.19458352986106
55,2017,4.869153510636705,4.965494588026552,1.6444834525997964,33.02771381920981,62.021784194327246,16.712041182421046,0.0,0.0,273.6915714631666,214.2709210590388,,116.10119238855984,77.75784283206596,23.74668704700476,15.492496856197436,14.023861159929703,1276.4915990216125,695.4625033495499,24.547929994078636,4.402284171096279,117.40143133234932,56.79011745077188,,,,,50.57179327212228,17.07884940385705,50.805404520567315,7.860780518704263,236.6805132984755,52.70388302761162,109.99335024744428,73.44795374255149
55,2018,4.851414399069834,4.923056355893306,1.7051457544822004,33.74175864382761,60.39167552512857,16.616147423127128,0.0,0.0,277.32835458876554,211.22504530385416,,115.51977596497798,76.10328939740026,22.986748427580203,14.73438805403402,13.311943355749134,1336.6141465131243,696.2197514605192,24.031600096695183,4.274955805561041,114.0539544163684,54.68463233819764,,,,,52.70596464230812,17.105656691703786,49.980191359510954,7.670484501927851,222.57224674998204,49.13281233105154,108.6732290047596,71.96203530823274
55,2019,4.759385900053517,4.874746702270874,1.739166596507228,34.566150139887306,57.86482419722136,16.42304094974431,0.0,0.0,277.8372819910384,210.41301190788656,,114.76987089189686,73.38102497556923,22.34858454896605,13.78023520452402,12.636665625660354,1382.8977837256905,696.2007770953905,23.570234212692228,4.181211812306458,109.86517905514113,52.811902570223566,,,,,52.93330723878209,17.157096640200567,48.54399127862623,7.4926606138415295,208.16013791117945,46.26534469663296,105.9931779142295,70.51961920835066
55,2020,4.3399375826386315,4.53616242216932,1.7856367502538102,41.727103545417904,48.50459220915042,14.39919785677442,520.4467721383885,581.0499899000968,276.09675211106656,244.7343787822069,,134.7460896892068,65.16853951014305,20.37980582266898,12.12346198820272,11.454806685909686,1347.9696316653408,671.3471078767225,19.55672366510784,3.6369875612699594,91.27534590855886,46.802948253144486,,,,,53.68865258650414,20.391537107618177,44.488715490259,6.893591950227596,181.71456258960552,41.31786427537257,89.09887121440258,61.35890057905202
55,2021,4.094666825412183,4.343759505228166,1.8969512791121292,47.7710866505885,44.18904518598101,13.777542095177314,1112.865530364101,1201.671680024187,288.8002828643447,274.5216372077298,,149.7307849192448,62.452328182631746,18.96792624769921,11.050360559832482,10.736884851380305,1341.2993012320658,675.2145203997015,18.53110039872019,3.64988611843402,85.68919427766745,45.485878556560365,,,,,55.40201530504254,22.74602499872498,41.58866540264563,6.485017558123638,163.44363920821135,37.98166035066783,85.4762943688135,62.02943647408336
55,2022,4.400981867987642,4.653485223166508,1.8781290331110747,42.02163746584063,48.74338877837488,15.713360973942123,175.72757400984028,210.73536165678252,280.76025151091295,236.71178971025353,,127.36621620649863,64.32196820264282,19.670054915434328,11.524416220456024,11.272364819752108,1411.623051735207,677.423762754808,19.87326562761811,3.6889625271790223,94.45054830267593,47.67552374534178,,,,,53.907161276448186,19.68738166617667,44.944002456604565,6.853609811701402,170.3266387201175,39.49094911720966,93.02652466797376,62.69718309998152
55,2023,4.378681686182673,4.735609099290457,1.903002942122301,40.34241930016215,51.0987567943326,16.312061855640945,30.523324501477948,34.68628777089149,278.6126001406705,221.95743297255635,,120.3408494935641,63.86064270305363,19.858160710702457,11.006155183926388,10.915962685634412,1419.9346963620285,672.952812075782,20.266794918818576,3.8710018013418015,97.79127631264735,50.07803146475598,,,,,53.61162460807518,18.528828876350115,44.45059680264194,6.877099493323909,163.36592124952435,39.445205288522125,96.71935660023198,65.10260394062698
60,2000,13.87420351400649,14.739463291185544,2.8355042200327487,39.0559074836802,212.7473091454701,39.39041889365639,0.0,0.0,1021.6251548308848,683.4246660274857,,110.05302773331618,196.5629924455006,56.51334743815765,54.93293426557283,52.49864316073968,1062.883484681335,740.3493555291025,25.74062608523784,5.284502582881005,351.6559323666185,162.92820679441346,,,,,79.93843205031071,25.45831329475915,62.37962418646489,12.685117439950252,894.8772302495904,226.35877114315664,300.1861663648929,220.19979166936344
60,2001,14.289262871649523,15.204011606121371,2.944933704397086,40.24458652304587,218.0511828084504,40.64422371130478,0.0,0.0,1058.5453569496078,705.7650126600626,,121.42199990965798,199.21320989030235,57.91305486453842,56.41246783005528,53.86504423963264,1287.853853238052,908.49751333407,25.37816505425308,5.202033495379546,357.7417944380315,165.87870877860624,,,,,83.25130671026184,25.69087317005812,64.85672697249562,13.091132707567434,933.5494467082004,226.79289519471115,315.26187939317293,229.44531337601103
60,2002,14.511578440982596,15.467753310548142,3.0023104756646437,39.298530371844464,220.51770211384607,41.451548328303744,0.0,0.0,1070.4821063049835,690.8803543376146,,125.74198755162864,199.02883173127552,58.83197927838579,50.93636580475792,49.70927628562574,1461.2005769319985,1045.856170105007,23.96971389772276,4.937341260005916,357.94452229824185,167.04172488715315,,,,,83.71425234400395,24.662427568032445,66.47198992751517,13.24922822212399,957.0819332825912,223.10824118715465,326.0778873664816,236.09201415098832
60,2003,14.823464097988689,15.675862444773088,3.1060270816309643,40.389009751175294,223.2415680778936,42.152342083003,0.0,0.0,1093.9606495143178,710.839494574009,,134.85835434516758,198.71419285514727,59.73220569973532,49.53496386142366,48.869079002689425,1638.5462926550058,1185.4476383137967,23.594530642587316,4.859871688392327,358.846158079526,167.87461773232678,,,,,86.77697338186687,24.909407688024285,68.5566908689184,13.340029760308406,989.1307195694884,220.77612991744988,337.9399287287543,243.01127024689683
60,2004,15.106027516313842,15.944465209395604,3.1772775783949925,41.27609861249315,224.7708958910645,43.14354969223789,0.0,0.0,1114.8600474077923,729.7532152571464,,141.66876793548917,197.75647313123915,60.76755785210904,48.046390523991555,48.28525104364901,1728.2279308569505,1268.406914556273,23.407485563719288,4.9462945394795135,361.03518024124674,170.0814758309948,,,,,88.13429397529643,24.819037703017074,69.63350733494791,13.325744371652474,1016.3884800003228,220.2883559616177,347.2434881626907,250.5558168577518
60,2005,15.241690092834643,16.41965793601726,3.112985533010919,41.37507172478257,223.9856268029604,44.38340038529979,0.0,0.0,1085.876898588173,731.2461957682021,,144.448098337604,194.71768058296476,62.117540228851595,45.47986165636696,47.36316076058791,1598.8161729742778,1208.8874965228565,23.609657058199097,5.166504556520405,360.8593963213855,173.88865147294246,,,,,86.2445728217001,24.351480202100028,70.15499875319176,13.50504009510968,1018.9115198784616,220.84313131790012,351.49198961675575,259.58608927073254
60,2006,15.037829965111994,16.754301980050684,2.906617948907343,41.39672989547914,218.0187319608997,45.25256090321923,0.0,0.0,1006.38391919688,728.4625371496151,,146.41857668727758,187.8111896020613,62.6133295649169,42.831407498659345,46.25246653622916,1339.727011391614,1029.580048188014,22.648536815780805,5.230481563300792,355.3070243398128,176.90690868691274,,,,,80.51223218070281,23.87711016492516,69.39730436644837,13.546831967882698,982.7660031432378,217.76550559899275,348.0015357305695,264.38870579103
60,2007,14.666594244473991,16.835849215436582,2.7184852269760476,40.18698554550094,208.7808913988218,44.905726323623895,0.0,0.0,935.4047942649204,699.6986002836951,,144.15168920611578,178.8848747898667,61.29346726011255,42.67819799519046,45.96899541085315,1267.4318199556674,837.8415517155819,21.93492257900845,5.20956964420624,346.9317509191784,176.58502476480734,,,,,75.05993034361693,22.716982085709947,67.54736940475239,13.380589922676124,927.4942532277124,210.5125670593439,342.48746470105215,264.1860020763951
60,2008,14.486933179388831,16.605598706274026,2.693709220578867,39.721312025193235,202.4299521867938,43.82170244292453,0.0,0.0,912.9344847976662,683.938801174333,,144.75897403548709,172.27071439636603,58.8540106960704,43.496839931664304,45.10188586661266,1288.9709352020477,712.8732064273181,21.33756165385314,5.063506822218543,342.2516282563232,173.7936450597139,,,,,73.39679757175819,21.98511303228456,66.74798305631693,12.989714105160374,882.2303873292548,199.5270660713853,341.7060528031203,259.3752489748604
60,2009,14.512612201535346,16.522305505149074,2.695391001291749,39.88914994558519,198.0864226798738,43.17544336588581,0.0,0.0,896.4040633574762,673.5222882826531,,147.3770528261895,167.66901217600642,56.73544839569587,44.73949911685634,44.27036716429322,1232.561356763217,654.6405207729099,20.99805016693292,4.923788076125956,340.2955350452185,171.6433201109834,,,,,72.17309888849819,21.50872318660957,66.6127394739424,12.732584698768177,843.9480812540262,189.28568001468196,344.75496704615284,256.19096917712363
60,2010,14.414752410108486,16.412056287117974,2.6350524288280903,40.13821971282299,192.4720421662184,42.58816194546347,0.0,0.0,857.5192453148943,660.827438921836,,150.0189402000771,161.37484626865697,54.565522741882646,44.99039153318557,42.94517756560622,1089.0356101360398,575.8078901890774,20.67783049905284,4.784714481919643,334.55966785934675,168.87317042596166,,,,,69.25545170915908,21.05288237794537,65.78698370891284,12.533438063028948,797.0460592964444,179.3002171792406,345.2377075435939,252.26174844949193
60,2011,14.169436806440858,16.14044185062133,2.56306071124348,40.447656221237075,185.47439309986703,41.81215426590756,0.0,0.0,812.4793477648519,644.9941642904147,,152.46473267371147,154.66426230039704,51.998166827096576,40.57241433587659,39.12391840180079,969.153196936143,523.1466848805923,19.702968125198137,4.5718015026388565,327.3389704942737,164.50941045769684,,,,,65.98252439246868,20.678231717171915,64.08481787630649,12.162514140816066,743.2638637687645,168.1590956942481,342.26793766656897,246.10885587020303
60,2012,13.88613335752207,15.702349642644482,2.5143512139628585,40.32671410794847,177.8896212642124,40.858035193859706,0.0,0.0,783.4522674739766,626.6883515250273,,152.69387413108913,148.10689777282673,49.08185852231996,36.31131470649696,34.95610539214056,961.5148381953306,528.6219158670438,19.062483741554075,4.365051153031986,319.901895685958,158.86395450955789,,,,,62.62217615014918,20.028077263045372,61.64409644589262,11.600276791098803,691.8085526842441,156.50147303854592,338.2847763150428,239.6564462517553
60,2013,13.54474743750034,15.177606067966057,2.455587803064705,39.88918610938777,169.94220610420066,39.827714717303955,0.0,0.0,747.8433623568047,602.5055282862272,,151.05718046487655,141.67985087395007,46.03723823737994,32.36868142156894,30.973825250756953,949.6746773231124,552.2657293591145,18.03869429308663,4.09956136243842,311.98507182472036,152.3904038300225,,,,,59.00418749692537,19.25809325600083,58.75707023737802,10.896248659161602,636.9552258840515,144.38313465717363,332.23512838896784,231.4719842564109
60,2014,13.008972214685157,14.4974396442065,2.342916218106376,39.048292448167835,158.5133843809233,37.93870597044326,0.0,0.0,697.3879205490264,573.5054247760353,,147.30537118431678,133.88482990239146,42.67928135492602,28.637811550848348,27.31168742135554,914.5628028916768,569.5548337660069,17.033356858980294,3.812232471454117,296.2617021327384,143.90566546801995,,,,,54.85664861032979,18.409650487569365,55.30803970615645,10.120173401354648,573.7712702157891,132.10669582640972,320.2984520520387,220.90263129901015
60,2015,12.49987158639638,13.973767768172577,2.2109743551209204,38.1908211610384,147.73578927902585,36.267141110384195,0.0,0.0,647.098687144725,543.721867026503,,142.51184565230258,126.74669916094656,39.69033519869481,26.019453913505664,24.97841696618655,881.0091835507634,570.7288146682696,16.33572659102145,3.5896936999167712,280.1100355171098,135.11930219134615,,,,,49.98854900188233,17.663150535510024,52.365948649674195,9.512768108683352,517.1975911819278,120.76610990136014,306.144908716037,210.96496701904127
60,2016,12.176435145577043,13.721687365827144,2.13314055340653,38.10741777937717,140.25423752471923,35.39008426272536,0.0,0.0,604.9514335388267,520.161375329683,,140.07427024049804,121.8132078230237,37.69344207499109,24.109214386407793,23.379571064221096,865.3761680720534,561.6583937254668,15.52890582917565,3.4377666255618524,268.03285862699664,129.05628651742634,,,,,47.479479628245656,17.311646243864693,50.55657135914838,9.14021149329923,472.8917368133084,112.43207598201522,296.258134762588,204.74263209835047
60,2017,12.163084051594543,13.647240748945572,2.1471591937500887,38.62382171397048,136.53292178510864,35.52130499178425,0.0,0.0,598.2318790854239,509.8277526667197,,139.3184451968583,119.18290333649348,36.28270846953305,22.89250247911055,22.19186441839195,870.4226415396245,555.7963719791462,14.92945122660342,3.3263706647728117,261.7406993064659,124.28983632677006,,,,,47.07915129416694,17.201687520001265,50.02909679915611,8.894252233504352,440.8311091284732,105.11933008230172,293.2135179646237,200.93471369917265
60,2018,12.232274540595656,13.593104963164942,2.235445374936216,39.29174915136305,134.1062356269812,35.497749729589344,0.0,0.0,608.9311960010607,500.67973649044586,,137.87960034332295,117.72251401355764,35.30678642573555,21.951263819329014,21.13718696078288,916.544747867956,563.3464219668917,14.77972296355156,3.2500105862719852,257.13070366747735,120.19083876238898,,,,,49.25060609250093,17.17850814023268,49.82550045710732,8.718495530868463,418.37697112571874,98.5532241712427,293.44236136534755,197.8429664535688
60,2019,12.088989741147635,13.458378513985062,2.2936903722822635,39.97403155111637,129.5938035680873,35.17402870076431,0.0,0.0,613.9134317002861,495.53384040736967,,135.89783856137308,114.72669120409428,34.35893570663274,20.719837504678793,20.075758772278075,963.7402424765868,569.9974748454515,14.63662536430234,3.185724659938201,250.15164294192735,116.4459323937179,,,,,49.780468174416015,17.11717351710416,48.90198594029941,8.538638290122492,394.4612928519637,93.14601753383413,289.4530117455082,194.4192965104792
60,2020,11.12290447512821,12.556281393196183,2.4441259350608204,48.03208361852384,109.82390190195906,30.680240420374297,740.1484575526682,769.0614453049037,632.8321442282347,573.4591371298621,,158.2068732878387,102.78046043545751,31.06838070264855,18.3984697337009,18.196029568476852,961.9471593912004,552.590271643208,12.308869477172562,2.6998102593288196,209.76460481745372,102.91056764046084,,,,,52.42638523155341,20.239152996213484,44.9826762912475,7.870458096659868,346.75808316364873,83.34297060437672,246.61022634114735,164.6559949335223
60,2021,10.5213661376121,12.030873355333403,2.632405475280828,54.68280235971125,100.34426778091648,29.19385856330648,1497.117854624887,1554.421230136396,671.8108689612288,640.9799254472025,,174.47776892344376,98.0702835134808,28.582002515524685,16.795301464589294,17.165586679988678,982.7372717125332,559.9692457987566,11.524748711966533,2.6430741980445673,197.560501907533,99.86111936898284,,,,,54.986876811370905,22.416265144762217,42.14706748951522,7.4111055924292755,311.504318675965,76.818105529178,234.60474741571753,162.1360787061028
60,2022,11.326417798156095,12.588889464146703,2.6283792219582063,47.96325034876109,110.99311491031678,32.701595023230915,246.68012878646604,280.5919795116467,659.4156273647109,550.728387524459,,147.44727227896385,101.10148228396427,29.55068449770772,17.75187796493392,17.584293917038575,1056.8479019444408,559.0206641939452,12.477080617100375,2.727500980848767,216.90617132581244,102.64665532448724,,,,,54.111030974531886,19.29101772147738,45.803572942684475,7.679759954910219,325.62395510680915,77.9459310482269,258.82887830323,168.26146865452844
60,2023,11.014326022198809,12.606642267186183,2.65708300952185,45.645705320789304,115.901869774521,33.70773232727992,42.31093909825177,47.32711875315381,655.2405060410279,512.78466434659,,138.19814966842608,100.19725749871198,29.789048728905776,16.778441097443416,16.895161096650998,1075.2033854728454,555.5747266183729,12.67200037259554,2.8636294398059987,223.8127691130144,108.15009117834283,,,,,53.80974440717845,17.996288221150255,45.197157094692066,7.655461511174407,311.1404535162834,77.25307108997377,267.0342266616945,176.14763745991544
65,2000,28.677842846457285,34.06903884352557,3.0842944881035006,32.76318282493904,383.818686307029,77.82379303051351,0.0,0.0,1223.422816131951,842.0790662040627,,97.3341549213771,229.31027794851647,66.9603159126947,81.52345087759097,78.22906022468246,959.212164748971,542.1481558277336,15.976364172523452,3.9219463568619584,424.5113259892495,211.66634294804317,,,,,63.606455944911104,21.91768367361863,61.61532463940407,13.419848141416272,861.3295042677213,231.56417534769017,395.1629628847763,304.41587439633093
65,2001,29.392236227672996,35.03855949789993,3.196254897299705,33.65062579969102,392.2877765451411,79.94208105193974,0.0,0.0,1266.4959463310768,868.1525824512631,,107.22038820621098,231.86469918862016,68.43181475640579,83.47251924248731,79.88716789049221,1152.4268877275133,660.9607434064607,15.60026991399427,3.79513390705962,430.7393106608166,215.49740092173977,,,,,66.03425827827691,22.092712933016696,63.770068946062786,13.822947217391947,894.0186727635056,231.22139640281233,415.1048193552282,315.33747523408226
65,2002,29.648703048777328,35.55636263940803,3.2358697889078134,32.594914170048845,394.8454670595542,81.03149383066632,0.0,0.0,1274.0820959349296,844.5908045824086,,110.17459117958336,231.0654562632407,69.36149161158247,74.70533317745584,73.42192108795656,1293.8412640856986,756.8972745233247,14.483616692768848,3.5102998563225745,429.82098687338697,216.60211301855983,,,,,65.9541619932574,21.05638722767667,64.90849171451579,13.9313059189979,910.9956393822832,226.46657299611152,428.2635101623771,322.71138505038203
65,2003,30.210376117334096,36.00770909293027,3.3233456426129795,33.18416070021069,399.3770357076161,82.11876684705737,0.0,0.0,1296.0869094132534,863.4377516825103,,116.9239224772515,230.12849550675327,70.3045166968488,72.3252397995823,72.16506223014395,1434.1394165370675,851.417042786635,14.101205928840546,3.4071311240039974,430.3437058566305,217.56779223555944,,,,,67.93445933510873,21.117054987529215,66.61007243663988,14.043948100053653,940.4480433860348,223.92896624498547,443.0724685830435,331.26599860848717
65,2004,30.604885799636808,36.411566557468774,3.360497926076151,33.52989267791288,401.00312602675496,83.62759454152645,0.0,0.0,1306.176821216696,876.9299140574474,,121.37171642886231,227.7167106941721,71.26141125332022,69.60724769830689,70.91696064013938,1489.4800370166458,900.6036371684391,13.885207490937184,3.439146009281882,431.07713205248814,219.3317679485547,,,,,68.06665319877234,20.812784561513155,67.16655519664111,14.010616645731517,962.1929241722788,222.61300894102527,453.3553100091613,339.6349160444629
65,2005,30.55195559550703,37.11397102262886,3.2445681982106014,33.17867591471648,396.26386055045526,85.25866341942273,0.0,0.0,1255.3562192470083,868.0801602539385,,122.20773681381634,222.4726603808079,72.22094309590888,65.21463063913131,68.77914872852591,1351.2045386084312,846.0213346667888,13.977379503724396,3.577436505908325,427.9455778304693,222.25242439347423,,,,,65.65651720482667,20.153130547044732,66.94224100633745,14.083878316950814,955.8590171163428,220.95581581843345,456.32383910780936,348.7727181799417
65,2006,29.904630103687087,37.58927080230447,2.9988553894694823,32.88751663377344,382.9690219420148,86.29414490822306,0.0,0.0,1152.375962123417,856.5053301376396,,122.90483003895824,213.36302214734724,72.02477110812893,60.93050275521925,66.50121206255537,1110.3031448881416,711.7401109130286,13.382953402631594,3.607277517953443,419.2087430041287,223.8429177488056,,,,,60.76208144498256,19.574176519459645,65.62080147565686,14.04840837163767,914.6027973071708,216.04632463470995,450.0255923402524,352.41561012915844
65,2007,29.083631061650276,37.34675597440489,2.7839646798529127,31.75459562922725,366.12230300079426,85.2267263553382,0.0,0.0,1064.3939553471798,818.1864252381357,,120.4953259608692,203.2428112327003,70.13023901932613,60.64075108765719,65.50792372937033,1030.6695753781426,574.4519894517325,12.975870376442334,3.58734642378567,409.4070192875069,222.17642867507453,,,,,56.12401069683341,18.51201838081049,63.55236039658187,13.77999591823436,860.9238199616843,207.09943316138012,442.447661573124,350.81939954794285
65,2008,28.602791105273216,36.69035605335669,2.7313239953126565,31.39137567978301,354.86918052751776,83.53524631456872,0.0,0.0,1030.0084844307162,798.3601908852125,,121.3223132416848,195.5178107404944,67.2597004314314,61.6836873016118,64.36032823784561,1028.5413351160244,487.7093491358699,12.63308880354907,3.490885656639038,404.0553023507284,218.34430660127632,,,,,54.27100138542302,17.91444313247272,62.62843697433847,13.437339502384871,819.0173733158788,196.69634812599736,440.8151906016903,344.4426275702518
65,2009,28.544683595231856,36.36357442145781,2.7153573675402827,31.581801564865177,347.412010643827,82.80024721038951,0.0,0.0,1006.3223411508508,786.0083278999492,,123.93036495985194,190.05690131001003,64.83140531698348,63.34034435229541,63.4618128383075,965.112024031238,447.5423423761327,12.452904299643215,3.407449193818208,401.1950022710502,215.62814169618608,,,,,52.898077986990614,17.53372423051204,62.39383496193099,13.20419594885898,784.3689265934621,187.2448109651745,445.0926378234914,340.63561613992226
65,2010,28.3422382210012,35.991548082758996,2.6517099302113087,31.860048864513033,337.5526923202543,81.968948925369,0.0,0.0,962.3803947046732,771.4777012796865,,126.72370575132574,182.78597926344736,62.32542572951864,63.9969270113959,61.68935630565043,839.1467729282695,394.95423228947504,12.271527070977148,3.32615677017736,394.13572081506567,212.13457174292503,,,,,50.642735417446175,17.16595951931518,61.58642261313669,12.987949159498555,740.3896213021934,177.20931110895836,445.2056144725813,335.971779490155
65,2011,27.964587070695497,35.527544642361896,2.593962276370545,32.31623837420338,326.7130246960587,81.0630108959807,0.0,0.0,918.6418148588284,755.4574026477303,,129.989398838138,175.80221141988923,59.63568811261299,58.0970163402642,56.56161864611706,739.9003854064242,361.11426507049447,11.750141990764964,3.204518509145379,386.90602060196994,207.5267061252406,,,,,48.55937374934898,16.92490027012082,60.1552949817233,12.710443597744575,692.8143402560648,166.60641962265873,443.1735997473418,329.1305042681525
65,2012,27.472992251074924,34.87742915961147,2.570355081242655,32.58331000650857,315.04978833638813,80.21014433811038,0.0,0.0,895.2600787839692,739.527469262872,,132.03749814892925,169.57060634306185,56.78015185684696,52.1610449327455,50.95519105355193,733.321313510594,369.0008722442848,11.435102318885384,3.0964644835385635,380.88883266116267,202.25532109712827,,,,,46.59643563905818,16.50411118526336,57.939562666552625,12.292283722681011,647.344124162836,156.0002690048436,440.4067252198861,322.91799353248706
65,2013,26.97491856052952,34.08298399174151,2.5419519606960317,32.717790542610715,302.9877562790692,79.34470162768527,0.0,0.0,866.6208174622906,718.7692291448359,,132.9037289951768,163.4590318854519,53.7597695670883,46.63612186815382,45.566078757848096,723.318715117774,391.569709839526,10.912936230913486,2.9473248363620477,374.69757696215504,196.10783745772892,,,,,44.50629439866904,16.042490685172368,55.3993247140052,11.781326736174654,599.5842719653936,145.50573354328208,435.9790319796439,315.1670345247101
65,2014,26.265815410856096,32.980569430355494,2.473824454987121,32.60178804659905,286.3485288656803,77.00667419059792,0.0,0.0,824.6906633707983,693.0138848495957,,132.29202787962586,156.49343701066002,50.41978297348413,41.84927725505593,40.58265600455911,695.9537218489924,411.7891579947209,10.442703010073206,2.785195024261883,360.925179788298,187.57035892477833,,,,,42.1523206609178,15.530561209084064,52.68486886442185,11.177456292823427,547.3461522424162,135.02177345216208,425.7142957679097,304.3987344849167
65,2015,25.638327971819397,32.04858904181717,2.3893594010969323,32.19938349253808,270.67858662853047,74.52224737951742,0.0,0.0,783.3563176295168,663.9677299094643,,129.2616830416995,150.47808628694776,47.49693556078437,38.68295749904203,37.50188919672111,672.0231957808958,418.82130657936295,10.188728912863786,2.6597125586281813,347.223215672887,178.30087146963487,,,,,39.33313571347073,15.038324099331303,50.63134149772814,10.638994748120364,500.8998925667944,124.98773160658683,413.89207711707184,294.0708277091998
65,2016,25.35640882548794,31.684233016193357,2.350269157827666,32.322616853227984,260.3217001181316,73.25193691396339,0.0,0.0,745.8285828996842,639.487358543238,,127.85733087120217,146.41876609577557,45.46493758760628,36.43050688180734,35.342586375980744,654.8808706448622,417.7939170156717,9.847478181217966,2.5697586360730056,337.16257014586154,171.3955167062565,,,,,38.02686389217796,14.822400098696896,49.58409537524049,10.30299835618949,464.3865759515661,117.35276363680508,407.0903150633813,287.32211644183616
65,2017,25.550398274038237,31.516354436792337,2.39086185917214,32.925338312506724,255.27949529778968,73.87692536802759,0.0,0.0,743.9503831464995,630.3670944135613,,127.90098060069607,144.51157080122013,44.08082203075285,34.88932714339847,33.69153486502721,650.5036833259414,418.4557477502645,9.554870448635972,2.5008734821917464,332.2344200523941,165.89438636229315,,,,,37.97357344203897,14.77735267485458,49.52918785946608,10.090218463715242,436.25550394711286,110.31777081942202,406.8095931659466,282.86049064099626
65,2018,25.845754325438627,31.403909163243796,2.4970457684883605,33.56406150591105,252.24061145584903,74.09044636377166,0.0,0.0,758.0816074145955,620.7044667198328,,127.04006854788295,143.32624483001752,43.07274524736762,33.68635668076152,32.22317053862408,674.1556476937083,428.5733194083136,9.53411556165079,2.448273263814773,327.3401672645987,160.94910051346275,,,,,39.7737690980885,14.777299751399685,49.74091255560019,9.92896397288736,416.8767174713264,103.80496450776415,410.1949793379719,278.38129374337825
65,2019,25.79597316904948,31.204965611888053,2.5708193889283444,34.16645239825642,245.4079547373701,73.68274950432586,0.0,0.0,766.7648507229802,614.2297088196237,,125.32596427352236,140.4976989956806,41.89264056649409,32.07581165788043,30.725463831299543,699.1304117294362,437.39517443481066,9.534615451026609,2.4041350835104316,320.2222412609665,156.3910390549645,,,,,40.35322156812467,14.711984146761548,49.16962879686745,9.73717209601826,395.6101666475583,98.41073098098764,408.16235248496815,273.7686698432109
65,2020,22.875838432663052,27.35029775176945,2.7346135899483337,38.76706571654831,200.992691187592,60.203836117634346,1070.3661536882105,999.552487858266,788.9130964816422,670.4302886955244,,137.76040329838386,120.23729432505438,35.633736566322916,27.46180279508507,26.16577094952409,662.8116676866597,402.28710675211465,7.751228054814677,1.9138807682731809,259.3005444534957,130.01724230153758,,,,,42.40885425195077,16.416240095150133,43.20709165996078,8.460765595552328,334.84415172733264,82.57560283400613,335.9497230497442,216.6460478376779
65,2021,21.358179165260076,25.569402349357073,2.910068752440319,42.27484672174645,182.14568357777645,55.86503145855158,1976.148117810628,1854.086945089981,828.3961175590761,716.8325880217932,,145.68762312888023,111.82343210927812,31.293422921724957,24.871711777430352,24.109944148669296,660.8933229361677,399.99394611374765,6.991116153493033,1.7771003475384866,240.84581357237775,122.99295700834811,,,,,44.06017503871537,17.409305086008974,40.22596559114539,7.794922437715658,298.2336628592883,73.97866791629096,307.7680961121497,201.99856699021817
65,2022,24.013495105305065,28.35086969058496,3.0722850781251205,40.21573589554551,210.78708042987577,65.82067542983106,400.73719021752936,378.316238305277,859.067431967561,666.7566010547819,,133.6418876578469,123.00922523056914,34.829676491804186,27.45288288523129,26.064068052393957,728.2374595129868,428.97081294750166,8.152979846064762,1.9888065576493243,277.45781393761655,134.6118593654214,,,,,45.75756163886902,16.237615716453497,45.685412901085776,8.494611725630858,328.71237722864237,78.95067244118111,366.228932795472,229.64976799624523
65,2023,23.93394373314573,28.80801682342346,3.145069800119585,39.840268057655955,226.02355381503452,69.57404780779801,75.63996280499573,82.17277951313352,860.181610239981,643.6013497064494,,130.27983650690695,124.51158211606683,36.22341586503581,26.70221727714399,25.703452845945176,745.6570618778964,439.2396297787771,8.43107533892894,2.155164617986793,293.0975510093419,144.74622624569236,,,,,45.863741867908104,15.7533244353697,46.183814379426835,8.650229301316477,321.7728688428617,79.78737888429922,384.4086670912509,248.70083413432243
70,2000,54.050289281806535,70.4726129328016,3.7564895573638735,33.61907089982617,806.8351300405764,146.49760616808766,0.0,0.0,1671.5292742451047,1130.7343333938904,,84.63158560927107,236.9110241439912,76.21605663641698,142.89751293620694,142.71237631309137,963.4355832852988,570.5807359160672,11.902629489616595,3.3318009465466267,592.864333387413,314.1676563587958,,,,,60.306063200985925,18.87284372030823,69.37918481516027,14.73450894561142,891.9754074261651,248.25854510179255,530.464131243574,399.62003332817415
70,2001,55.43311553636654,72.26805299060352,3.918582550959869,34.632727765584995,823.2890999960212,150.38616478086126,0.0,0.0,1741.642783892825,1169.5377093229304,,93.5575175561991,238.73465274132303,77.91022004634397,145.39937144243007,144.85511029720473,1156.8503971648595,677.2995758636068,11.48847879667618,3.1852606928932037,598.4454260810438,319.08892022990835,,,,,63.026869284650815,19.074548404461662,71.65564825561901,15.153601206981437,925.115013345694,247.3730374120944,556.5814016921594,413.11584827755
70,2002,56.01932814271394,73.22927897544682,3.9802240784292233,33.499118074964706,827.6927354646798,152.52296681684876,0.0,0.0,1756.633662369119,1137.245902915493,,96.12961012918552,237.10445453749787,78.93738691394451,131.48003394667444,134.01789022756608,1295.2609620099672,752.8878095647801,10.55160443868482,2.8992332353023484,594.8903589453602,319.9426545980951,,,,,63.124126065281686,18.15887148387611,72.7841165935121,15.295012633972812,941.362823315204,241.60536026395005,574.8735468755124,422.1927214034798
70,2003,56.83433248201068,74.02295610129498,4.092644535274097,33.94118553268837,835.1381338544372,154.43410647382345,0.0,0.0,1788.0888196001986,1158.587695083099,,101.67602906174186,235.5118124453516,79.87028602630198,126.3964777888239,130.70796553443012,1430.881818416345,823.882624035915,10.196346052080852,2.7750762359022256,594.0931692404808,321.1945523849662,,,,,64.92582007543744,18.123349922383493,74.25704490515778,15.426550421995604,968.462453336486,237.76254736796471,595.8275302610635,432.01676578904977
70,2004,57.35400308351042,74.7190385077081,4.132952989812952,33.89338096136991,836.8166635674086,156.20827788511517,0.0,0.0,1802.352993996699,1166.8321383164027,,104.38997211788208,232.52302472768207,80.69943382129573,121.2247937941264,127.4878611223675,1478.45435575006,848.0508921660645,10.00097453658627,2.772202062636982,593.8034461363745,322.8719362038077,,,,,64.98024695309024,17.668644302596153,74.47242437453906,15.366347328937287,988.8479121886866,234.79469415486855,609.5768301948252,441.5038923460783
70,2005,57.078798741624446,75.48852884159926,3.971689979526388,33.02700587411238,823.8866145878405,157.6053918419177,0.0,0.0,1724.5667335134497,1141.6961374959976,,103.5505373956754,225.73021430090677,81.36844679511213,113.13272055072808,122.5251014662975,1331.1064726395032,775.2204708560971,10.03670349169949,2.863764177948057,585.531636513756,325.1857104525168,,,,,62.27524218380537,16.875037634864064,73.71514306083917,15.39212951032698,979.175708786682,231.26479799868713,610.3488075031835,450.48046245716137
70,2006,55.5854030359239,75.54235950169563,3.6564704779930857,32.221720943605334,793.908186482339,157.62205032670286,0.0,0.0,1577.2362495438365,1113.2630071508995,,102.51237306819182,215.51755904472876,80.7430603734846,105.36196393533054,117.67736313685728,1088.2028508160154,635.8600140314436,9.580268310985543,2.864867331630422,570.7334116958812,325.53201848520115,,,,,57.22266006340674,16.168528010850324,71.81164025801148,15.27649195008104,933.9754868477912,224.34393217528103,599.9253273708414,452.57968600225354
70,2007,54.04063966808966,74.50771258518314,3.387551733495497,30.77938832169972,758.9887933140491,154.55133919860418,0.0,0.0,1454.9021306782583,1055.831175641694,,99.44552261451793,205.11917285492365,78.619476569618,104.71827830093608,115.62517342733808,1008.4669606951726,503.6135308686423,9.291917752779652,2.834713685931119,556.1091540836553,322.05016481908075,,,,,52.745213664189485,15.169334093305862,69.35366881915819,14.961504621232216,878.8406548058326,214.3879311566959,589.5721989668898,448.5148969925035
70,2008,53.26085162943544,72.95695381738338,3.3129123226979966,30.22777906712749,735.9509871642979,150.60652532040413,0.0,0.0,1402.813853504782,1027.114516861344,,99.36208144147868,197.28988570566383,75.6822238792222,106.12111700056312,113.29457458516076,1001.3656197753386,421.7518351614344,9.058941490222615,2.760462984593053,548.2680172942738,316.4656953445546,,,,,50.801766455318976,14.611075296762046,68.1988582688189,14.609450415736864,835.7900735077849,203.66238629966185,587.484524394034,440.5647639853741
70,2009,52.95716787401479,72.16638470767097,3.27258075541112,30.278221557258146,718.5626421321501,148.54110334886602,0.0,0.0,1361.283325685121,1010.3149438713806,,100.92734292288036,191.40845173690272,73.27668559174494,108.16923266461342,111.50499319347482,931.4398370951344,382.2405308126005,8.919998240390676,2.70084720976601,543.6233902371217,312.68619708777936,,,,,49.159022818636245,14.293815921866942,67.62147815115598,14.389131379094248,798.211289500496,193.99085977129369,592.405872177074,436.8515229668346
70,2010,52.325078887594174,71.43761073554974,3.1599285883038006,30.417423363166066,695.4576513283715,146.52323321613403,0.0,0.0,1287.0927240299138,991.302799196548,,102.60498904425172,183.20558197299377,70.83027322483123,108.5690931602433,108.56478437799682,798.393733602882,333.2373151356249,8.753917954628447,2.642513007208959,531.8983126624523,307.4388110449141,,,,,46.43810214350529,13.998188820950208,66.38374545629227,14.200233005593248,751.2414378156042,183.8782679052716,590.0916368476587,431.800807618554
70,2011,51.5271011782878,70.81865831773848,3.0637365805576704,30.82222078621115,671.1063044531298,144.77256042229757,0.0,0.0,1217.0081567880782,974.8858642892636,,105.03801198604975,175.854128556107,68.35203561747578,98.25780991309922,99.9614912737181,694.7801339487473,302.2632922895137,8.37503865146148,2.567094684364836,521.6354934958234,302.2609140024619,,,,,44.06099729705653,13.844103335865148,64.53708501077209,14.028538669285068,702.5268066762854,173.4157982339074,586.0488880030325,426.9196761239582
70,2012,50.60200252473608,70.23248706871311,3.0049961498534,31.082943968679444,647.6731558882332,143.79170167932605,0.0,0.0,1174.4564579486266,960.028127347992,,106.64268078125362,169.72260447880302,65.72269737468008,87.96592983774302,90.92136178598874,676.7393547693457,306.14966610943804,8.151146676637607,2.500162334130027,513.9846772297487,296.82785083640994,,,,,41.83981967685312,13.57947301768873,61.993861651683495,13.792184202140511,657.8158323836722,163.28581504614786,580.7999021201666,422.276818659088
70,2013,49.72111396616322,69.73312240619208,2.950763539769662,31.356513853363484,623.5649151277872,143.3320032166095,0.0,0.0,1128.7919449371927,942.7955960286956,,107.7391899082932,164.03451879641312,63.1237485680632,78.83194502816214,82.47756570578439,657.1812034058687,322.90924638201903,7.789312383722685,2.400872191531179,506.168870849743,290.6517325657234,,,,,39.69763744606279,13.339591023558723,59.17022275975063,13.531872585997686,609.8430269197555,154.44613241234683,574.377597790664,416.217710704469
70,2014,48.48594391463816,68.84520404153972,2.861353933032672,31.48293117034314,590.4800367521185,140.90541503368766,0.0,0.0,1069.4887002537052,920.3076039646264,,107.74150998998456,157.38533478463765,60.26845110711839,70.83172474118876,74.83271901389178,624.7624993746158,339.13482434922986,7.474729443592178,2.2986181602920013,488.7343358653378,281.87805486063047,,,,,37.48419614265186,13.071548920767826,56.201531079514325,13.167202553181578,557.5425229335332,145.75267598176373,561.3458939267206,407.55362185141786
70,2015,47.47437398651754,67.70918484679626,2.762977882840357,31.396141927826417,561.0863380097132,138.10068196455202,0.0,0.0,1014.9383823509716,890.1434210778748,,106.20913778644214,152.2583485966808,57.64212364336844,65.70723243431317,69.88657246786958,596.6636973660508,345.4407086911611,7.349884363662766,2.2205181610576696,472.3333608617456,271.2057418404891,,,,,34.926026204431075,12.774658248342329,54.17386518938249,12.7544076138773,512.7296136626101,136.71205487411598,548.9390034785588,398.21829300685965
70,2016,47.20470087643651,67.27313993514656,2.7196830512070216,31.83882408642601,542.9037900898409,137.02333331029809,0.0,0.0,969.0629706141074,866.4866945728298,,106.07818915389846,149.49760696720543,55.97684332058663,62.1966431847482,66.40187157458318,576.0671032154531,344.0369932841379,7.1423753812618145,2.1696288540428497,461.8931476191253,263.8932524577669,,,,,33.833522981512,12.721200631815128,53.454917357807034,12.470406578864552,478.9419465168695,129.63720599591045,542.0949596785994,393.41152799282264
70,2017,47.70007484055791,67.43060124273977,2.758745796767055,32.63776029373489,534.4769309547212,138.98264939646162,0.0,0.0,965.2639019278884,859.903795978938,,106.83509035766886,148.23086889898818,54.926438501962984,59.645427073866635,63.74443970684678,566.0039665945557,344.1657274845779,6.949121793175295,2.124365094052887,456.86641059334016,257.82022113149947,,,,,33.770655734444524,12.783404050342403,53.64991915200411,12.327312198129144,452.13517783038606,122.73077044895771,542.6984403001084,389.64774039297663
70,2018,48.403190909055056,67.51664271036657,2.863434953647878,33.40367991323893,528.7650517786615,139.91224203698405,0.0,0.0,978.8496303895628,851.0997736749291,,106.53748966941204,147.53869883306962,54.01061081069894,57.94803094774361,61.18201175166841,579.1776140378029,353.0835832145028,6.9485975923567045,2.091601559995981,451.0386241842895,251.44332094351623,,,,,35.22841178431524,12.844898992484644,54.09650683112289,12.199013992916818,433.0326190721534,116.03557406501568,547.3421147230014,386.1597081151346
70,2019,48.389248636795095,67.33037788840574,2.938515066608564,34.086062313965606,516.6886538928823,139.6952594797946,0.0,0.0,986.9325632383348,845.264304355709,,105.43280380376652,145.49672030391162,52.96754635173196,55.63775831367985,58.580208883853125,593.9734199011276,361.9435979391864,6.995813207451874,2.0642419985457945,443.8525235477199,245.5707175928178,,,,,35.5704578092794,12.840977684361883,53.65402152530197,12.04325988914219,412.77360048889494,110.35043090774116,547.8953441559235,382.05195448068866
70,2020,40.42644245576146,54.11935014823813,3.3407856151405055,38.49708132725396,399.78926533746966,104.89665675772792,1971.406188105378,1666.078899817217,1086.0068474760312,919.8932165885816,,115.4684715457721,123.5224287627556,44.14320807223534,45.15944297148259,45.93431288991778,533.2899973330104,307.09775709819024,6.033210119966929,1.6723005947509106,344.2058012416528,188.64498157462484,,,,,39.94819568453499,14.281719877540125,44.00148449516773,9.613283804853076,329.16029132255767,85.1402197257565,477.9539596316041,306.8979413281411
70,2021,38.00714274438124,50.69720132448764,3.658692064155519,41.18800897024165,365.9790956979615,97.9758482957201,3187.499556846714,2736.7567888148033,1172.789082888835,965.074823178502,,119.78980324756812,115.75324942969068,38.61304864347159,41.18386481123379,42.53069721485751,525.9903307016913,305.85841378903496,5.534264921203552,1.528558050974276,322.9582617795854,178.4260824934296,,,,,42.598771723691584,14.86775133671171,41.41209582926806,8.93294086598846,295.7839561716246,76.82434557281323,445.22725694593095,281.5233626830053
70,2022,43.24727336185705,58.00483995372375,3.676219847250479,39.92040987003498,425.97287124884554,118.87074445759406,745.6163222645475,709.0655709478555,1156.3402306197677,917.502975289833,,112.0007513002709,126.01870270931968,43.78811031034068,45.82628350401169,47.13286639185968,573.4624292661852,343.3227373072825,6.116977558143005,1.738327878198938,379.1444451239279,204.53303258953423,,,,,42.12429536516391,14.131571252930652,47.263334734108014,10.032327344584534,328.7983024782845,85.01419595899158,501.98019430449864,324.8972258114513
70,2023,44.4206123970156,61.93444786046584,3.680021651421722,39.7255924129036,467.66562805910706,131.2577460183456,153.89725284781628,151.99161580483235,1130.3475718146922,891.8473997236607,,109.50655579333564,128.60908477259923,46.055870593095854,46.0874117742706,48.90835837254863,582.9311448960026,365.42979880993306,6.214436567307786,1.8663277476495104,406.22230555427575,226.4533578697152,,,,,41.24178464510056,13.811194590685922,49.02846009079681,10.68784398124719,329.0381542313012,90.17343977704869,517.5902996210472,348.00529933213494
75,2000,115.15732243923408,159.1189494728614,3.877672464191392,30.17770144914763,1145.8006235919631,229.74739143736596,0.0,0.0,2178.086640419537,1454.718057861019,,71.8981473574909,279.30552045381245,108.18684147846548,214.62762531571855,243.1020167314581,787.8888635518407,396.34368581356733,9.605285547775075,3.201728787928438,918.5299451659322,550.8063192789089,,,,,66.56611614838,20.78183936419598,86.93267775689397,16.755096782689588,1000.7403787670804,304.9399944954182,707.5186308073897,562.3154919601635
75,2001,117.0341129362636,162.19862832208727,4.0626991229695175,30.907417124112555,1158.6737638872507,233.7616793067661,0.0,0.0,2275.5487666867525,1496.877191272052,,79.11373263041972,279.60996579728794,110.21129328868308,215.54038813836544,242.6395979540027,961.1700117868484,494.0388077866847,9.165681138787148,3.0171394906942135,920.1481387124212,555.4935661103501,,,,,69.72908352590467,20.892626519649525,88.94270663715818,17.061860947115434,1028.9703018662146,302.76906121540736,736.3589501231592,578.9979763986173
75,2002,116.77968231945916,162.14217845329836,4.1378838127358195,29.69686667917822,1151.024778488725,233.77388002427955,0.0,0.0,2299.0770497323497,1446.5502379361494,,80.81364883413511,275.2238063500346,110.05004208463588,193.92842970503708,223.42888732041857,1091.5024208299478,571.2308059467796,8.29113833408054,2.6762530128294633,905.452226631567,547.924398179182,,,,,69.9008491746028,19.74470232646858,89.33101679580977,16.996689872496862,1037.0005155465694,292.4077605152475,752.4356730538574,582.5258128249525
75,2003,116.92925635532998,161.9180002521339,4.2616359099919,29.79494257782495,1149.5261511666736,233.28511712437873,0.0,0.0,2341.665882991128,1461.0966185948591,,84.71822449158368,271.3834530390464,110.1165822768399,184.7398496231103,214.52434036096105,1221.1381420088137,645.0892046778886,7.898247608530582,2.5023801479905443,895.9938982189278,542.0260531546043,,,,,71.85823748376684,19.474142044222063,90.164086387775,16.971479130234545,1057.5199378202256,284.4675905125222,772.1692628584282,587.6635295504384
75,2004,115.97609823067098,160.37836518382215,4.292755425517745,29.480966600333645,1137.2086562450502,231.69917064575543,0.0,0.0,2353.9817317695984,1460.012685593498,,86.08622174963757,264.91246798841286,109.4848866821455,175.29083998370052,205.41615554807868,1274.3576137092728,677.7349858374787,7.665057110633226,2.4630141461676285,883.2760264575459,536.41166482864,,,,,71.60221903209724,18.816519394624855,89.25191632602728,16.681225937080438,1068.769834140338,276.4170760192227,779.9404802273335,591.7489404395176
75,2005,113.1236007640054,158.57144076249068,4.115379145691873,28.525823364332485,1101.8965315873036,229.20117814008083,0.0,0.0,2243.1921171714835,1419.7689983105497,,84.80524845610586,253.8333747028729,108.69399023664629,161.6182397960864,194.5870597735791,1157.2700900809746,624.9720698648961,7.635805383655178,2.5142040942568418,857.5462315431784,531.3469940787547,,,,,68.35738384474617,17.831115841675597,86.75207498478967,16.459326554591996,1042.1522485713922,267.5353057511747,770.7241681552243,592.696252162249
75,2006,109.2054125127093,156.2887409203509,3.798690498943752,27.718934699650525,1051.8043124109695,226.72108189411225,0.0,0.0,2056.141729993757,1380.6570307272016,,83.63332736583081,240.1099815578629,106.75976031826656,149.198749308788,185.1118649486651,957.6147711921988,513.5371273297935,7.271483682066378,2.5015624726557033,827.7922449493052,526.2615618698089,,,,,62.95434742038192,16.996981168510324,83.64366770254502,16.20477201736973,986.2218642557636,256.5497100211916,751.4383156006754,587.9769083145952
75,2007,106.301743448137,153.17504765048795,3.559567718788484,26.553764314154495,1003.1938652640496,221.2768250791843,0.0,0.0,1913.867607283827,1313.3915077278332,,81.42360102695535,228.61808083149307,103.6680577503748,148.00099554596054,181.47278941990876,898.0520540635285,405.84523430871064,7.081566660263688,2.4776928889881065,805.7725080710366,519.0418164860683,,,,,58.56798261256459,15.975230888329213,80.55985587105019,15.83489294451624,928.3094441569872,244.38455346806225,737.8262619642451,579.8336611729998
75,2008,105.58908582944098,150.12583237426685,3.5211846834685394,26.11511643242683,977.5516201373198,215.61851209371395,0.0,0.0,1866.002298384879,1280.435874753578,,81.54650530749306,221.6895747542023,100.07501352396532,150.97727743341352,177.9446583601377,902.2368668597954,339.3022029092546,6.9792707949990405,2.4249107839114012,799.252817947815,510.68810516784487,,,,,57.042728233236744,15.396988474985823,79.57781197608274,15.510737473412826,888.8231671775114,232.31339336815137,739.8378677271565,569.7357878351498
75,2009,105.50897186832148,148.4886195753978,3.499893260187692,26.23529113728417,956.1833646268988,212.47322481349747,0.0,0.0,1823.6009544064568,1264.18129487979,,83.05019966400184,216.70935642924567,97.0934255371927,154.42415144778448,175.10059302504527,846.7283996810651,307.88042342537153,6.913032103248986,2.381035600233187,795.850299363632,506.5150097967102,,,,,55.62919800908324,15.082163355739908,78.98386874992256,15.332612515432253,850.5398809448607,221.49450060455297,746.3898793375047,563.7711741118438
75,2010,104.56250596514334,147.0068022223437,3.3992988461614844,26.45168339676924,925.6975413255376,209.77758490341628,0.0,0.0,1735.353995621988,1245.4716790890234,,84.67277791196699,209.2116276577972,93.95496653743292,154.9541588709905,170.13425126879687,731.8109868776164,269.5018936950842,6.8406788766861295,2.3370919057575,780.9975496365374,499.9543327644334,,,,,52.90063995235706,14.814147641845912,77.50829203067812,15.22536561991881,801.4677456469703,210.4665137875304,746.4218680016266,557.2700770414772
75,2011,103.54623619180887,146.20438591296465,3.3119597754749446,26.928764133403455,897.2918710955779,207.696228016992,0.0,0.0,1648.7005380717485,1232.1039744789275,,86.95688998130362,202.6174802248164,91.19477382953976,140.5983402129603,157.1016286086219,642.1897941216068,246.43040126486912,6.606502370177209,2.2823771008042417,769.4294822295012,493.9858777178546,,,,,50.432614896853174,14.728499984011895,75.64817883149163,15.181268544291855,753.8335341074585,199.22515781538843,746.1283928159513,552.1844974448167
75,2012,102.24155378227024,144.8254465365284,3.273920828921036,27.292312357450104,869.9356985858905,205.95030715178748,0.0,0.0,1602.324808412512,1220.805437145444,,88.65140144418233,197.15566017570168,87.84710525882689,126.64747616313105,142.62551836380038,632.6158429029914,252.50318740350787,6.494498300300352,2.2317857135639967,761.4390764780395,486.91269691568,,,,,48.188378529265776,14.521182400803625,72.87594893598342,15.052673635668793,709.7476105362813,188.00169326722303,745.0881451416578,547.1434669891413
75,2013,101.246607100415,143.62296646225064,3.2324516101839382,27.708118769629756,843.2645229238167,205.27353726017787,0.0,0.0,1548.2687522791675,1207.7654839598545,,90.08981440960136,191.89722658295435,84.72404196732171,114.17951837620204,129.57977192098812,618.7843916638483,268.3956393768197,6.260792322697056,2.1557927489537323,752.6797919904202,478.42946537338634,,,,,45.96137317223292,14.358809936529576,69.90128899457682,14.94203523765928,662.7665824890166,178.08411154421466,742.0675155170533,541.7231118749307
75,2014,99.34753416814502,142.38586185763685,3.1518348471969717,28.032348970913393,804.8804551377724,202.19910356585672,0.0,0.0,1473.2678205269897,1190.0069060869089,,90.8220375063214,185.47401341547615,81.3742823217638,103.30780160783203,117.96043878421982,591.6762921062152,283.35965020610155,6.080468369287462,2.0758994168740403,730.1892753507155,465.3423769345312,,,,,43.589569229837934,14.173178214980966,66.79562862336358,14.736146780412552,610.354759885731,168.7925515280851,731.5105250776122,533.4081053812504
75,2015,97.86015671043792,140.78417705603678,3.057160669419009,28.16618126223068,769.6462398441973,199.2682918265629,0.0,0.0,1402.4002926180972,1158.993310299331,,90.29124281534784,180.1030990611331,78.1260945754017,96.46026689122668,110.98821235438636,566.5384046306123,289.23401889442965,6.02788850721004,2.014620578131736,709.6930639542614,449.44142207369293,,,,,40.66101002509848,13.942519211533948,64.75024253436567,14.439127923376748,564.5398756954628,159.27746600778806,721.2333148753078,522.7775634259382
75,2016,97.787426063883,140.91575287915808,3.0128148600877265,28.69539579858459,748.2991996740519,198.91194354474175,0.0,0.0,1339.9673631909466,1134.1230451955655,,90.64395660021287,177.86716960852667,76.20229159587224,91.68347886965012,106.13839432762316,544.6852414256158,287.9985049760937,5.899135724037781,1.9776850691005168,697.6178549190871,438.84899641825706,,,,,39.37236576614642,13.94500662523257,64.23960757289397,14.256141342527664,530.1352983729282,152.08209567660367,716.4204840273579,517.9972231793735
75,2017,98.92942102874088,142.13392890801066,3.0421395282305452,29.511517804418364,739.1547694843308,202.71643333925184,0.0,0.0,1329.115521374318,1130.805329540428,,91.5548240146939,176.75416434171956,75.12054163733069,88.39547123825417,102.3241761901152,529.7965524072332,286.57844500469514,5.751706738134597,1.9481710179305676,690.8272978807463,430.6264050130992,,,,,39.10064886969668,14.04717626227204,64.77800999028483,14.16574573023718,502.4388501999215,144.97575077517382,719.1591285519369,515.0178550608581
75,2018,100.16430260381766,142.99889548156764,3.1388398428987068,30.326187667093546,733.7807675868249,205.00474735142444,0.0,0.0,1340.8510698255666,1124.3881345461164,,91.53522217087968,176.18256132058426,74.20378773704161,86.10397033396076,98.58627716770064,536.5169170291999,291.9352634466407,5.764072392042403,1.9292580486301396,683.4235953589896,423.1946480496025,,,,,40.526965389016326,14.180347458167295,65.506832240874,14.08852559658192,482.57704162574385,137.97545133120082,728.0231416659535,512.6881850190272
75,2019,100.37043792881188,142.86990828145426,3.2085498666351384,31.013062812752462,721.7713743587772,205.38243953930947,0.0,0.0,1347.9664553647162,1119.3051305792037,,90.63046206010944,174.3114886468257,73.01250945904803,83.04786590582094,94.55838849295112,544.8848493666602,297.2107283711679,5.831144839012846,1.911580311926436,675.648160145939,414.9760636018479,,,,,40.80985472690117,14.213383925503985,65.31665429233597,13.95646993558768,462.8390989324098,131.77359222831888,731.479896616788,507.782684451647
75,2020,88.89701283184645,113.581603569295,3.782029420560887,35.18944795359679,592.3337798044055,152.66375390466266,2428.7348946747225,2374.826930974957,1536.8376090591726,1225.2268674919876,,99.7748674306624,155.82414242957526,62.97838680711282,71.53024029632778,73.39378302425965,486.6138003659068,239.44866608915777,5.266066789075398,1.6290171750589295,558.5487226484505,321.79159752634445,,,,,47.49737524300404,15.881432073092176,56.354402803222605,11.009738331060628,391.3811050858672,100.47557461713814,667.2901799617728,429.83641985387527
75,2021,92.55326387826626,112.91501513268555,4.347678805192818,37.86242295903851,601.809031226793,152.03677805605545,3615.956286011253,3563.5169265426493,1739.2207339805802,1292.7707153415188,,103.88891266047771,155.19007272129303,56.74768919594003,72.63693281431817,72.09294024400934,491.80872517094,239.28393570484593,5.06204726593818,1.5224943419497228,571.202204819317,315.8472911415709,,,,,52.999877668141174,16.645001671769645,59.096794176266435,10.94574917044386,390.4259728757316,96.69576320838269,649.5704691358585,402.76880760363304
75,2022,87.09178878977617,119.7140341528964,4.032215640201436,35.95318377375627,578.0032471153172,171.16394564832908,1040.07893900179,1125.991887893464,1582.5540140747075,1206.2776455352334,,95.56261867438094,147.91675468796677,60.427116607480144,67.01536742676551,74.41826909547711,497.080588334432,266.1086426167403,5.057195930415146,1.6440368973906314,560.6766433667352,339.0191443450961,,,,,48.35567997254043,15.517287976658082,55.401911304045136,11.403806815363426,357.3167858281062,99.36805719913446,659.5464147928103,438.5303943493065
75,2023,91.43061014256554,130.63655130865175,4.052073804146304,36.70983114178289,644.3768918362834,192.706816462522,217.7041881132095,287.99378555256686,1555.7059962043488,1201.0338004494586,,95.69280813050754,151.5833796793534,63.70102014257713,67.58537746142223,78.24716415877528,498.9731790862776,290.5175328550084,5.150086805874582,1.7599242217563456,607.4997057014644,377.46796119743385,,,,,47.65543544338453,15.513455808109232,58.51644608657013,12.46913623179992,363.9728032638306,108.04721910239311,679.6825380057352,468.09368652748594
80,2000,558.5483680693877,788.1559962449574,5.465349519968191,36.89450807543921,1544.557465485625,337.26314440098685,0.0,0.0,4312.555833020506,4026.751574901801,,68.65896232601501,275.99838720715604,127.15018579307622,381.16505219624054,477.38260140398927,205.08860347851305,38.86900501097528,5.918390854060781,1.9733326924470704,1638.0308924994818,1153.7883214486494,,,,,93.28969004536336,27.2375873603866,93.22527290233934,15.1489852234245,1030.913579059522,343.04218939278036,788.5497158265198,599.4812732050904
80,2001,566.1960871933071,802.4402849461086,5.68016306159494,37.01707103769341,1562.4687408003049,341.0064176000306,0.0,0.0,4490.685173701307,4076.835157344623,,73.84581047259718,276.60863982077973,128.72318315070345,378.9199852917235,470.07669945865325,271.2763576217084,59.780897023514505,5.519512246981538,1.7983277869133678,1648.7927571507687,1160.9200254152138,,,,,97.05863279379652,26.87589580003818,95.31765338619088,15.362924081197924,1060.3131628310643,338.61438013091004,819.9590223258178,613.1735678572061
80,2002,562.3659489289258,808.1285065966757,5.746833729833214,35.9168013367067,1547.1782816507548,341.587875891386,0.0,0.0,4532.776140817675,4016.1922310196505,,76.08506243078955,270.8955752623484,129.18637459782093,343.62190150840854,439.1121329870179,334.7943685337166,84.47874294515042,4.847187375142218,1.5630159338292913,1620.0531433065264,1157.0731481975322,,,,,96.77993142978724,25.81345266831986,95.24793765771568,15.358223341634732,1064.7012771238324,327.84102351536353,833.281852099055,621.1879026990088
80,2003,560.9178417386797,813.1542728310524,5.884001838658968,35.81468643869915,1537.8917380043472,340.95508684622484,0.0,0.0,4633.909932649289,4071.109078769402,,79.2829009861946,265.4486845870482,130.10466792522803,327.4831844257712,422.3194142608715,404.64630428083905,113.94661378934984,4.518416047845089,1.4356014502333692,1603.6383606348352,1155.7715029030437,,,,,99.21671985743455,25.43275843677647,95.60273423623958,15.38591825423867,1080.5517448218395,319.801357434373,851.5185610638283,629.6547991541921
80,2004,558.8132095400135,815.6512942961814,5.961728297321623,35.62557477591216,1515.374003490124,339.226551725945,0.0,0.0,4709.117556206295,4126.543711446685,,81.0358819646057,257.9515395677421,130.32723066134696,310.70159838891806,406.55955213222154,454.1086548889488,139.81842851491086,4.340856075841281,1.4013864698335152,1585.34499679051,1156.3016838192354,,,,,99.3611433185694,24.82086727407683,94.2265047216009,15.24782511267548,1089.9698522803135,312.618601693745,858.5155486292217,637.1385118398902
80,2005,551.9272241908924,816.3644076777863,5.84522261000481,35.28297265841186,1465.1665800666722,336.2592840939595,0.0,0.0,4619.244580498853,4139.257023536187,,81.61889830837578,246.79010783005324,130.4784995063149,288.60111976751404,389.3068491215926,444.9612845967613,148.1510070285668,4.316086219192356,1.4315339795347533,1546.4625904930645,1155.6974147625706,,,,,96.98693191279328,24.157519044605586,91.41038828533684,15.123102129471766,1063.5287076320344,304.54738428553196,847.50801146441,642.0433603658785
80,2006,543.9090198780268,816.2217814585683,5.585979404039779,35.094390484339684,1403.772672460916,333.7397828828826,0.0,0.0,4419.781456211572,4143.7995468327235,,82.23355933720383,234.94735563167964,129.34875264023782,268.8612078074418,374.6569552860687,399.8827371035198,138.49099465298127,4.116335003038712,1.4231850693967412,1504.973579013593,1154.0218684629194,,,,,92.80523113389346,23.614845012864727,88.24179226678972,15.012268007235049,1011.5308435818624,294.85519054528436,830.8096335431583,641.4633204946183
80,2007,537.0541372971098,816.5025395997516,5.372409819574802,34.65427421280671,1342.7415812516658,328.84789540186796,0.0,0.0,4252.404386199083,4087.3054836758406,,82.2921730488259,224.0676423644824,127.48210115841286,268.6530488246126,372.73916815125534,405.2594479331001,123.18642251234556,4.0040387217741475,1.414744876151078,1472.958143854233,1151.9972570542184,,,,,88.88930234076857,22.939318149663823,84.99840078397011,14.8671175541255,955.135625727958,284.4935351849771,817.2765323486944,639.6009385692925
80,2008,536.6042718489841,816.9448985447218,5.330303704931382,34.594953887495855,1302.6521454421922,323.8698624826383,0.0,0.0,4174.852690667939,4059.711100174372,,83.55231446111418,217.09584594359904,124.96600879066592,273.5253043130352,371.3658451151686,431.45407971171903,114.70617403737548,3.9294121088106584,1.3939511712422743,1461.20883679572,1149.9098971444917,,,,,86.98673118982694,22.500336183854692,83.53609045205017,14.767176180617003,912.4533895842748,274.3325528798394,817.8960065654287,636.1867644234143
80,2009,539.1635690793032,822.9190914681045,5.334298931955963,34.919917977243024,1276.694239987203,322.3341865489371,0.0,0.0,4111.005527911319,4039.849859468475,,85.59506235074807,213.2342773431045,123.20957613390812,281.0159494052165,371.0665493917213,426.0321438176869,113.59803944697305,3.895580994382992,1.3731168154345677,1462.8001460955206,1152.421385150465,,,,,85.28646350114481,22.225020510970214,83.08716626045944,14.796139297940346,876.9275113197075,265.41487048963137,827.0121376926784,635.756169031941
80,2010,540.0497378359233,826.826464535935,5.26332514571779,35.29923292082999,1247.2490456499502,320.9792684486007,0.0,0.0,3975.531350236667,3997.2687561738103,,87.61437072004927,209.0912516378589,120.94708803256287,285.66379214090927,365.5398948747656,388.35324534179495,107.3972916695538,3.889490285024792,1.3558493492836807,1454.2949330981935,1149.6379629658345,,,,,82.34711724447763,21.897150721573237,82.36750067576271,14.876676623710477,836.8760153962402,255.05906757088223,836.0797597424861,634.5611675238835
80,2011,540.6784952464777,832.003776823775,5.206931904738576,35.909307125601835,1221.9985325206792,320.7021869653321,0.0,0.0,3833.516796738307,3951.640231789307,,90.09151721900446,206.0756012249639,118.78292376365404,263.55674026251336,340.82068781463806,361.0040480274598,105.50647167277076,3.8077970065403046,1.3335860336266006,1453.4330470041932,1148.1227152740084,,,,,79.51765551336142,21.780403278120605,81.30804028667872,15.017601583996228,798.5096074740619,244.14234574419592,848.6988272872075,634.6414528518917
80,2012,538.6877520655542,837.3388626429378,5.186515072015689,36.42451894280596,1192.261672036357,321.9323228009052,0.0,0.0,3755.311019616436,3921.698513917633,,92.11255940895234,203.52364233442768,116.1253073924543,239.7142635364889,314.151368836388,374.0230227201485,115.15455718890011,3.783255232689059,1.3153542614015885,1453.163251821008,1144.9331275281263,,,,,76.58597895449702,21.516090921558853,78.69913820881716,15.13444703079254,758.7620689609548,234.1064270998438,858.4757313830887,634.5029982717955
80,2013,537.2218506120822,843.1477622868713,5.155411903262357,36.98436892589544,1165.0039553016918,324.0708629104322,0.0,0.0,3651.5012698268774,3884.401009111828,,93.87959175683866,200.65543283336916,113.25296231114886,218.3100013255458,288.89065726786123,383.6052695597525,129.98000126034256,3.6925677538092265,1.2860835698531117,1451.460549230396,1138.529881145903,,,,,73.3456706450332,21.301490723522043,75.87213342283754,15.231428467693878,716.8767770300126,224.9213067823921,866.4896064421222,635.1702785971308
80,2014,533.274819288259,844.7881122400119,5.066011689472062,37.384235072879406,1126.020822729166,321.89790913711937,0.0,0.0,3502.169645411729,3824.2072938390465,,94.70794974588247,196.96980947546203,109.97133791409593,199.75795005836173,266.2192378065756,385.3318204519314,145.36921065200454,3.640397090867264,1.251779939814257,1424.9929999535782,1118.693021058894,,,,,70.02971026076268,21.03606695230232,73.22930716971578,15.236383646967989,670.3479207204897,215.87497384050104,867.7254521465974,632.1222845500552
80,2015,530.0216104387451,841.5064439847246,4.941550008653981,37.59500965892734,1087.2522349143887,319.4513280370406,0.0,0.0,3351.375679858575,3726.740928422521,,94.38580144030428,194.41503632455064,106.84195696230272,188.33882076985984,253.20725089521275,386.8947100242682,156.73318895392646,3.650197297836087,1.2294995472852304,1396.936667360654,1091.905096090456,,,,,65.72614114603468,20.721692882713192,71.6072395395314,15.098424723608307,628.6200327682442,206.117004843622,863.3409579499959,626.2344824487324
80,2016,532.2953432099843,844.4456218284391,4.877771276953867,38.22103362574894,1062.1777272592703,319.5573302121557,0.0,0.0,3203.5215133781903,3628.967752479291,,94.76502657042276,193.2366148312257,105.06466103253922,180.21251535804456,244.01876400962848,389.2003289708795,163.92626928626763,3.6016670209414654,1.2163479778149175,1380.8904120278871,1074.3510003560948,,,,,63.748766031837675,20.68978205347877,71.41871070815566,15.04602723646214,595.0637371786999,198.1087067622356,862.3753552953948,624.4069717128181
80,2017,536.9881911859593,848.3742360964819,4.880823867532434,39.05177635985525,1044.2785607409764,325.5003682855434,0.0,0.0,3145.6532846062228,3577.082105230484,,95.24203906509968,192.43073384378928,104.03171452027286,173.2465155502011,235.69344213949765,393.70154556258456,169.91196732371833,3.5118159826097477,1.2028415277552564,1365.6952278260276,1056.4703582741831,,,,,62.74083110410563,20.647108179164903,71.5754364699542,15.021222185808153,562.8970853592209,189.44307051031143,863.8272258905815,621.6747342706637
80,2018,543.4264811180378,852.9485669011976,4.957228303998501,39.98867311609761,1030.9170380005953,329.42732701377673,0.0,0.0,3122.05713781247,3527.500484526541,,95.07538435227092,191.8393172219039,103.43335551641164,167.3503976218447,227.6760013459667,410.8725240290258,179.62046903164924,3.502778305355953,1.1966776408281563,1350.6472343289906,1041.4068985963777,,,,,64.054608028279,20.713160706408924,71.9168296083925,15.024807138265666,539.1613214254052,181.3205727489378,870.4627352102696,621.6760726673516
80,2019,545.4191300864329,853.1933482160376,4.989513538629366,40.71153250744719,1012.2898616277604,331.3668354423312,0.0,0.0,3089.884235295464,3483.9892040430677,,93.87034258164871,189.9603371017226,102.23111612766812,161.49501834442506,219.42921781762016,425.9320846067222,187.22815425489455,3.526513723073161,1.1892199580229017,1337.850463198066,1023.089889997156,,,,,63.522889601837704,20.639276000982104,71.57210728281794,14.993180196493642,517.4376336441796,174.48019053182233,872.102914683332,618.269420210903
80,2020,474.87863212564423,696.3445699246378,5.746560873181176,44.97701940514002,794.1586743152876,249.84933402407276,3705.6707904110967,3359.577021537561,3429.4337064459564,3735.490663153469,,100.41308122586416,164.57465096368082,87.80650730095859,134.90093529238928,171.6893880501125,383.9364634115624,164.69278817454438,3.131084836408524,0.9659498764784,1070.512305311946,829.388062894009,,,,,72.44740829426321,22.561528660834067,59.59582475174233,11.948664873306646,420.6412913221754,134.93442727015878,772.2317099031698,499.93842797640696
80,2021,539.0387670689919,791.270852186996,6.782519223525241,48.42140202638762,873.8158957151354,284.9606480355405,4359.981208909057,3543.270951888476,3960.5877992638384,3859.312871075169,,105.466057110266,167.75522898865677,78.96140694769709,148.96111567908807,193.1155259426685,417.55374621972607,184.53023914896613,3.023926213737846,0.8932820766032564,1182.1819753342008,902.5748979842564,,,,,82.96771077873252,23.297916914181624,67.97888480714708,13.801016737913889,457.4125062071415,149.92489942159372,754.2256551396239,455.3497616697811
80,2022,437.7831434922518,685.1017424689792,6.2258992904300285,47.27163833832761,756.0138365529559,274.47889508451937,1935.041174797448,1790.558742995016,3591.1805192078054,3728.684919653541,,99.5943011255585,157.86356692935126,87.69308979701873,120.29283838640184,167.5204507301195,393.90923133736254,185.9772471691759,2.997899440053154,1.046349883844587,1058.7690621906963,859.097234987894,,,,,74.74230279148038,22.485062277826433,57.59635451103432,12.322566056133116,374.82675888175066,131.01346118814317,776.271260522147,546.1966944555994
80,2023,462.2424293879122,740.1399448366285,6.011183843412895,47.34098635317793,846.6202492002803,304.85994881236724,465.7791943099581,558.3101428082649,3397.1595791750665,3603.676715983082,,98.35048347301738,158.39225356069178,89.84869041390728,122.36881854196604,175.70025901281383,393.89032704130113,191.21000017574855,2.948471793928675,1.104426857899219,1129.3771784563994,921.1898222770744,,,,,70.79276434095017,21.92719733770973,61.192474966452785,13.308858459481431,385.1919758601693,141.3379803124981,780.2648272758976,573.0248610879905
