Year,IMR
2008,0.05156757473321402
2009,0.05130572408335531
2010,0.04988458579122852
2011,0.04998393832316094
2012,0.05063126382923337
2013,0.050408189711027604
2014,0.049939020476282174
2015,0.05044414186604422
2016,0.05013855771089772
2017,0.049868598166784184
2018,0.05092289566697212
2019,0.050598335067637876
2020,0.05070055392636038
2021,0.05046704722366373
2022,0.05132941875041235
2023,0.05221126098919535
